feature,standardized_coefficient,odds_ratio_per_sd
MCV,0.29524828135508135,1.343459873319676
MCH,0.2802386981159133,1.323445678627595
HBA2,-0.005770849098370021,0.9942457702666373
HBF,-0.07798326107705629,0.9249799095813852
