feature,standardized_coefficient,odds_ratio_per_sd
MCV,0.10598763408005894,1.1118081278912246
MCH,0.10453314628868142,1.1101921920072406
HBA2,-0.0006139187984056198,0.9993862696111818
HBF,-0.030615081041726423,0.9698488144329148
