feature,standardized_coefficient,odds_ratio_per_sd
MCV,0.17733915209559833,1.194035984269703
MCH,0.1713079648712754,1.1868562027630725
HBA2,-0.003952917014709604,0.9960548854774992
HBF,-0.034147626083704447,0.9664288240036074
