feature,standardized_coefficient,odds_ratio_per_sd
MCV,0.20765533107600165,1.230788881754116
MCH,0.19943499658039443,1.2207128563418899
HBA2,-0.004889237752894914,0.9951226951145442
HBF,-0.039775042799512786,0.9610055999673669
