algorithm,penalty_multiplier,split,evaluation_mode,threshold_selected_on,n_patients,accuracy,balanced_accuracy,precision,recall_sensitivity,specificity,f1,log_loss,brier_score,tn,fp,fn,tp,threshold,roc_auc,average_precision,calibration_intercept,calibration_slope,patient_violation_rate,total_rule_patient_violations,violations_per_patient,active_rule_count,active_rule_weight,soft_rule_violation,unweighted_soft_rule_violation,mean_patient_soft_rule_violation,patients_with_active_rules,rule_bce_per_patient,active_rule_violation_rate,violation_LR01_neg,violation_LR02_pos,violation_LR03_neg,violation_LR04_neg,violation_LR05_neg,soft_violation_LR01,soft_violation_LR02,soft_violation_LR03,soft_violation_LR04,soft_violation_LR05
Logistic Regression,0.0,validation,per_lambda_validation_optimized_threshold,same_lambda_validation,2222,0.7475247524752475,0.7195263377244641,0.3210059171597633,0.6802507836990596,0.7588018917498687,0.43618090452261304,0.39492493335065976,0.11870081730450505,1444,459,102,217,0.14956009190606337,0.7670787092480609,0.35194899240998995,8.311863319785148,5.772924961818689,0.029252925292529253,65,0.029252925292529253,572,758.0,0.7183171095056406,0.6836448523707332,0.694567042310895,491,0.5121459737267985,0.11363636363636363,8,33,0,19,5,0.8440278195509506,0.14104099066535905,0.7949539305072546,0.8921134340379231,0.8249436206947109
Logistic Regression,0.0,test,per_lambda_validation_optimized_threshold,same_lambda_validation,2777,0.7306445804825351,0.6977657558530472,0.2991944764096663,0.6516290726817042,0.7439024390243902,0.41009463722397477,0.39622047019249507,0.11907363478283817,1769,609,139,260,0.14956009190606337,0.7583292756702522,0.33346332739902085,8.293340608734791,5.758332879817393,0.02052574720921858,57,0.02052574720921858,655,889.5,0.743436856279906,0.7141029927477931,0.7246090993305171,581,0.5004367224312095,0.08702290076335878,6,28,0,20,3,0.8527270728470753,0.13976584543861262,0.7987256952416116,0.8955217707504289,0.8253715284058502
