algorithm,penalty_multiplier,split,evaluation_mode,threshold_selected_on,n_patients,accuracy,balanced_accuracy,precision,recall_sensitivity,specificity,f1,log_loss,brier_score,tn,fp,fn,tp,threshold,roc_auc,average_precision,calibration_intercept,calibration_slope,patient_violation_rate,total_rule_patient_violations,violations_per_patient,active_rule_count,active_rule_weight,soft_rule_violation,unweighted_soft_rule_violation,mean_patient_soft_rule_violation,patients_with_active_rules,rule_bce_per_patient,active_rule_violation_rate,violation_LR01_neg,violation_LR02_pos,violation_LR03_neg,violation_LR04_neg,violation_LR05_neg,soft_violation_LR01,soft_violation_LR02,soft_violation_LR03,soft_violation_LR04,soft_violation_LR05
Neural Network (MLP),0.0,validation,baseline_common_threshold,lambda_0_validation,2222,0.7106210621062106,0.7319024407922156,0.3,0.7617554858934169,0.7020493956910142,0.4304694419840567,0.33054433016348994,0.0987902479725932,1336,567,76,243,0.10811545203129451,0.7997873346324974,0.4570063308073335,0.09388667072711504,1.032172603034247,0.0279027902790279,62,0.0279027902790279,520,695.5,0.568122996140085,0.5402330265440143,0.5440040625209825,462,0.32826978610187924,0.11923076923076924,8,39,4,4,7,0.8979149616702838,0.09513671647895267,0.6362101556817154,0.7072438655214178,0.6507599430914052
Neural Network (MLP),0.0,test,baseline_common_threshold,lambda_0_validation,2778,0.6864650827933765,0.7220304860511935,0.28308823529411764,0.7719298245614035,0.6721311475409836,0.41425689307330194,0.3325799483555556,0.10035161860732038,1599,780,91,308,0.10811545203129451,0.8041193778898696,0.4506453452986814,-0.03220311560466579,1.0000690349617531,0.021958243340532757,62,0.022318214542836574,719,962.0,0.5696527971463355,0.5466216920115534,0.5510221715214948,617,0.35449288845758836,0.08623087621696801,3,41,6,4,8,0.839728940071331,0.09423579426322092,0.6082613657814164,0.7614478305654807,0.6377983304463705
