algorithm,penalty_multiplier,split,evaluation_mode,threshold_selected_on,n_patients,accuracy,balanced_accuracy,precision,recall_sensitivity,specificity,f1,log_loss,brier_score,tn,fp,fn,tp,threshold,roc_auc,average_precision,calibration_intercept,calibration_slope,patient_violation_rate,total_rule_patient_violations,violations_per_patient,active_rule_count,active_rule_weight,soft_rule_violation,unweighted_soft_rule_violation,mean_patient_soft_rule_violation,patients_with_active_rules,rule_bce_per_patient,active_rule_violation_rate,violation_LR02_pos,soft_violation_LR02
lightgbm:single_LR02,0.75,validation,fixed_threshold_0.5,prespecified,2778,0.8621310295176385,0.5867995967219435,0.5555555555555556,0.20050125313283207,0.973097940311055,0.2946593001841621,0.3422905472812881,0.10368537110218423,2315,64,319,80,0.5,0.7870643401273255,0.39911006698904505,-0.1467557152178896,0.9426237736695227,0.0,0,0.0,130,130.0,0.05358785658684295,0.05358785658684295,0.05358785658684295,130,0.002616406473951172,0.0,0,0.05358785658684295
lightgbm:single_LR02,0.75,test,fixed_threshold_0.5,prespecified,2778,0.8732901367890569,0.6047875047012234,0.674074074074074,0.22807017543859648,0.9815048339638504,0.3408239700374532,0.32947357242014247,0.09781791007901397,2335,44,308,91,0.5,0.7974539122080107,0.47328573202738966,0.09913799080414108,1.0475557864503444,0.0,0,0.0,108,108.0,0.05204128400596945,0.05204128400596945,0.05204128400596944,108,0.0021016454335774305,0.0,0,0.05204128400596944
