algorithm,penalty_multiplier,split,evaluation_mode,threshold_selected_on,n_patients,accuracy,balanced_accuracy,precision,recall_sensitivity,specificity,f1,log_loss,brier_score,tn,fp,fn,tp,threshold,roc_auc,average_precision,calibration_intercept,calibration_slope,patient_violation_rate,total_rule_patient_violations,violations_per_patient,active_rule_count,active_rule_weight,soft_rule_violation,unweighted_soft_rule_violation,mean_patient_soft_rule_violation,patients_with_active_rules,rule_bce_per_patient,active_rule_violation_rate,violation_LR02_pos,soft_violation_LR02
lightgbm:single_LR02,0.75,validation,baseline_common_threshold,lambda_0_validation,2778,0.751979841612671,0.7248211954855612,0.3269689737470167,0.6867167919799498,0.7629255989911727,0.44300727566693615,0.3422905472812881,0.10368537110218423,1815,564,125,274,0.1620460991482594,0.7870643401273255,0.39911006698904505,-0.1467557152178896,0.9426237736695227,0.0014398848092152627,4,0.0014398848092152627,130,130.0,0.05358785658684295,0.05358785658684295,0.05358785658684295,130,0.002616406473951172,0.03076923076923077,4,0.05358785658684295
lightgbm:single_LR02,0.75,test,baseline_common_threshold,lambda_0_validation,2778,0.7778977681785457,0.7222232757176674,0.3510928961748634,0.6441102756892231,0.8003362757461118,0.45446507515473034,0.32947357242014247,0.09781791007901397,1904,475,142,257,0.1620460991482594,0.7974539122080107,0.47328573202738966,0.09913799080414108,1.0475557864503444,0.0007199424046076314,2,0.0007199424046076314,108,108.0,0.05204128400596945,0.05204128400596945,0.05204128400596944,108,0.0021016454335774305,0.018518518518518517,2,0.05204128400596944
