algorithm,penalty_multiplier,split,evaluation_mode,threshold_selected_on,n_patients,accuracy,balanced_accuracy,precision,recall_sensitivity,specificity,f1,log_loss,brier_score,tn,fp,fn,tp,threshold,roc_auc,average_precision,calibration_intercept,calibration_slope,patient_violation_rate,total_rule_patient_violations,violations_per_patient,active_rule_count,active_rule_weight,soft_rule_violation,unweighted_soft_rule_violation,mean_patient_soft_rule_violation,patients_with_active_rules,rule_bce_per_patient,active_rule_violation_rate,violation_LR02_pos,soft_violation_LR02
lightgbm:single_LR02,0.75,validation,per_lambda_validation_optimized_threshold,same_lambda_validation,2778,0.6868250539956804,0.7274554608463151,0.2853236098450319,0.7844611528822055,0.6704497688104245,0.4184491978609626,0.3422905472812881,0.10368537110218423,1595,784,86,313,0.11442878489907135,0.7870643401273255,0.39911006698904505,-0.1467557152178896,0.9426237736695227,0.0025197984161267097,7,0.0025197984161267097,130,130.0,0.05358785658684295,0.05358785658684295,0.05358785658684295,130,0.002616406473951172,0.05384615384615385,7,0.05358785658684295
lightgbm:single_LR02,0.75,test,per_lambda_validation_optimized_threshold,same_lambda_validation,2778,0.7005039596832253,0.7250124049088673,0.29162656400384984,0.7593984962406015,0.6906263135771332,0.42141863699582754,0.32947357242014247,0.09781791007901397,1643,736,96,303,0.11442878489907135,0.7974539122080107,0.47328573202738966,0.09913799080414108,1.0475557864503444,0.0014398848092152627,4,0.0014398848092152627,108,108.0,0.05204128400596945,0.05204128400596945,0.05204128400596944,108,0.0021016454335774305,0.037037037037037035,4,0.05204128400596944
