algorithm,penalty_multiplier,split,evaluation_mode,threshold_selected_on,n_patients,accuracy,balanced_accuracy,precision,recall_sensitivity,specificity,f1,log_loss,brier_score,tn,fp,fn,tp,threshold,roc_auc,average_precision,calibration_intercept,calibration_slope,patient_violation_rate,total_rule_patient_violations,violations_per_patient,active_rule_count,active_rule_weight,soft_rule_violation,unweighted_soft_rule_violation,mean_patient_soft_rule_violation,patients_with_active_rules,rule_bce_per_patient,active_rule_violation_rate,violation_LR01_neg,violation_LR02_pos,violation_LR03_neg,violation_LR04_neg,violation_LR05_neg,soft_violation_LR01,soft_violation_LR02,soft_violation_LR03,soft_violation_LR04,soft_violation_LR05
LightGBM,0.0,validation,per_lambda_validation_optimized_threshold,same_lambda_validation,2222,0.7245724572457246,0.7439614401942487,0.31337579617834393,0.7711598746081505,0.7167630057803468,0.44565217391304346,0.3300662611810945,0.09977097385862416,1364,539,73,246,0.12120701258250238,0.8075773774126649,0.4334860029761662,0.057899156950949736,1.0395671156836823,0.0333033303330333,76,0.034203420342034205,562,757.0,0.5850215193121605,0.5599817810186427,0.561413949009934,501,0.37924870900919433,0.13523131672597866,11,14,6,3,42,0.9081746701470013,0.0874963516759041,0.6895806464045955,0.7177630777498798,0.6571873291632219
LightGBM,0.0,test,per_lambda_validation_optimized_threshold,same_lambda_validation,2777,0.7335253871083903,0.7328197491204883,0.31567567567567567,0.731829573934837,0.7338099243061396,0.44108761329305135,0.33042151517575896,0.09955795655206932,1745,633,107,292,0.12120701258250238,0.8043131377645122,0.4475364985010384,0.10658451566239606,1.0421170726494646,0.03348937702556716,96,0.03456967951026287,676,898.0,0.5792923412345554,0.5515268042209166,0.5554850726316053,593,0.35388369607823184,0.14201183431952663,6,29,8,8,45,0.8990944254624673,0.09680224920735091,0.6526035608584465,0.7204567810745752,0.6638396521409514
