algorithm,penalty_multiplier,split,evaluation_mode,threshold_selected_on,n_patients,accuracy,balanced_accuracy,precision,recall_sensitivity,specificity,f1,log_loss,brier_score,tn,fp,fn,tp,threshold,roc_auc,average_precision,calibration_intercept,calibration_slope,patient_violation_rate,total_rule_patient_violations,violations_per_patient,active_rule_count,active_rule_weight,soft_rule_violation,unweighted_soft_rule_violation,mean_patient_soft_rule_violation,patients_with_active_rules,rule_bce_per_patient,active_rule_violation_rate,violation_LR01_neg,violation_LR02_pos,violation_LR03_neg,violation_LR04_neg,violation_LR05_neg,soft_violation_LR01,soft_violation_LR02,soft_violation_LR03,soft_violation_LR04,soft_violation_LR05
XGBoost,0.0,validation,per_lambda_validation_optimized_threshold,same_lambda_validation,2222,0.7178217821782178,0.734801674307355,0.3055555555555556,0.7586206896551724,0.7109826589595376,0.43564356435643564,0.33042241373959763,0.09815765444463619,1353,550,77,242,0.128285657278578,0.795641924893379,0.4673946490942239,0.049338992084993975,1.0494033201657738,0.03735373537353735,84,0.037803780378037805,572,758.0,0.5692867234060804,0.5419351975600208,0.5496266245946231,491,0.3658353822491552,0.14685314685314685,7,25,2,10,40,0.8699418617161656,0.09583926473318158,0.6028279204343717,0.787568141614698,0.6534000179434245
XGBoost,0.0,test,per_lambda_validation_optimized_threshold,same_lambda_validation,2777,0.7068779258192294,0.7339464093370516,0.2987390882638215,0.7719298245614035,0.6959629941126998,0.4307692307692308,0.33389061155291083,0.10083753419220026,1655,723,91,308,0.128285657278578,0.800307644637245,0.42447219034074124,-0.004314608278736976,1.0267275754267655,0.03456967951026287,96,0.03456967951026287,655,889.5,0.5883750671274873,0.5648444940841221,0.571370248663411,581,0.3472367761401538,0.1465648854961832,4,31,2,2,57,0.828361506839412,0.10446718834446032,0.6086785589709816,0.6736983474466711,0.6541001218968021
