algorithm,penalty_multiplier,split,evaluation_mode,threshold_selected_on,n_patients,accuracy,balanced_accuracy,precision,recall_sensitivity,specificity,f1,log_loss,brier_score,tn,fp,fn,tp,threshold,roc_auc,average_precision,calibration_intercept,calibration_slope,patient_violation_rate,total_rule_patient_violations,violations_per_patient,active_rule_count,active_rule_weight,soft_rule_violation,unweighted_soft_rule_violation,mean_patient_soft_rule_violation,patients_with_active_rules,rule_bce_per_patient,active_rule_violation_rate,violation_LR01_neg,violation_LR02_pos,violation_LR03_neg,violation_LR04_neg,violation_LR05_neg,soft_violation_LR01,soft_violation_LR02,soft_violation_LR03,soft_violation_LR04,soft_violation_LR05
XGBoost,0.0,validation,fixed_threshold_0.5,prespecified,2222,0.8694869486948695,0.5989454038088681,0.6306306306306306,0.219435736677116,0.9784550709406201,0.32558139534883723,0.33042241373959763,0.09815765444463619,1862,41,249,70,0.5,0.795641924893379,0.4673946490942239,0.049338992084993975,1.0494033201657738,0.14356435643564355,344,0.1548154815481548,572,758.0,0.5692867234060804,0.5419351975600208,0.5496266245946231,491,0.3658353822491552,0.6013986013986014,10,0,36,18,280,0.8699418617161656,0.09583926473318158,0.6028279204343717,0.787568141614698,0.6534000179434245
XGBoost,0.0,test,fixed_threshold_0.5,prespecified,2777,0.8660424918977314,0.5995355293195141,0.5882352941176471,0.22556390977443608,0.9735071488645921,0.32608695652173914,0.33389061155291083,0.10083753419220026,2315,63,309,90,0.5,0.800307644637245,0.42447219034074124,-0.004314608278736976,1.0267275754267655,0.14043932301044293,416,0.14980194454447246,655,889.5,0.5883750671274873,0.5648444940841221,0.571370248663411,581,0.3472367761401538,0.6351145038167939,12,0,33,16,355,0.828361506839412,0.10446718834446032,0.6086785589709816,0.6736983474466711,0.6541001218968021
