feature,standardized_coefficient,odds_ratio_per_sd
MCV,0.23521060105440403,1.2651751879064066
MCH,0.22223478559438894,1.248864558853362
HBA2,-0.006076851979394484,0.9939415747412166
HBF,-0.04223366348227535,0.9586457538949534
