feature,standardized_coefficient,odds_ratio_per_sd
MCV,0.1801864094612048,1.1974405565674533
MCH,0.17132477722825754,1.1868761567809765
HBA2,-0.005058346218756371,0.9949544256705243
HBF,-0.0307101051749064,0.9697566597685356
