feature,standardized_coefficient,odds_ratio_per_sd
MCV,0.08244445023496733,1.0859383481434648
MCH,0.07976962615086762,1.083037535407421
HBA2,-0.0004932019729334612,0.999506919631167
HBF,-0.029777839784476123,0.970661151887417
