feature,standardized_coefficient,odds_ratio_per_sd
MCV,0.29952572468068384,1.3492187546516585
MCH,0.2814798905170203,1.3250893491918785
HBA2,-0.005657012028177936,0.9943589587345749
HBF,-0.07241036075609893,0.9301491207873284
