feature,standardized_coefficient,odds_ratio_per_sd
MCV,0.10791462305767059,1.1139526354565128
MCH,0.10378628588932176,1.1093633429791379
HBA2,-0.0019750888598760482,0.998026860344631
HBF,-0.02833945899542858,0.9720583368420744
