feature,standardized_coefficient,odds_ratio_per_sd
MCV,0.13960644358740024,1.149821190296784
MCH,0.13351266799520925,1.142835743481133
HBA2,-0.0035500268940335477,0.9964562670014051
HBF,-0.028009332601175742,0.9723792919307778
