feature,standardized_coefficient,odds_ratio_per_sd
MCV,0.21086299808380596,1.2347431812912493
MCH,0.19975159760021455,1.221099396463385
HBA2,-0.005776953514359212,0.9942397009953848
HBF,-0.03581885131968842,0.9648150526274791
