algorithm,penalty_multiplier,split,evaluation_mode,threshold_selected_on,n_patients,accuracy,balanced_accuracy,precision,recall_sensitivity,specificity,f1,log_loss,brier_score,tn,fp,fn,tp,threshold,roc_auc,average_precision,calibration_intercept,calibration_slope,patient_violation_rate,total_rule_patient_violations,violations_per_patient,active_rule_count,active_rule_weight,soft_rule_violation,unweighted_soft_rule_violation,mean_patient_soft_rule_violation,patients_with_active_rules,rule_bce_per_patient,active_rule_violation_rate,violation_LR01_neg,violation_LR02_pos,violation_LR03_neg,violation_LR04_neg,violation_LR05_neg,soft_violation_LR01,soft_violation_LR02,soft_violation_LR03,soft_violation_LR04,soft_violation_LR05
Logistic Regression,0.0,validation,fixed_threshold_0.5,prespecified,2222,0.8564356435643564,0.5,0.0,0.0,1.0,0.0,0.39430825773607286,0.118530113831025,1903,0,319,0,0.5,0.775147967983237,0.3720454272102445,9.306224501220228,6.358115534743596,0.19081908190819083,457,0.20567056705670567,562,757.0,0.7306115085643983,0.6976462945072844,0.7061087953222809,501,0.5221619842811366,0.8131672597864769,12,0,41,14,390,0.8620043360042619,0.1386776585606913,0.7964710095629857,0.8946650714126004,0.8256189460007983
Logistic Regression,0.0,test,fixed_threshold_0.5,prespecified,2777,0.85631976953547,0.5,0.0,0.0,1.0,0.0,0.3964775216205528,0.11913162370390541,2378,0,399,0,0.5,0.7597273250409455,0.33257335750318506,7.689403419221891,5.388600355686399,0.17752970831832912,537,0.19337414476053294,676,898.0,0.7196984342385485,0.6850671656520042,0.6936605080769551,593,0.48832313255815357,0.7943786982248521,8,0,56,29,444,0.8651834496806836,0.13833639457842314,0.7959778221454739,0.8969944677875319,0.8251522070516298
