feature,standardized_coefficient,odds_ratio_per_sd
MCV,0.10406319898859617,1.10967058275806
MCH,0.1024678372471807,1.1079016681692668
HBA2,-0.00028430504662012757,0.9997157353642299
HBF,-0.028552299714317494,0.9718514652629878
