feature,standardized_coefficient,odds_ratio_per_sd
MCV,0.20409070518942288,1.2264093901073032
MCH,0.19643067750740295,1.217050948948393
HBA2,-0.0036289794172029797,0.9963775973705211
HBF,-0.038966091689132586,0.9617833210412934
