feature,standardized_coefficient,odds_ratio_per_sd
MCV,0.17428203573440482,1.1903912513512838
MCH,0.16859573487718935,1.1836415371980957
HBA2,-0.0030569132666016774,0.9969477543353953
HBF,-0.032884532677909306,0.9676502851257274
