feature,standardized_coefficient,odds_ratio_per_sd
MCV,0.22770632270860414,1.2557164958572953
MCH,0.21840147592895734,1.2440864381281858
HBA2,-0.003776498349639677,0.9962306236520228
HBF,-0.0462523577258033,0.9548009803811791
