feature,standardized_coefficient,odds_ratio_per_sd
MCV,0.26340867129296264,1.3013584381306604
MCH,0.25151866391228056,1.2859769012000026
HBA2,-0.0034544774238661016,0.996551482418581
HBF,-0.062484432062225315,0.9394276876514214
