algorithm,penalty_multiplier,split,evaluation_mode,threshold_selected_on,n_patients,accuracy,balanced_accuracy,precision,recall_sensitivity,specificity,f1,log_loss,brier_score,tn,fp,fn,tp,threshold,roc_auc,average_precision,calibration_intercept,calibration_slope,patient_violation_rate,total_rule_patient_violations,violations_per_patient,active_rule_count,active_rule_weight,soft_rule_violation,unweighted_soft_rule_violation,mean_patient_soft_rule_violation,patients_with_active_rules,rule_bce_per_patient,active_rule_violation_rate,violation_LR01_neg,violation_LR02_pos,violation_LR03_neg,violation_LR04_neg,violation_LR05_neg,soft_violation_LR01,soft_violation_LR02,soft_violation_LR03,soft_violation_LR04,soft_violation_LR05
LightGBM,0.1,validation,fixed_threshold_0.5,prespecified,2222,0.86003600360036,0.605169695761683,0.5266666666666666,0.2476489028213166,0.9626904887020494,0.3368869936034115,0.3404844554038441,0.10273449122158916,1832,71,240,79,0.5,0.7890000444768778,0.411002064009799,-0.20698455683379505,0.92370299226259,0.1251125112511251,293,0.13186318631863186,552,739.0,0.522585251985638,0.5017106755885024,0.5069334912346852,485,0.290556785118826,0.5307971014492754,10,0,23,16,244,0.85738301067294,0.12360689149494303,0.5366939138255276,0.7258039666094195,0.5842043224199638
LightGBM,0.1,test,fixed_threshold_0.5,prespecified,2777,0.8642419877565718,0.6318561331840956,0.5495495495495496,0.3057644110275689,0.9579478553406223,0.392914653784219,0.3333989292895028,0.10009640013345263,2278,100,277,122,0.5,0.7982835558197429,0.44744783983237735,-0.2182725868459445,0.9540319628303083,0.11019085343896291,317,0.11415196254951386,639,877.0,0.5120627540249043,0.4915674129057599,0.4971989203582299,573,0.26258591242463764,0.49608763693270735,6,0,15,7,289,0.7535998093809185,0.1312222279851742,0.4797496217501972,0.6847502459851817,0.5670901614834476
