algorithm,penalty_multiplier,split,evaluation_mode,threshold_selected_on,n_patients,accuracy,balanced_accuracy,precision,recall_sensitivity,specificity,f1,log_loss,brier_score,tn,fp,fn,tp,threshold,roc_auc,average_precision,calibration_intercept,calibration_slope,patient_violation_rate,total_rule_patient_violations,violations_per_patient,active_rule_count,active_rule_weight,soft_rule_violation,unweighted_soft_rule_violation,mean_patient_soft_rule_violation,patients_with_active_rules,rule_bce_per_patient,active_rule_violation_rate,violation_LR03_neg,soft_violation_LR03
neural:single_LR03,0.1,validation,baseline_common_threshold,lambda_0_validation,2778,0.7001439884809215,0.7279311140398284,0.2925430210325048,0.7669172932330827,0.6889449348465742,0.4235294117647059,0.34003072676741136,0.10324343017319718,1639,740,93,306,0.11813894162575404,0.7920868796623757,0.40270924915266293,-0.07670410116876553,0.9648304663376444,0.0,0,0.0,66,66.0,0.6259251911607053,0.6259251911607053,0.6259251911607053,66,0.025141746272115618,0.0,0,0.6259251911607053
neural:single_LR03,0.1,test,baseline_common_threshold,lambda_0_validation,2778,0.7235421166306696,0.7322056718087779,0.308411214953271,0.7443609022556391,0.7200504413619168,0.43612334801762115,0.327349250903042,0.0973657757495432,1713,666,102,297,0.11813894162575404,0.8027387721089188,0.4817713943173765,0.20494297267136988,1.0868171716504353,0.0025197984161267097,7,0.0025197984161267097,51,51.0,0.665658748751275,0.665658748751275,0.6656587487512748,51,0.02302607222037111,0.13725490196078433,7,0.6656587487512748
