feature,standardized_coefficient,odds_ratio_per_sd
MCV,0.07955768091634374,1.0828080150867092
MCH,0.07911011658537981,1.0823234972764073
HBA2,0.0010839043536560043,1.0010844919902748
HBF,-0.03475627528132358,0.9658407868476466
