feature,standardized_coefficient,odds_ratio_per_sd
MCV,0.07440314202417815,1.0772409990863974
MCH,0.07423973673029945,1.0770649865854423
HBA2,-0.0005105758968946973,0.9994895544247979
HBF,-0.024242997469094245,0.9760485036227378
