algorithm,penalty_multiplier,split,evaluation_mode,threshold_selected_on,n_patients,accuracy,balanced_accuracy,precision,recall_sensitivity,specificity,f1,log_loss,brier_score,tn,fp,fn,tp,threshold,roc_auc,average_precision,calibration_intercept,calibration_slope,patient_violation_rate,total_rule_patient_violations,violations_per_patient,active_rule_count,active_rule_weight,soft_rule_violation,unweighted_soft_rule_violation,mean_patient_soft_rule_violation,patients_with_active_rules,rule_bce_per_patient,active_rule_violation_rate,violation_LR01_neg,violation_LR02_pos,violation_LR03_neg,violation_LR04_neg,violation_LR05_neg,soft_violation_LR01,soft_violation_LR02,soft_violation_LR03,soft_violation_LR04,soft_violation_LR05
LightGBM,0.1,validation,fixed_threshold_0.5,prespecified,2778,0.8549316054715623,0.6264004905074793,0.49193548387096775,0.3057644110275689,0.9470365699873896,0.37712519319938176,0.34573016287755515,0.10532552739557705,2253,126,277,122,0.5,0.787225524930443,0.404844455644664,-0.38384702683023564,0.8769333967227718,0.11591072714182865,346,0.12455003599712024,722,972.0,0.50326287070996,0.4826379666874183,0.48424372894119494,629,0.284805099199124,0.4792243767313019,9,0,34,8,295,0.810495803558491,0.10702650836800569,0.5311210149762018,0.6111952179581552,0.5628275935270605
LightGBM,0.1,test,fixed_threshold_0.5,prespecified,2778,0.8722102231821455,0.6385746838723543,0.6078431372549019,0.3107769423558897,0.9663724253888188,0.41127694859038144,0.3292399450303464,0.09805064469433968,2299,80,275,124,0.5,0.8017769307674398,0.46964611886046914,-0.15506813160426455,0.9796971681275823,0.10979121670266379,326,0.11735061195104392,639,864.5,0.5172276318233672,0.49703851126659476,0.5001659426740935,566,0.2670209372884653,0.5101721439749609,7,0,28,16,275,0.701541553379624,0.10246676266996936,0.5455467553249469,0.6648179079860408,0.5744376009398982
