feature,standardized_coefficient,odds_ratio_per_sd
MCV,0.10544596410766888,1.1112060578896281
MCH,0.10299828597884013,1.1084895090999047
HBA2,-0.0029550950066130096,0.9970492669888744
HBF,-0.03340099287146985,0.9671506613011864
