feature,standardized_coefficient,odds_ratio_per_sd
MCV,0.20566702214858698,1.2283441245045135
MCH,0.19747353906589282,1.218320826635998
HBA2,-0.006575709861886115,0.9934458628071039
HBF,-0.043306980084322565,0.9576173754783549
