feature,standardized_coefficient,odds_ratio_per_sd
MCV,0.29136391282054575,1.3382515022255346
MCH,0.27788016127509424,1.32032796130855
HBA2,-0.006125084914561999,0.993893635177824
HBF,-0.08348098809929423,0.9199085757154858
