feature,standardized_coefficient,odds_ratio_per_sd
MCV,0.2650313611833519,1.3034718535571712
MCH,0.2531270120217352,1.288046863881921
HBA2,-0.006658966038675816,0.9933631557457037
HBF,-0.06666633381916973,0.9355072964128279
