feature,standardized_coefficient,odds_ratio_per_sd
MCV,0.1758405772014823,1.1922479719907766
MCH,0.16947725498903804,1.1846854010442456
HBA2,-0.005919057390227786,0.9940984257184509
HBF,-0.03733490311553711,0.9633534512459281
