feature,standardized_coefficient,odds_ratio_per_sd
MCV,0.1363278994201096,1.146057623620864
MCH,0.13224655746692066,1.1413897027310873
HBA2,-0.00447550568962829,0.9955344944618201
HBF,-0.03369293381360076,0.9668683516368234
