algorithm,penalty_multiplier,split,evaluation_mode,threshold_selected_on,n_patients,accuracy,balanced_accuracy,precision,recall_sensitivity,specificity,f1,log_loss,brier_score,tn,fp,fn,tp,threshold,roc_auc,average_precision,calibration_intercept,calibration_slope,patient_violation_rate,total_rule_patient_violations,violations_per_patient,active_rule_count,active_rule_weight,soft_rule_violation,unweighted_soft_rule_violation,mean_patient_soft_rule_violation,patients_with_active_rules,rule_bce_per_patient,active_rule_violation_rate,violation_LR01_neg,violation_LR02_pos,violation_LR03_neg,violation_LR05_neg,soft_violation_LR01,soft_violation_LR02,soft_violation_LR03,soft_violation_LR05
xgboost:leave_out_LR04,0.1,validation,fixed_threshold_0.5,prespecified,2778,0.853491720662347,0.6234738801606792,0.4838709677419355,0.3007518796992481,0.9461958806221101,0.37094281298299847,0.34573762245906514,0.1054748866278044,2251,128,279,120,0.5,0.788634048340692,0.40286305641274894,-0.3717638379578479,0.9023557312594999,0.11195104391648668,336,0.12095032397408208,707,957.0,0.5027724577898066,0.48190789739557116,0.4823400393476849,616,0.27683443063387186,0.4752475247524752,9,2,36,289,0.830329498624361,0.1179552791825728,0.5356417482986995,0.5617774345847044
xgboost:leave_out_LR04,0.1,test,fixed_threshold_0.5,prespecified,2778,0.8707703383729302,0.6346051130347938,0.599009900990099,0.3032581453634085,0.9659520807061791,0.40266222961730447,0.32952255989478857,0.0983008988570711,2298,81,278,121,0.5,0.8026055049350994,0.4683228307084678,-0.12346703977132124,1.0172656168165097,0.10511159107271419,311,0.11195104391648668,620,845.5,0.5164857619855536,0.49489418566375193,0.49670110193487793,548,0.2571709418547541,0.5016129032258064,7,0,26,278,0.7340275967961071,0.10761359168708445,0.5522199597419856,0.5758506281474918
