algorithm,penalty_multiplier,split,evaluation_mode,threshold_selected_on,n_patients,accuracy,balanced_accuracy,precision,recall_sensitivity,specificity,f1,log_loss,brier_score,tn,fp,fn,tp,threshold,roc_auc,average_precision,calibration_intercept,calibration_slope,patient_violation_rate,total_rule_patient_violations,violations_per_patient,active_rule_count,active_rule_weight,soft_rule_violation,unweighted_soft_rule_violation,mean_patient_soft_rule_violation,patients_with_active_rules,rule_bce_per_patient,active_rule_violation_rate,violation_LR01_neg,violation_LR02_pos,violation_LR03_neg,violation_LR05_neg,soft_violation_LR01,soft_violation_LR02,soft_violation_LR03,soft_violation_LR05
xgboost:leave_out_LR04,0.1,validation,baseline_common_threshold,lambda_0_validation,2778,0.7393808495320374,0.7320666104100099,0.3196448390677026,0.7218045112781954,0.7423287095418243,0.4430769230769231,0.34573762245906514,0.1054748866278044,1766,613,111,288,0.176466839134463,0.788634048340692,0.40286305641274894,-0.3717638379578479,0.9023557312594999,0.018718502519798418,52,0.018718502519798418,707,957.0,0.5027724577898066,0.48190789739557116,0.4823400393476849,616,0.27683443063387186,0.07355021216407355,9,28,2,13,0.830329498624361,0.1179552791825728,0.5356417482986995,0.5617774345847044
xgboost:leave_out_LR04,0.1,test,baseline_common_threshold,lambda_0_validation,2778,0.7588192944564435,0.7277715094798788,0.33414932680538556,0.6842105263157895,0.7713324926439681,0.44901315789473684,0.32952255989478857,0.0983008988570711,1835,544,126,273,0.176466839134463,0.8026055049350994,0.4683228307084678,-0.12346703977132124,1.0172656168165097,0.016198704103671708,45,0.016198704103671708,620,845.5,0.5164857619855536,0.49489418566375193,0.49670110193487793,548,0.2571709418547541,0.07258064516129033,5,22,5,13,0.7340275967961071,0.10761359168708445,0.5522199597419856,0.5758506281474918
