algorithm,penalty_multiplier,split,evaluation_mode,threshold_selected_on,n_patients,accuracy,balanced_accuracy,precision,recall_sensitivity,specificity,f1,log_loss,brier_score,tn,fp,fn,tp,threshold,roc_auc,average_precision,calibration_intercept,calibration_slope,patient_violation_rate,total_rule_patient_violations,violations_per_patient,active_rule_count,active_rule_weight,soft_rule_violation,unweighted_soft_rule_violation,mean_patient_soft_rule_violation,patients_with_active_rules,rule_bce_per_patient,active_rule_violation_rate,violation_LR05_neg,soft_violation_LR05
lightgbm:single_LR05,0.1,validation,fixed_threshold_0.5,prespecified,2778,0.8578113750899928,0.6228670667842368,0.508695652173913,0.2932330827067669,0.9525010508617066,0.37201907790143085,0.3443730149860723,0.10480785472897758,2266,113,282,117,0.5,0.7887783772166862,0.4130455233669468,-0.3761431380099948,0.8660064430100655,0.11267098632109432,313,0.11267098632109432,500,750.0,0.565795448752036,0.565795448752036,0.565795448752036,500,0.24697175004440902,0.626,313,0.565795448752036
lightgbm:single_LR05,0.1,test,fixed_threshold_0.5,prespecified,2778,0.8729301655867531,0.6410809495365146,0.6116504854368932,0.3157894736842105,0.9663724253888188,0.41652892561983473,0.3273198770664806,0.0973148586724007,2299,80,273,126,0.5,0.804264760261309,0.48238779643639335,-0.14598425617167288,0.9702539818011151,0.09935205183585313,276,0.09935205183585313,451,676.5,0.5760988572264677,0.5760988572264677,0.5760988572264677,451,0.23241712860397354,0.6119733924611973,276,0.5760988572264677
