algorithm,penalty_multiplier,split,evaluation_mode,threshold_selected_on,n_patients,accuracy,balanced_accuracy,precision,recall_sensitivity,specificity,f1,log_loss,brier_score,tn,fp,fn,tp,threshold,roc_auc,average_precision,calibration_intercept,calibration_slope,patient_violation_rate,total_rule_patient_violations,violations_per_patient,active_rule_count,active_rule_weight,soft_rule_violation,unweighted_soft_rule_violation,mean_patient_soft_rule_violation,patients_with_active_rules,rule_bce_per_patient,active_rule_violation_rate,violation_LR01_neg,violation_LR02_pos,violation_LR03_neg,violation_LR04_neg,violation_LR05_neg,soft_violation_LR01,soft_violation_LR02,soft_violation_LR03,soft_violation_LR04,soft_violation_LR05
XGBoost,0.1,validation,per_lambda_validation_optimized_threshold,same_lambda_validation,2222,0.783078307830783,0.73767372750829,0.3625632377740304,0.6739811912225705,0.8013662637940094,0.47149122807017546,0.33093803982835523,0.09935677147160417,1525,378,104,215,0.20947941337596868,0.8034838573643002,0.4707670448340205,-0.18681116913859186,0.9687097995631776,0.0279027902790279,62,0.0279027902790279,509,685.0,0.5263346686430183,0.5091271906441377,0.5123026463915745,437,0.2643203410040565,0.12180746561886051,5,20,3,5,29,0.7713408644784764,0.13743681894963766,0.5342219486140392,0.6454578858174921,0.5760994771738719
XGBoost,0.1,test,per_lambda_validation_optimized_threshold,same_lambda_validation,2778,0.7768178545716342,0.7230351135407906,0.3509485094850949,0.6475,0.7985702270815812,0.45518453427065025,0.33292843556336027,0.09993438911838842,1899,479,141,259,0.20947941337596868,0.8016011354079058,0.4711632938455673,-0.22006487977619044,0.9630773128070045,0.03131749460043196,87,0.03131749460043196,693,932.5,0.5143320277307505,0.4954270061734673,0.4950764298026743,604,0.28306185714409543,0.12554112554112554,12,19,5,7,44,0.85505604544193,0.11766200311469469,0.5779282118734032,0.6548866765358958,0.5690342404205095
