algorithm,penalty_multiplier,split,evaluation_mode,threshold_selected_on,n_patients,accuracy,balanced_accuracy,precision,recall_sensitivity,specificity,f1,log_loss,brier_score,tn,fp,fn,tp,threshold,roc_auc,average_precision,calibration_intercept,calibration_slope,patient_violation_rate,total_rule_patient_violations,violations_per_patient,active_rule_count,active_rule_weight,soft_rule_violation,unweighted_soft_rule_violation,mean_patient_soft_rule_violation,patients_with_active_rules,rule_bce_per_patient,active_rule_violation_rate,violation_LR01_neg,violation_LR02_pos,violation_LR03_neg,violation_LR04_neg,violation_LR05_neg,soft_violation_LR01,soft_violation_LR02,soft_violation_LR03,soft_violation_LR04,soft_violation_LR05
XGBoost,0.1,validation,fixed_threshold_0.5,prespecified,2222,0.8681368136813682,0.6281642415786327,0.58125,0.29153605015673983,0.9647924330005255,0.3883089770354906,0.33093803982835523,0.09935677147160417,1836,67,226,93,0.5,0.8034838573643002,0.4707670448340205,-0.18681116913859186,0.9687097995631776,0.11341134113411341,277,0.12466246624662466,509,685.0,0.5263346686430183,0.5091271906441377,0.5123026463915745,437,0.2643203410040565,0.5442043222003929,11,1,32,7,226,0.7713408644784764,0.13743681894963766,0.5342219486140392,0.6454578858174921,0.5760994771738719
XGBoost,0.1,test,fixed_threshold_0.5,prespecified,2778,0.8689704823614111,0.6416957527333894,0.581081081081081,0.3225,0.9608915054667788,0.41479099678456594,0.33292843556336027,0.09993438911838842,2285,93,271,129,0.5,0.8016011354079058,0.4711632938455673,-0.22006487977619044,0.9630773128070045,0.11627069834413246,353,0.12706983441324693,693,932.5,0.5143320277307505,0.4954270061734673,0.4950764298026743,604,0.28306185714409543,0.5093795093795094,14,1,38,8,292,0.85505604544193,0.11766200311469469,0.5779282118734032,0.6548866765358958,0.5690342404205095
