feature,standardized_coefficient,odds_ratio_per_sd
MCV,0.2298302594348933,1.2583863925828267
MCH,0.21868701966764414,1.244441729944241
HBA2,0.007516700035771132,1.0075450213419344
HBF,-0.04783557579616471,0.9532905182264375
