feature,standardized_coefficient,odds_ratio_per_sd
MCV,0.17558947865416055,1.1919486378397204
MCH,0.1687141788592224,1.1837817407180289
HBA2,0.003724760179416666,1.0037317057194266
HBF,-0.035736765407468195,0.9648942536017956
