feature,standardized_coefficient,odds_ratio_per_sd
MCV,0.1045131256328245,1.1101699654539252
MCH,0.10254944473167708,1.1079920849267673
HBA2,0.001385121378004996,1.001386081101681
HBF,-0.033261863428184116,0.9672852297952694
