feature,standardized_coefficient,odds_ratio_per_sd
MCV,0.266237465752515,1.305044925369378
MCH,0.2520542112168283,1.2866657871121827
HBA2,0.011336017908426163,1.0114005140388005
HBF,-0.0632407927895439,0.9387174100892143
