feature,standardized_coefficient,odds_ratio_per_sd
MCV,0.29313387653460765,1.340622256280169
MCH,0.276685388155443,1.318751410948792
HBA2,0.014972325587716731,1.015084972346975
HBF,-0.07950902968217946,0.9235696803902701
