feature,standardized_coefficient,odds_ratio_per_sd
MCV,0.13564087756279933,1.1452705273908153
MCH,0.13163403467335008,1.1406907895937832
HBA2,0.002105896124695869,1.0021081150812972
HBF,-0.03291356170533549,0.9676221955867694
