algorithm,penalty_multiplier,split,evaluation_mode,threshold_selected_on,n_patients,accuracy,balanced_accuracy,precision,recall_sensitivity,specificity,f1,log_loss,brier_score,tn,fp,fn,tp,threshold,roc_auc,average_precision,calibration_intercept,calibration_slope,patient_violation_rate,total_rule_patient_violations,violations_per_patient,active_rule_count,active_rule_weight,soft_rule_violation,unweighted_soft_rule_violation,mean_patient_soft_rule_violation,patients_with_active_rules,rule_bce_per_patient,active_rule_violation_rate,violation_LR02_pos,violation_LR03_neg,violation_LR04_neg,violation_LR05_neg,soft_violation_LR02,soft_violation_LR03,soft_violation_LR04,soft_violation_LR05
logistic:leave_out_LR01,0.0,validation,fixed_threshold_0.5,prespecified,2778,0.8563714902807775,0.5,0.0,0.0,1.0,0.0,0.395825257538041,0.11894896582947341,2379,0,399,0,0.5,0.7593610971522965,0.3346097344662093,8.177543611673554,5.715480851711968,0.18970482361411087,581,0.20914326853851692,711,961.0,0.7315387930757399,0.6985132948792114,0.7054695640640237,621,0.529513440373019,0.8171589310829818,0,66,15,500,0.13614523400534911,0.7996402922478146,0.8957438651156685,0.8254633099466664
logistic:leave_out_LR01,0.0,test,fixed_threshold_0.5,prespecified,2778,0.8563714902807775,0.5,0.0,0.0,1.0,0.0,0.39548763288073996,0.1188529424855129,2379,0,399,0,0.5,0.7686992807786595,0.3669462263354828,9.342020050892833,6.359396371430544,0.17278617710583152,521,0.187544996400288,629,854.5,0.7389391689965974,0.7075748150355017,0.7145621467608096,561,0.47780836387546444,0.8282988871224165,0,51,19,451,0.13510331695002203,0.7998284295605904,0.8928541062428719,0.8264255487816486
