algorithm,penalty_multiplier,split,evaluation_mode,threshold_selected_on,n_patients,accuracy,balanced_accuracy,precision,recall_sensitivity,specificity,f1,log_loss,brier_score,tn,fp,fn,tp,threshold,roc_auc,average_precision,calibration_intercept,calibration_slope,patient_violation_rate,total_rule_patient_violations,violations_per_patient,active_rule_count,active_rule_weight,soft_rule_violation,unweighted_soft_rule_violation,mean_patient_soft_rule_violation,patients_with_active_rules,rule_bce_per_patient,active_rule_violation_rate,violation_LR01_neg,violation_LR03_neg,violation_LR04_neg,violation_LR05_neg,soft_violation_LR01,soft_violation_LR03,soft_violation_LR04,soft_violation_LR05
xgboost:leave_out_LR02,0.1,validation,fixed_threshold_0.5,prespecified,2778,0.853491720662347,0.6224309196699188,0.483739837398374,0.2982456140350877,0.9466162253047499,0.3689922480620155,0.3457580876358209,0.10542458642580614,2252,127,280,119,0.5,0.7873403559339711,0.4105367294144042,-0.39026949268797007,0.8759116588982916,0.11483081353491721,343,0.12347012239020878,592,842.0,0.5613933416613474,0.5619602944736579,0.5684532683914214,537,0.2767928534885307,0.5793918918918919,9,35,7,292,0.8299334137288558,0.5359834115667228,0.5433948608724254,0.5600507974017959
xgboost:leave_out_LR02,0.1,test,fixed_threshold_0.5,prespecified,2778,0.8700503959683226,0.6393995708059557,0.5887850467289719,0.3157894736842105,0.9630096679277007,0.4110929853181077,0.32840086189612194,0.09808313691216564,2291,88,273,126,0.5,0.8048468164947888,0.4687884973049656,-0.14253736509391157,0.9907457569841223,0.1079913606911447,318,0.11447084233261338,531,756.5,0.5767652657502897,0.5779528554489024,0.5846860966473494,487,0.2618968184044142,0.5988700564971752,7,25,14,272,0.729542700425049,0.5504116064192415,0.6666648799095495,0.5739687684998979
