algorithm,penalty_multiplier,split,evaluation_mode,threshold_selected_on,n_patients,accuracy,balanced_accuracy,precision,recall_sensitivity,specificity,f1,log_loss,brier_score,tn,fp,fn,tp,threshold,roc_auc,average_precision,calibration_intercept,calibration_slope,patient_violation_rate,total_rule_patient_violations,violations_per_patient,active_rule_count,active_rule_weight,soft_rule_violation,unweighted_soft_rule_violation,mean_patient_soft_rule_violation,patients_with_active_rules,rule_bce_per_patient,active_rule_violation_rate,violation_LR01_neg,violation_LR03_neg,violation_LR04_neg,violation_LR05_neg,soft_violation_LR01,soft_violation_LR03,soft_violation_LR04,soft_violation_LR05
xgboost:leave_out_LR02,0.1,validation,baseline_common_threshold,lambda_0_validation,2778,0.7422606191504679,0.7264472657052468,0.31968145620022753,0.7042606516290727,0.7486338797814208,0.4397496087636933,0.3457580876358209,0.10542458642580614,1781,598,118,281,0.176466839134463,0.7873403559339711,0.4105367294144042,-0.39026949268797007,0.8759116588982916,0.011519078473722102,33,0.011879049676025918,592,842.0,0.5613933416613474,0.5619602944736579,0.5684532683914214,537,0.2767928534885307,0.05574324324324324,9,3,4,17,0.8299334137288558,0.5359834115667228,0.5433948608724254,0.5600507974017959
xgboost:leave_out_LR02,0.1,test,baseline_common_threshold,lambda_0_validation,2778,0.7606191504679626,0.7309082921679988,0.33700980392156865,0.6892230576441103,0.7725935266918873,0.45267489711934156,0.32840086189612194,0.09808313691216564,1838,541,124,275,0.176466839134463,0.8048468164947888,0.4687884973049656,-0.14253736509391157,0.9907457569841223,0.012239020878329733,34,0.012239020878329733,531,756.5,0.5767652657502897,0.5779528554489024,0.5846860966473494,487,0.2618968184044142,0.064030131826742,5,5,6,18,0.729542700425049,0.5504116064192415,0.6666648799095495,0.5739687684998979
