algorithm,penalty_multiplier,split,evaluation_mode,threshold_selected_on,n_patients,accuracy,balanced_accuracy,precision,recall_sensitivity,specificity,f1,log_loss,brier_score,tn,fp,fn,tp,threshold,roc_auc,average_precision,calibration_intercept,calibration_slope,patient_violation_rate,total_rule_patient_violations,violations_per_patient,active_rule_count,active_rule_weight,soft_rule_violation,unweighted_soft_rule_violation,mean_patient_soft_rule_violation,patients_with_active_rules,rule_bce_per_patient,active_rule_violation_rate,violation_LR01_neg,violation_LR02_pos,violation_LR03_neg,violation_LR04_neg,violation_LR05_neg,soft_violation_LR01,soft_violation_LR02,soft_violation_LR03,soft_violation_LR04,soft_violation_LR05
XGBoost,0.0,validation,baseline_common_threshold,lambda_0_validation,2222,0.6876687668766877,0.7393770271984343,0.29003359462486,0.8119122257053292,0.6668418286915396,0.4273927392739274,0.3319672419595849,0.10030536407964478,1269,634,60,259,0.10336061978308225,0.8037416585262998,0.42508832233587646,0.0975113982225861,1.0341300072626056,0.019801980198019802,44,0.019801980198019802,540,720.0,0.5736445579221959,0.5453259357184473,0.5522184283230513,471,0.35057817709962436,0.08148148148148149,3,18,1,7,15,0.8848896174128946,0.07305507432751109,0.5861010289854293,0.813272242801957,0.6586004245334423
XGBoost,0.0,test,baseline_common_threshold,lambda_0_validation,2778,0.6468682505399568,0.7105550883095038,0.2620802620802621,0.8,0.6211101766190076,0.39481801357186924,0.32705744975910667,0.09667545455850328,1477,901,80,320,0.10336061978308225,0.8014092724978974,0.49692783989316053,0.05946625742285756,1.0809035971863554,0.02591792656587473,77,0.02771778257739381,700,947.5,0.5848231899833947,0.5621255957468617,0.5673851454677357,613,0.37422494948873114,0.11,12,27,8,4,26,0.897811591380736,0.08423840916292324,0.6228448372732188,0.7380550548743657,0.6490184060059123
