algorithm,penalty_multiplier,split,evaluation_mode,threshold_selected_on,n_patients,accuracy,balanced_accuracy,precision,recall_sensitivity,specificity,f1,log_loss,brier_score,tn,fp,fn,tp,threshold,roc_auc,average_precision,calibration_intercept,calibration_slope,patient_violation_rate,total_rule_patient_violations,violations_per_patient,active_rule_count,active_rule_weight,soft_rule_violation,unweighted_soft_rule_violation,mean_patient_soft_rule_violation,patients_with_active_rules,rule_bce_per_patient,active_rule_violation_rate,violation_LR01_neg,violation_LR02_pos,violation_LR03_neg,violation_LR04_neg,violation_LR05_neg,soft_violation_LR01,soft_violation_LR02,soft_violation_LR03,soft_violation_LR04,soft_violation_LR05
XGBoost,0.0,validation,fixed_threshold_0.5,prespecified,2222,0.8613861386138614,0.5759508579919184,0.5544554455445545,0.1755485893416928,0.976353126642144,0.26666666666666666,0.3319672419595849,0.10030536407964478,1858,45,263,56,0.5,0.8037416585262998,0.42508832233587646,0.0975113982225861,1.0341300072626056,0.13816381638163816,332,0.1494149414941494,540,720.0,0.5736445579221959,0.5453259357184473,0.5522184283230513,471,0.35057817709962436,0.6148148148148148,5,0,32,19,276,0.8848896174128946,0.07305507432751109,0.5861010289854293,0.813272242801957,0.6586004245334423
XGBoost,0.0,test,fixed_threshold_0.5,prespecified,2778,0.8743700503959683,0.6094985281749369,0.6834532374100719,0.2375,0.9814970563498738,0.3525046382189239,0.32705744975910667,0.09667545455850328,2334,44,305,95,0.5,0.8014092724978974,0.49692783989316053,0.05946625742285756,1.0809035971863554,0.1511879049676026,455,0.16378689704823615,700,947.5,0.5848231899833947,0.5621255957468617,0.5673851454677357,613,0.37422494948873114,0.65,17,1,46,9,382,0.897811591380736,0.08423840916292324,0.6228448372732188,0.7380550548743657,0.6490184060059123
