algorithm,penalty_multiplier,split,evaluation_mode,threshold_selected_on,n_patients,accuracy,balanced_accuracy,precision,recall_sensitivity,specificity,f1,log_loss,brier_score,tn,fp,fn,tp,threshold,roc_auc,average_precision,calibration_intercept,calibration_slope,patient_violation_rate,total_rule_patient_violations,violations_per_patient,active_rule_count,active_rule_weight,soft_rule_violation,unweighted_soft_rule_violation,mean_patient_soft_rule_violation,patients_with_active_rules,rule_bce_per_patient,active_rule_violation_rate,violation_LR04_neg,soft_violation_LR04
lightgbm:single_LR04,0.25,validation,baseline_common_threshold,lambda_0_validation,2778,0.749820014398848,0.723560161437642,0.3246445497630332,0.6867167919799498,0.7604035308953342,0.44086886564762673,0.3415178760766979,0.10341841950843864,1809,570,125,274,0.1620460991482594,0.7885687316230888,0.40559079427340244,-0.16422666265378985,0.9430070087289074,0.0007199424046076314,2,0.0007199424046076314,15,15.0,0.5453197055821849,0.5453197055821849,0.545319705582185,15,0.0053338371366536425,0.13333333333333333,2,0.545319705582185
lightgbm:single_LR04,0.25,test,baseline_common_threshold,lambda_0_validation,2778,0.7778977681785457,0.7243091966991881,0.35190217391304346,0.6491228070175439,0.7994955863808323,0.45638766519823787,0.32809369347027073,0.09778113974869138,1902,477,140,259,0.1620460991482594,0.8020597942944794,0.47117038201493444,0.07314651660024056,1.0423897986557393,0.0,0,0.0,19,19.0,0.5806798035717131,0.5806798035717131,0.5806798035717131,19,0.006755726747529683,0.0,0,0.5806798035717131
