feature,standardized_coefficient,odds_ratio_per_sd
MCV,0.17517317209422723,1.191452525077348
MCH,0.1682573000789204,1.1832410194916188
HBA2,-0.0014522595225752014,0.9985487944959873
HBF,-0.0355111193309189,0.9651120027706046
