feature,standardized_coefficient,odds_ratio_per_sd
MCV,0.1044896144754699,1.1101438643800114
MCH,0.10250843464732824,1.1079466470096193
HBA2,0.00016992516737298502,1.000169939605472
HBF,-0.033184058643172046,0.9673604921424664
