algorithm,penalty_multiplier,split,evaluation_mode,threshold_selected_on,n_patients,accuracy,balanced_accuracy,precision,recall_sensitivity,specificity,f1,log_loss,brier_score,tn,fp,fn,tp,threshold,roc_auc,average_precision,calibration_intercept,calibration_slope,patient_violation_rate,total_rule_patient_violations,violations_per_patient,active_rule_count,active_rule_weight,soft_rule_violation,unweighted_soft_rule_violation,mean_patient_soft_rule_violation,patients_with_active_rules,rule_bce_per_patient,active_rule_violation_rate,violation_LR01_neg,violation_LR02_pos,violation_LR04_neg,violation_LR05_neg,soft_violation_LR01,soft_violation_LR02,soft_violation_LR04,soft_violation_LR05
lightgbm:leave_out_LR03,0.0,validation,fixed_threshold_0.5,prespecified,2778,0.8635709143268538,0.5959839700133056,0.5641025641025641,0.22055137844611528,0.971416561580496,0.3171171171171171,0.3409690727392309,0.1033494132771442,2311,68,311,88,0.5,0.7898776997137652,0.40453878836719104,-0.1398448685489366,0.9606272594483047,0.14542836573074155,404,0.14542836573074155,656,906.0,0.5673622067337362,0.5376724155018733,0.5439495305511655,618,0.34072351191642086,0.6158536585365854,11,0,10,383,0.8638260760203477,0.08276934369713913,0.6544595726203124,0.6452682189261444
lightgbm:leave_out_LR03,0.0,test,fixed_threshold_0.5,prespecified,2778,0.871130309575234,0.6014405496717835,0.6496350364963503,0.22305764411027568,0.9798234552332913,0.332089552238806,0.329078278187055,0.097942081247911,2331,48,310,89,0.5,0.7996451827340524,0.4719453791349321,0.09175927554321596,1.0539845533676393,0.13102951763858892,364,0.13102951763858892,588,813.5,0.5816693520082271,0.5537012871725282,0.5599305183090503,559,0.3231116612048287,0.6190476190476191,10,0,17,337,0.7997263470945637,0.0792975706917617,0.725875460489381,0.654597166302644
