algorithm,penalty_multiplier,split,evaluation_mode,threshold_selected_on,n_patients,accuracy,balanced_accuracy,precision,recall_sensitivity,specificity,f1,log_loss,brier_score,tn,fp,fn,tp,threshold,roc_auc,average_precision,calibration_intercept,calibration_slope,patient_violation_rate,total_rule_patient_violations,violations_per_patient,active_rule_count,active_rule_weight,soft_rule_violation,unweighted_soft_rule_violation,mean_patient_soft_rule_violation,patients_with_active_rules,rule_bce_per_patient,active_rule_violation_rate,violation_LR01_neg,violation_LR02_pos,violation_LR04_neg,violation_LR05_neg,soft_violation_LR01,soft_violation_LR02,soft_violation_LR04,soft_violation_LR05
lightgbm:leave_out_LR03,0.0,validation,baseline_common_threshold,lambda_0_validation,2778,0.7534197264218863,0.7319196477954028,0.3309692671394799,0.7017543859649122,0.7620849096258933,0.4497991967871486,0.3409690727392309,0.1033494132771442,1813,566,119,280,0.1620460991482594,0.7898776997137652,0.40453878836719104,-0.1398448685489366,0.9606272594483047,0.04139668826493881,115,0.04139668826493881,656,906.0,0.5673622067337362,0.5376724155018733,0.5439495305511655,618,0.34072351191642086,0.17530487804878048,9,9,6,91,0.8638260760203477,0.08276934369713913,0.6544595726203124,0.6452682189261444
lightgbm:leave_out_LR03,0.0,test,baseline_common_threshold,lambda_0_validation,2778,0.775377969762419,0.7186661483469077,0.3469387755102041,0.6390977443609023,0.798234552332913,0.4497354497354497,0.329078278187055,0.097942081247911,1899,480,144,255,0.1620460991482594,0.7996451827340524,0.4719453791349321,0.09175927554321596,1.0539845533676393,0.04679625629949604,130,0.04679625629949604,588,813.5,0.5816693520082271,0.5537012871725282,0.5599305183090503,559,0.3231116612048287,0.22108843537414966,5,7,7,111,0.7997263470945637,0.0792975706917617,0.725875460489381,0.654597166302644
