feature,standardized_coefficient,odds_ratio_per_sd
MCV,0.262910581222997,1.3007104058177894
MCH,0.24981049735714564,1.2837821135318106
HBA2,-0.009298572401767348,0.9907445256357337
HBF,-0.06400518248417962,0.9380001383472555
