feature,standardized_coefficient,odds_ratio_per_sd
MCV,0.2036630923782395,1.2258850738505014
MCH,0.1953312543750599,1.2157136302561367
HBA2,-0.008416742792606109,0.9916185788199022
HBF,-0.04165665770075922,0.9591990576517588
