feature,standardized_coefficient,odds_ratio_per_sd
MCV,0.1741095694606616,1.1901859667107142
MCH,0.16789521535714955,1.1828126635515388
HBA2,-0.0074862624302828576,0.9925416898361435
HBF,-0.03599270977232803,0.9646473259561182
