feature,standardized_coefficient,odds_ratio_per_sd
MCV,0.22717828330204712,1.2550536030961716
MCH,0.2170330100003111,1.2423851125938359
HBA2,-0.008930224356977852,0.9911095316651392
HBF,-0.04853166934994543,0.952627169744906
