feature,standardized_coefficient,odds_ratio_per_sd
MCV,0.2892970677000447,1.3354884000738858
MCH,0.27397427748215175,1.3151809720376004
HBA2,-0.009198732789443312,0.9908434461230947
HBF,-0.08025972827721597,0.9228766181017738
