algorithm,penalty_multiplier,split,evaluation_mode,threshold_selected_on,n_patients,accuracy,balanced_accuracy,precision,recall_sensitivity,specificity,f1,log_loss,brier_score,tn,fp,fn,tp,threshold,roc_auc,average_precision,calibration_intercept,calibration_slope,patient_violation_rate,total_rule_patient_violations,violations_per_patient,active_rule_count,active_rule_weight,soft_rule_violation,unweighted_soft_rule_violation,mean_patient_soft_rule_violation,patients_with_active_rules,rule_bce_per_patient,active_rule_violation_rate,violation_LR01_neg,violation_LR02_pos,violation_LR03_neg,violation_LR04_neg,violation_LR05_neg,soft_violation_LR01,soft_violation_LR02,soft_violation_LR03,soft_violation_LR04,soft_violation_LR05
Logistic Regression,0.0,validation,per_lambda_validation_optimized_threshold,same_lambda_validation,2222,0.6998199819981998,0.7373385036331019,0.29577464788732394,0.7899686520376176,0.6847083552285864,0.430401366353544,0.3945234721103218,0.11864811151779155,1303,600,67,252,0.14472843235788269,0.7764723905662895,0.33509715632918435,8.644654616124743,5.969755615371156,0.024752475247524754,55,0.024752475247524754,551,740.0,0.7396409886516174,0.710498948945047,0.7197145609714934,479,0.5164799841139853,0.0998185117967332,4,30,0,19,2,0.8500235875587275,0.13942263635924976,0.799566727350116,0.8938118357548128,0.8246000567908791
Logistic Regression,0.0,test,per_lambda_validation_optimized_threshold,same_lambda_validation,2777,0.685992077781779,0.7019367173189492,0.27497621313035203,0.7243107769423559,0.6795626576955425,0.3986206896551724,0.396130542350366,0.11901509060558721,1616,762,110,289,0.14472843235788269,0.750797304446988,0.33994388324657754,7.706391038060391,5.4291120675098545,0.018725243068059057,54,0.019445444724522868,698,942.0,0.7344604111945913,0.703101735010373,0.7086835930618517,600,0.5200211325727836,0.07736389684813753,3,35,1,11,4,0.8505072152666532,0.13875323764432862,0.7984830502930567,0.8953075969178169,0.8241667881478061
