algorithm,penalty_multiplier,split,evaluation_mode,threshold_selected_on,n_patients,accuracy,balanced_accuracy,precision,recall_sensitivity,specificity,f1,log_loss,brier_score,tn,fp,fn,tp,threshold,roc_auc,average_precision,calibration_intercept,calibration_slope,patient_violation_rate,total_rule_patient_violations,violations_per_patient,active_rule_count,active_rule_weight,soft_rule_violation,unweighted_soft_rule_violation,mean_patient_soft_rule_violation,patients_with_active_rules,rule_bce_per_patient,active_rule_violation_rate,violation_LR01_neg,violation_LR02_pos,violation_LR03_neg,violation_LR04_neg,violation_LR05_neg,soft_violation_LR01,soft_violation_LR02,soft_violation_LR03,soft_violation_LR04,soft_violation_LR05
Logistic Regression,0.0,validation,fixed_threshold_0.5,prespecified,2222,0.8564356435643564,0.5,0.0,0.0,1.0,0.0,0.3945234721103218,0.11864811151779155,1903,0,319,0,0.5,0.7764723905662895,0.33509715632918435,8.644654616124743,5.969755615371156,0.18721872187218722,459,0.20657065706570657,551,740.0,0.7396409886516174,0.710498948945047,0.7197145609714934,479,0.5164799841139853,0.8330308529945554,8,0,54,19,378,0.8500235875587275,0.13942263635924976,0.799566727350116,0.8938118357548128,0.8246000567908791
Logistic Regression,0.0,test,fixed_threshold_0.5,prespecified,2777,0.85631976953547,0.5,0.0,0.0,1.0,0.0,0.396130542350366,0.11901509060558721,2378,0,399,0,0.5,0.750797304446988,0.33994388324657754,7.706391038060391,5.4291120675098545,0.1840115232265034,576,0.20741807706157725,698,942.0,0.7344604111945913,0.703101735010373,0.7086835930618517,600,0.5200211325727836,0.8252148997134671,6,0,71,11,488,0.8505072152666532,0.13875323764432862,0.7984830502930567,0.8953075969178169,0.8241667881478061
