algorithm,penalty_multiplier,split,evaluation_mode,threshold_selected_on,n_patients,accuracy,balanced_accuracy,precision,recall_sensitivity,specificity,f1,log_loss,brier_score,tn,fp,fn,tp,threshold,roc_auc,average_precision,calibration_intercept,calibration_slope,patient_violation_rate,total_rule_patient_violations,violations_per_patient,active_rule_count,active_rule_weight,soft_rule_violation,unweighted_soft_rule_violation,mean_patient_soft_rule_violation,patients_with_active_rules,rule_bce_per_patient,active_rule_violation_rate,violation_LR04_neg,soft_violation_LR04
neural:single_LR04,0.5,validation,fixed_threshold_0.5,prespecified,2778,0.8603311735061195,0.5659324856908982,0.5495495495495496,0.15288220551378445,0.9789827658680118,0.23921568627450981,0.34052978353268676,0.10331301249123011,2329,50,338,61,0.5,0.7907373519970585,0.39418291803713384,-0.030169580945564572,0.9929274615911143,0.0028797696184305254,8,0.0028797696184305254,15,15.0,0.6008417910999722,0.6008417910999722,0.6008417910999723,15,0.006230389701830642,0.5333333333333333,8,0.6008417910999723
neural:single_LR04,0.5,test,fixed_threshold_0.5,prespecified,2778,0.8740100791936645,0.5885204815316981,0.7425742574257426,0.18796992481203006,0.9890710382513661,0.3,0.3263861409331325,0.09717139161240787,2353,26,324,75,0.5,0.8051428487148936,0.4785954793000799,0.2743749131827006,1.1355196723700542,0.005039596832253419,14,0.005039596832253419,19,19.0,0.6499571813956686,0.6499571813956686,0.6499571813956687,19,0.00825808023229257,0.7368421052631579,14,0.6499571813956687
