feature,standardized_coefficient,odds_ratio_per_sd
MCV,0.2645092974413907,1.3027915357638402
MCH,0.25037342588799055,1.2845049945569935
HBA2,-0.0008054282895921661,0.999194895980708
HBF,-0.06305460858516174,0.9388922007144733
