feature,standardized_coefficient,odds_ratio_per_sd
MCV,0.20508646598092806,1.227631208710879
MCH,0.19584353253202286,1.2163365733404834
HBA2,-0.001606566078525659,0.9983947237579284
HBF,-0.040847611743759615,0.9599754077804292
