algorithm,penalty_multiplier,split,evaluation_mode,threshold_selected_on,n_patients,accuracy,balanced_accuracy,precision,recall_sensitivity,specificity,f1,log_loss,brier_score,tn,fp,fn,tp,threshold,roc_auc,average_precision,calibration_intercept,calibration_slope,patient_violation_rate,total_rule_patient_violations,violations_per_patient,active_rule_count,active_rule_weight,soft_rule_violation,unweighted_soft_rule_violation,mean_patient_soft_rule_violation,patients_with_active_rules,rule_bce_per_patient,active_rule_violation_rate,violation_LR01_neg,violation_LR02_pos,violation_LR03_neg,violation_LR04_neg,violation_LR05_neg,soft_violation_LR01,soft_violation_LR02,soft_violation_LR03,soft_violation_LR04,soft_violation_LR05
xgboost:control_column_permuted,0.0,validation,per_lambda_validation_optimized_threshold,same_lambda_validation,2778,0.7688984881209503,0.7315704140553149,0.3452229299363057,0.6791979949874687,0.783942833123161,0.4577702702702703,0.34098166820689346,0.10336912675655044,1865,514,128,271,0.176466839134463,0.7895953629344483,0.4112856354938421,-0.16055807277262055,0.9450566056771348,0.04895608351331893,140,0.0503959683225342,722,972.0,0.5699154554402365,0.5441732622282471,0.5464752137527653,629,0.36939971809568556,0.19390581717451524,9,8,7,6,110,0.8668706868602228,0.084804724391213,0.6280662797347889,0.583404961449824,0.6442589094364617
xgboost:control_column_permuted,0.0,test,per_lambda_validation_optimized_threshold,same_lambda_validation,2778,0.7915766738660908,0.7281239037063023,0.3695652173913043,0.6390977443609023,0.8171500630517023,0.46831955922865015,0.32783613300787867,0.09776640131015564,1944,435,144,255,0.176466839134463,0.8027730107108881,0.4682172562859919,0.09362643509448579,1.0510456494183482,0.054715622750179986,161,0.057955363570914326,639,864.5,0.5857163222858828,0.5609378015684053,0.5647211176343592,566,0.35102987037414857,0.2519561815336463,6,5,15,11,124,0.7922094266636119,0.07587329210991299,0.6427528416533685,0.7219705071322714,0.6559312878666724
