feature,standardized_coefficient,odds_ratio_per_sd
MCV,0.07948495278244329,1.0827292673440223
MCH,0.07858170567437413,1.0817517368067477
HBA2,-0.004696301671773697,0.995314708710154
HBF,-0.03340040562640039,0.9671512292558104
