feature,standardized_coefficient,odds_ratio_per_sd
MCV,0.2631110334006093,1.3009711621847961
MCH,0.25313595991733273,1.2880583892423474
HBA2,-0.011202138115909666,0.988860372199146
HBF,-0.06364062990841124,0.9383421510507793
