feature,standardized_coefficient,odds_ratio_per_sd
MCV,0.17433960686520059,1.1904597854944887
MCH,0.16910792285416776,1.1842479394452141
HBA2,-0.00946767221431414,0.9905770050864129
HBF,-0.0358642696078469,0.9647712333745045
