feature,standardized_coefficient,odds_ratio_per_sd
MCV,0.10422406922360719,1.1098491100849748
MCH,0.10229822227115742,1.1077137673902275
HBA2,-0.006178266015844264,0.9938407802252026
HBF,-0.032377772403113514,0.9681407761203028
