feature,standardized_coefficient,odds_ratio_per_sd
MCV,0.2040283147827681,1.2263328763136174
MCH,0.1972439534238449,1.2180411497729189
HBA2,-0.010378899651373775,0.9896747752715681
HBF,-0.04144876660202776,0.9593984873268652
