feature,standardized_coefficient,odds_ratio_per_sd
MCV,0.22754197835968587,1.255510142904293
MCH,0.219490427268956,1.2454419256180724
HBA2,-0.010866160483966065,0.98919266298333
HBF,-0.04826589297679464,0.9528803891874277
