algorithm,penalty_multiplier,split,evaluation_mode,threshold_selected_on,n_patients,accuracy,balanced_accuracy,precision,recall_sensitivity,specificity,f1,log_loss,brier_score,tn,fp,fn,tp,threshold,roc_auc,average_precision,calibration_intercept,calibration_slope,patient_violation_rate,total_rule_patient_violations,violations_per_patient,active_rule_count,active_rule_weight,soft_rule_violation,unweighted_soft_rule_violation,mean_patient_soft_rule_violation,patients_with_active_rules,rule_bce_per_patient,active_rule_violation_rate,violation_LR01_neg,soft_violation_LR01
neural:single_LR01,0.25,validation,per_lambda_validation_optimized_threshold,same_lambda_validation,2778,0.7393808495320374,0.7320666104100099,0.3196448390677026,0.7218045112781954,0.7423287095418243,0.4430769230769231,0.34041117190745285,0.10344613577054015,1766,613,111,288,0.1404907008012136,0.7915369550399749,0.3925279233984918,-0.06086467099563812,0.9717097849508312,0.0025197984161267097,7,0.0025197984161267097,11,11.0,0.8404785917338096,0.8404785917338096,0.8404785917338096,11,0.008381449454988957,0.6363636363636364,7,0.8404785917338096
neural:single_LR01,0.25,test,per_lambda_validation_optimized_threshold,same_lambda_validation,2778,0.7591792656587473,0.7311105632934796,0.3357664233576642,0.6917293233082706,0.7704918032786885,0.4520884520884521,0.3280130238251943,0.09741888779374752,1833,546,123,276,0.1404907008012136,0.8006107113095896,0.4858625869429147,0.20353192571394935,1.0870554357364073,0.0014398848092152627,4,0.0014398848092152627,10,10.0,0.7571264835695427,0.7571264835695427,0.7571264835695426,10,0.005785113712211437,0.4,4,0.7571264835695426
