algorithm,penalty_multiplier,split,evaluation_mode,threshold_selected_on,n_patients,accuracy,balanced_accuracy,precision,recall_sensitivity,specificity,f1,log_loss,brier_score,tn,fp,fn,tp,threshold,roc_auc,average_precision,calibration_intercept,calibration_slope,patient_violation_rate,total_rule_patient_violations,violations_per_patient,active_rule_count,active_rule_weight,soft_rule_violation,unweighted_soft_rule_violation,mean_patient_soft_rule_violation,patients_with_active_rules,rule_bce_per_patient,active_rule_violation_rate,violation_LR01_neg,violation_LR02_pos,violation_LR03_neg,violation_LR04_neg,violation_LR05_neg,soft_violation_LR01,soft_violation_LR02,soft_violation_LR03,soft_violation_LR04,soft_violation_LR05
XGBoost,0.1,validation,baseline_common_threshold,lambda_0_validation,2222,0.7106210621062106,0.7488629568557812,0.3062200956937799,0.8025078369905956,0.6952180767209669,0.4432900432900433,0.32290063336516445,0.09753706118726851,1323,580,63,256,0.13831214516176607,0.8195836634780589,0.45408893764983305,-0.15054893294432783,0.9976586798064848,0.016201620162016202,36,0.016201620162016202,524,712.5,0.5212347269119335,0.49875594433261916,0.5047582733805116,457,0.27636395001754066,0.06870229007633588,2,26,0,2,6,0.7395324335144995,0.11349462716800003,0.4871198441002488,0.6287608770122642,0.5837221649573485
XGBoost,0.1,test,baseline_common_threshold,lambda_0_validation,2777,0.6942743968311127,0.7088584581723443,0.2819767441860465,0.7293233082706767,0.6883936080740117,0.40670859538784065,0.34474808724518285,0.1024626241515596,1637,741,108,291,0.13831214516176607,0.7780648003524371,0.4309877297069265,-0.34581641673519237,0.8536870804029748,0.02052574720921858,57,0.02052574720921858,670,905.0,0.531191258455718,0.5138832789815289,0.5169492871021646,588,0.2912316555282229,0.08507462686567165,7,34,3,6,7,0.8083583633680766,0.11772010127849934,0.5614528829656765,0.6723927744594538,0.5805374127012788
