algorithm,penalty_multiplier,split,evaluation_mode,threshold_selected_on,n_patients,accuracy,balanced_accuracy,precision,recall_sensitivity,specificity,f1,log_loss,brier_score,tn,fp,fn,tp,threshold,roc_auc,average_precision,calibration_intercept,calibration_slope,patient_violation_rate,total_rule_patient_violations,violations_per_patient,active_rule_count,active_rule_weight,soft_rule_violation,unweighted_soft_rule_violation,mean_patient_soft_rule_violation,patients_with_active_rules,rule_bce_per_patient,active_rule_violation_rate,violation_LR01_neg,violation_LR02_pos,violation_LR03_neg,violation_LR04_neg,violation_LR05_neg,soft_violation_LR01,soft_violation_LR02,soft_violation_LR03,soft_violation_LR04,soft_violation_LR05
XGBoost,0.1,validation,per_lambda_validation_optimized_threshold,same_lambda_validation,2222,0.8100810081008101,0.7521336546650479,0.4030131826741996,0.670846394984326,0.8334209143457698,0.5035294117647059,0.32290063336516445,0.09753706118726851,1586,317,105,214,0.22807092546248942,0.8195836634780589,0.45408893764983305,-0.15054893294432783,0.9976586798064848,0.041854185418541856,94,0.0423042304230423,524,712.5,0.5212347269119335,0.49875594433261916,0.5047582733805116,457,0.27636395001754066,0.17938931297709923,3,9,2,4,76,0.7395324335144995,0.11349462716800003,0.4871198441002488,0.6287608770122642,0.5837221649573485
XGBoost,0.1,test,per_lambda_validation_optimized_threshold,same_lambda_validation,2777,0.7900612171407995,0.7168156935652841,0.36350148367952523,0.6140350877192983,0.81959629941127,0.45666356011183595,0.34474808724518285,0.1024626241515596,1949,429,154,245,0.22807092546248942,0.7780648003524371,0.4309877297069265,-0.34581641673519237,0.8536870804029748,0.04141159524666907,115,0.04141159524666907,670,905.0,0.531191258455718,0.5138832789815289,0.5169492871021646,588,0.2912316555282229,0.17164179104477612,12,12,6,9,76,0.8083583633680766,0.11772010127849934,0.5614528829656765,0.6723927744594538,0.5805374127012788
