algorithm,penalty_multiplier,split,evaluation_mode,threshold_selected_on,n_patients,accuracy,balanced_accuracy,precision,recall_sensitivity,specificity,f1,log_loss,brier_score,tn,fp,fn,tp,threshold,roc_auc,average_precision,calibration_intercept,calibration_slope,patient_violation_rate,total_rule_patient_violations,violations_per_patient,active_rule_count,active_rule_weight,soft_rule_violation,unweighted_soft_rule_violation,mean_patient_soft_rule_violation,patients_with_active_rules,rule_bce_per_patient,active_rule_violation_rate,violation_LR02_pos,violation_LR03_neg,violation_LR04_neg,violation_LR05_neg,soft_violation_LR02,soft_violation_LR03,soft_violation_LR04,soft_violation_LR05
xgboost:leave_out_LR01,0.1,validation,fixed_threshold_0.5,prespecified,2778,0.8531317494600432,0.6222207473285989,0.4817813765182186,0.2982456140350877,0.9461958806221101,0.3684210526315789,0.345700857236985,0.10544503642085774,2251,128,280,119,0.5,0.787597408822603,0.4061766235075231,-0.38818417406953853,0.8750952979651238,0.11195104391648668,336,0.12095032397408208,711,961.0,0.49916696348981976,0.47699662905852774,0.4767525590777478,621,0.2762739908906564,0.47257383966244726,2,36,7,291,0.1100500336172098,0.5386386920408667,0.5452165272981002,0.5622193946124144
xgboost:leave_out_LR01,0.1,test,fixed_threshold_0.5,prespecified,2778,0.8714902807775378,0.6391972996804748,0.6009615384615384,0.3132832080200501,0.9651113913408995,0.41186161449752884,0.3282562963873398,0.09795505617785494,2296,83,274,125,0.5,0.8048578781969635,0.4694630036113714,-0.13534782900549533,0.9934612647279247,0.10727141828653708,316,0.11375089992800576,629,854.5,0.5166022694110105,0.49533905084431457,0.4975026758880219,561,0.26217310062180144,0.5023847376788553,0,26,15,275,0.10039783575015276,0.5507503999398077,0.6789617822030404,0.5759129766325263
