algorithm,penalty_multiplier,split,evaluation_mode,threshold_selected_on,n_patients,accuracy,balanced_accuracy,precision,recall_sensitivity,specificity,f1,log_loss,brier_score,tn,fp,fn,tp,threshold,roc_auc,average_precision,calibration_intercept,calibration_slope,patient_violation_rate,total_rule_patient_violations,violations_per_patient,active_rule_count,active_rule_weight,soft_rule_violation,unweighted_soft_rule_violation,mean_patient_soft_rule_violation,patients_with_active_rules,rule_bce_per_patient,active_rule_violation_rate,violation_LR02_pos,violation_LR03_neg,violation_LR04_neg,violation_LR05_neg,soft_violation_LR02,soft_violation_LR03,soft_violation_LR04,soft_violation_LR05
xgboost:leave_out_LR01,0.1,validation,baseline_common_threshold,lambda_0_validation,2778,0.740100791936645,0.7283151131296084,0.31874298540965207,0.7117794486215538,0.7448507776376628,0.44031007751937984,0.345700857236985,0.10544503642085774,1772,607,115,284,0.176466839134463,0.787597408822603,0.4061766235075231,-0.38818417406953853,0.8750952979651238,0.0183585313174946,51,0.0183585313174946,711,961.0,0.49916696348981976,0.47699662905852774,0.4767525590777478,621,0.2762739908906564,0.07172995780590717,24,3,4,20,0.1100500336172098,0.5386386920408667,0.5452165272981002,0.5622193946124144
xgboost:leave_out_LR01,0.1,test,baseline_common_threshold,lambda_0_validation,2778,0.7624190064794817,0.730916193383838,0.33868974042027195,0.6867167919799498,0.775115594787726,0.45364238410596025,0.3282562963873398,0.09795505617785494,1844,535,125,274,0.176466839134463,0.8048578781969635,0.4694630036113714,-0.13534782900549533,0.9934612647279247,0.019438444924406047,55,0.019798416126709864,629,854.5,0.5166022694110105,0.49533905084431457,0.4975026758880219,561,0.26217310062180144,0.08744038155802862,20,5,7,23,0.10039783575015276,0.5507503999398077,0.6789617822030404,0.5759129766325263
