algorithm,penalty_multiplier,split,evaluation_mode,threshold_selected_on,n_patients,accuracy,balanced_accuracy,precision,recall_sensitivity,specificity,f1,log_loss,brier_score,tn,fp,fn,tp,threshold,roc_auc,average_precision,calibration_intercept,calibration_slope,patient_violation_rate,total_rule_patient_violations,violations_per_patient,active_rule_count,active_rule_weight,soft_rule_violation,unweighted_soft_rule_violation,mean_patient_soft_rule_violation,patients_with_active_rules,rule_bce_per_patient,active_rule_violation_rate,violation_LR01_neg,violation_LR02_pos,violation_LR03_neg,violation_LR05_neg,soft_violation_LR01,soft_violation_LR02,soft_violation_LR03,soft_violation_LR05
neural:leave_out_LR04,0.0,validation,fixed_threshold_0.5,prespecified,2778,0.8603311735061195,0.5680184066724188,0.5478260869565217,0.15789473684210525,0.9781420765027322,0.245136186770428,0.3401498941990284,0.10336897278034907,2327,52,336,63,0.5,0.7923144346785417,0.3945487977180163,-0.04559101436130201,0.9704074759332653,0.15766738660907129,491,0.1767458603311735,707,957.0,0.5810799793398981,0.5542301253171068,0.5552483848396035,616,0.36644725608612755,0.6944837340876945,11,0,64,416,0.9163113160228189,0.07331812889434587,0.6624883955833738,0.6570113665163517
neural:leave_out_LR04,0.0,test,fixed_threshold_0.5,prespecified,2778,0.8740100791936645,0.5906064025132187,0.7333333333333333,0.19298245614035087,0.9882303488860866,0.3055555555555556,0.3266836116287911,0.09706227171673955,2351,28,322,77,0.5,0.8034056347257382,0.486491531883908,0.24593559239224297,1.1007906954987479,0.13894888408927286,426,0.15334773218142547,620,845.5,0.5968521526217366,0.57003974383046,0.570599047191584,548,0.34236720259333964,0.6870967741935484,10,0,47,369,0.8299908118632933,0.06551574417792355,0.6984573519892162,0.6705714140434289
