feature,standardized_coefficient,odds_ratio_per_sd
MCV,0.17613751662773505,1.1926020499867873
MCH,0.16929898237590002,1.1844742229062535
HBA2,-0.003767838426420969,0.9962392509700876
HBF,-0.021372666978563628,0.9788541099854317
