feature,standardized_coefficient,odds_ratio_per_sd
MCV,0.20626850864520438,1.229083179152016
MCH,0.1971855621678209,1.2179700288967337
HBA2,-0.005390992946794293,0.9946235123779416
HBF,-0.017622256981548474,0.9825321069122679
