feature,standardized_coefficient,odds_ratio_per_sd
MCV,0.2655990355451454,1.3042120111741298
MCH,0.25193569085716294,1.2865133000569138
HBA2,-0.009159841666667586,0.9908819818865541
HBF,-0.010961686401916651,0.9890981739593157
