feature,standardized_coefficient,odds_ratio_per_sd
MCV,0.1360690106578729,1.145760960584253
MCH,0.13204774409573644,1.141162801752674
HBA2,-0.0017379121439392903,0.9982635971509035
HBF,-0.026708172038390553,0.9736453370028465
