feature,standardized_coefficient,odds_ratio_per_sd
MCV,0.23000309215472514,1.2586039017214627
MCH,0.21910956757025588,1.2449676772983016
HBA2,-0.006760734898809108,0.9932620674535524
HBF,-0.014839449142423031,0.9852701128668621
