feature,standardized_coefficient,odds_ratio_per_sd
MCV,0.29148931113529447,1.33841932723089
MCH,0.27580174946802943,1.3175866258833597
HBF,-0.008350047153916903,0.9916847176599143
HBA2,-0.011304924585529678,0.9887587359560452
