feature,standardized_coefficient,odds_ratio_per_sd
MCV,0.10472362339605339,1.1104036783456146
MCH,0.10274497840710885,1.1082087558740252
HBA2,-0.00017612789570482614,0.9998238876139024
HBF,-0.03110774032868373,0.9693711270857556
