feature,standardized_coefficient,odds_ratio_per_sd
MCV,0.07744967844161972,1.0805278572447987
MCH,0.0770168493054879,1.0800602745047976
HBA2,0.003834816833345084,1.0038421791514567
HBF,-0.051134620503344594,0.950150752149894
