feature,standardized_coefficient,odds_ratio_per_sd
MCV,0.07794220639811773,1.0810601785030565
MCH,0.07750561566160177,1.0805883006597488
HBA2,0.0031926843661800814,1.003197786411206
HBF,-0.04731185931510074,0.9537899029386626
