feature,standardized_coefficient,odds_ratio_per_sd
MCV,0.07933133943778159,1.082562958453862
MCH,0.07888394763049836,1.0820787369818181
HBA2,0.0013824406173865535,1.0013833966289092
HBF,-0.03653575329889406,0.9641236226800454
