feature,standardized_coefficient,odds_ratio_per_sd
MCV,0.07845990771762622,1.0816199896789245
MCH,0.07801748716671258,1.0811415646075573
HBA2,0.002522429226622201,1.0025256132278002
HBF,-0.04332334322732345,0.9576017059765013
