algorithm,penalty_multiplier,split,evaluation_mode,threshold_selected_on,n_patients,accuracy,balanced_accuracy,precision,recall_sensitivity,specificity,f1,log_loss,brier_score,tn,fp,fn,tp,threshold,roc_auc,average_precision,calibration_intercept,calibration_slope,patient_violation_rate,total_rule_patient_violations,violations_per_patient,active_rule_count,active_rule_weight,soft_rule_violation,unweighted_soft_rule_violation,mean_patient_soft_rule_violation,patients_with_active_rules,rule_bce_per_patient,active_rule_violation_rate,violation_LR02_pos,soft_violation_LR02
logistic:single_LR02,0.75,validation,per_lambda_validation_optimized_threshold,same_lambda_validation,2778,0.6292296616270698,0.707386372615018,0.2540919719407638,0.8170426065162907,0.5977301387137453,0.3876337693222354,0.39584904845594815,0.11904387493128855,1422,957,73,326,0.13772184249088018,0.7616545567365239,0.3382769884943247,8.631001085867979,5.858959576655138,0.01259899208063355,35,0.01259899208063355,130,130.0,0.12747252162459824,0.12747252162459824,0.12747252162459827,130,0.006391392745302259,0.2692307692307692,35,0.12747252162459827
logistic:single_LR02,0.75,test,per_lambda_validation_optimized_threshold,same_lambda_validation,2778,0.6331893448524119,0.7003116239526939,0.2527910685805423,0.7944862155388471,0.6061370323665406,0.3835450695704779,0.3955673080142439,0.11895825978767231,1442,937,82,317,0.13772184249088018,0.7707188315471317,0.3734394757081634,9.818383515525634,6.501383664591675,0.00827933765298776,23,0.00827933765298776,108,108.0,0.12604773673208508,0.12604773673208508,0.12604773673208508,108,0.005244687689059305,0.21296296296296297,23,0.12604773673208508
