algorithm,penalty_multiplier,split,evaluation_mode,threshold_selected_on,n_patients,accuracy,balanced_accuracy,precision,recall_sensitivity,specificity,f1,log_loss,brier_score,tn,fp,fn,tp,threshold,roc_auc,average_precision,calibration_intercept,calibration_slope,patient_violation_rate,total_rule_patient_violations,violations_per_patient,active_rule_count,active_rule_weight,soft_rule_violation,unweighted_soft_rule_violation,mean_patient_soft_rule_violation,patients_with_active_rules,rule_bce_per_patient,active_rule_violation_rate,violation_LR02_pos,soft_violation_LR02
logistic:single_LR02,0.75,validation,baseline_common_threshold,lambda_0_validation,2778,0.6713462922966162,0.698601800845114,0.26678765880217786,0.7368421052631579,0.6603614964270702,0.3917388407728181,0.39584904845594815,0.11904387493128855,1571,808,105,294,0.14075511803503238,0.7616545567365239,0.3382769884943247,8.631001085867979,5.858959576655138,0.009719222462203024,27,0.009719222462203024,130,130.0,0.12747252162459824,0.12747252162459824,0.12747252162459827,130,0.006391392745302259,0.2076923076923077,27,0.12747252162459827
logistic:single_LR02,0.75,test,baseline_common_threshold,lambda_0_validation,2778,0.6958243340532757,0.722280164471709,0.2880228136882129,0.7593984962406015,0.6851618327028163,0.41764300482425915,0.3955673080142439,0.11895825978767231,1630,749,96,303,0.14075511803503238,0.7707188315471317,0.3734394757081634,9.818383515525634,6.501383664591675,0.006839452843772498,19,0.006839452843772498,108,108.0,0.12604773673208508,0.12604773673208508,0.12604773673208508,108,0.005244687689059305,0.17592592592592593,19,0.12604773673208508
