feature,standardized_coefficient,odds_ratio_per_sd
MCV,0.10757995640630777,1.1135798950336013
MCH,0.10388339604796604,1.1094710786603985
HBA2,-0.0002911589851629316,0.999708883397501
HBF,-0.027723321163434917,0.9726574433054335
