feature,standardized_coefficient,odds_ratio_per_sd
MCV,0.08297986618190525,1.086519932533337
MCH,0.08068615851389219,1.0840306293908608
HBA2,0.0012248291837129981,1.001225579593321
HBF,-0.028584563281401267,0.9718201103738558
