feature,standardized_coefficient,odds_ratio_per_sd
MCV,0.20717424172783847,1.2301969047416015
MCH,0.19690562366975387,1.217629119915154
HBA2,-0.004690551334296433,0.995320432122081
HBF,-0.03789341511367753,0.962815557009132
