feature,standardized_coefficient,odds_ratio_per_sd
MCV,0.26624643177932084,1.305056626489618
MCH,0.2516114975567638,1.2860962886639633
HBA2,-0.005625762178517785,0.9943900327880708
HBF,-0.061080080066367705,0.9407479016051113
