algorithm,penalty_multiplier,split,evaluation_mode,threshold_selected_on,n_patients,accuracy,balanced_accuracy,precision,recall_sensitivity,specificity,f1,log_loss,brier_score,tn,fp,fn,tp,threshold,roc_auc,average_precision,calibration_intercept,calibration_slope,patient_violation_rate,total_rule_patient_violations,violations_per_patient,active_rule_count,active_rule_weight,soft_rule_violation,unweighted_soft_rule_violation,mean_patient_soft_rule_violation,patients_with_active_rules,rule_bce_per_patient,active_rule_violation_rate,violation_LR01_neg,violation_LR02_pos,violation_LR03_neg,violation_LR04_neg,violation_LR05_neg,soft_violation_LR01,soft_violation_LR02,soft_violation_LR03,soft_violation_LR04,soft_violation_LR05
XGBoost,0.1,validation,fixed_threshold_0.5,prespecified,2222,0.8640864086408641,0.6218855889974088,0.5521472392638037,0.28213166144200624,0.9616395165528113,0.37344398340248963,0.33877101533503745,0.10211729332978361,1830,73,229,90,0.5,0.7915961763063436,0.43336533975132585,-0.26322321073663735,0.91293011415375,0.11431143114311432,275,0.12376237623762376,535,722.0,0.5071776014264178,0.48437978512773844,0.4860653698157863,469,0.2701695643932094,0.514018691588785,6,0,24,6,239,0.7820061746408057,0.10705471504243214,0.5140833240747597,0.6265917684254518,0.5724013004627466
XGBoost,0.1,test,fixed_threshold_0.5,prespecified,2777,0.8613611811307166,0.6176595820923207,0.5339805825242718,0.2756892230576441,0.9596299411269975,0.36363636363636365,0.33507599278314604,0.10192536080926061,2282,96,289,110,0.5,0.8032323238710739,0.41958294415797903,-0.2155890113265076,0.931293764983996,0.11847317248829672,350,0.12603528988116672,694,922.5,0.5069095018410482,0.48424940622860774,0.48771852925741005,602,0.2797808500105565,0.5043227665706052,9,1,34,16,290,0.7744502824066741,0.11823653001883443,0.5349149941035268,0.6461239984997227,0.5757327244013705
