feature,standardized_coefficient,odds_ratio_per_sd
MCV,0.12736763739173843,1.1358345162717647
MCH,0.12271806919611745,1.1305656347335318
HBA2,-0.004811744439577828,0.9951998134573851
HBF,-0.031588633365413434,0.9689050753302367
