feature,standardized_coefficient,odds_ratio_per_sd
MCV,0.07661828567091965,1.079629887530234
MCH,0.07648584520651852,1.0794869103147415
HBA2,0.0005545555177788512,1.0005547093121179
HBF,-0.03505948987577396,0.9655479742199334
