algorithm,penalty_multiplier,split,evaluation_mode,threshold_selected_on,n_patients,accuracy,balanced_accuracy,precision,recall_sensitivity,specificity,f1,log_loss,brier_score,tn,fp,fn,tp,threshold,roc_auc,average_precision,calibration_intercept,calibration_slope,patient_violation_rate,total_rule_patient_violations,violations_per_patient,active_rule_count,active_rule_weight,soft_rule_violation,unweighted_soft_rule_violation,mean_patient_soft_rule_violation,patients_with_active_rules,rule_bce_per_patient,active_rule_violation_rate,violation_LR01_neg,violation_LR02_pos,violation_LR03_neg,violation_LR04_neg,soft_violation_LR01,soft_violation_LR02,soft_violation_LR03,soft_violation_LR04
neural:leave_out_LR05,0.0,validation,fixed_threshold_0.5,prespecified,2778,0.8603311735061195,0.5680184066724188,0.5478260869565217,0.15789473684210525,0.9781420765027322,0.245136186770428,0.3401498941990284,0.10336897278034907,2327,52,336,63,0.5,0.7923144346785417,0.3945487977180163,-0.04559101436130201,0.9704074759332653,0.03167746580273578,89,0.032037437005039596,222,222.0,0.3370915252083281,0.3370915252083281,0.3290555970948307,212,0.05376807676122989,0.4009009009009009,11,0,64,14,0.9163113160228189,0.07331812889434587,0.6624883955833738,0.7666202170153459
neural:leave_out_LR05,0.0,test,fixed_threshold_0.5,prespecified,2778,0.8740100791936645,0.5906064025132187,0.7333333333333333,0.19298245614035087,0.9882303488860866,0.3055555555555556,0.3266836116287911,0.09706227171673955,2351,28,322,77,0.5,0.8034056347257382,0.486491531883908,0.24593559239224297,1.1007906954987479,0.026277897768178547,76,0.027357811375089993,188,188.0,0.3541444692684747,0.3541444692684747,0.34389264490420507,178,0.05056493480106997,0.40425531914893614,10,0,47,19,0.8299908118632933,0.06551574417792355,0.6984573519892162,0.8201171990091863
