feature,standardized_coefficient,odds_ratio_per_sd
MCV,0.0796084249441799,1.0828629625208832
MCH,0.07876133682351837,1.081946070567995
HBA2,-0.023689352811790503,0.9765890372800163
HBF,-0.03300061823091986,0.9675379614269632
