feature,standardized_coefficient,odds_ratio_per_sd
MCV,0.07960169714506965,1.0828556772609144
MCH,0.07885199543570974,1.0820441627436017
HBA2,-0.017637242770244012,0.9825173830040521
HBF,-0.03342937525034373,0.9671232116542342
