feature,standardized_coefficient,odds_ratio_per_sd
MCV,0.07956774885202132,1.0828189167830349
MCH,0.07906861035149992,1.0822785750364787
HBA2,-0.0020946630227860865,0.9979075292528434
HBF,-0.034530901970368316,0.966058486114515
