algorithm,penalty_multiplier,split,evaluation_mode,threshold_selected_on,n_patients,accuracy,balanced_accuracy,precision,recall_sensitivity,specificity,f1,log_loss,brier_score,tn,fp,fn,tp,threshold,roc_auc,average_precision,calibration_intercept,calibration_slope,patient_violation_rate,total_rule_patient_violations,violations_per_patient,active_rule_count,active_rule_weight,soft_rule_violation,unweighted_soft_rule_violation,mean_patient_soft_rule_violation,patients_with_active_rules,rule_bce_per_patient,active_rule_violation_rate,violation_LR01_neg,soft_violation_LR01
logistic:single_LR01,0.0,validation,baseline_common_threshold,lambda_0_validation,2778,0.6133909287257019,0.7064824735230257,0.2486969471332837,0.8370927318295739,0.5758722152164775,0.38346727898966704,0.395825257538041,0.11894896582947341,1370,1009,65,334,0.14075511803503238,0.7593610971522965,0.3346097344662093,8.177543611673554,5.715480851711968,0.0025197984161267097,7,0.0025197984161267097,11,11.0,0.85705320925424,0.85705320925424,0.8570532092542398,11,0.007751031517175008,0.6363636363636364,7,0.8570532092542398
logistic:single_LR01,0.0,test,baseline_common_threshold,lambda_0_validation,2778,0.6159107271418287,0.6964811145139014,0.24581430745814306,0.8095238095238095,0.5834384195039932,0.37711617046117923,0.39548763288073996,0.1188529424855129,1388,991,76,323,0.14075511803503238,0.7686992807786595,0.3669462263354828,9.342020050892833,6.359396371430544,0.0014398848092152627,4,0.0014398848092152627,10,10.0,0.8279708143968035,0.8279708143968035,0.8279708143968035,10,0.006465272200982688,0.4,4,0.8279708143968035
