algorithm,penalty_multiplier,split,evaluation_mode,threshold_selected_on,n_patients,accuracy,balanced_accuracy,precision,recall_sensitivity,specificity,f1,log_loss,brier_score,tn,fp,fn,tp,threshold,roc_auc,average_precision,calibration_intercept,calibration_slope,patient_violation_rate,total_rule_patient_violations,violations_per_patient,active_rule_count,active_rule_weight,soft_rule_violation,unweighted_soft_rule_violation,mean_patient_soft_rule_violation,patients_with_active_rules,rule_bce_per_patient,active_rule_violation_rate,violation_LR01_neg,violation_LR02_pos,violation_LR03_neg,violation_LR04_neg,violation_LR05_neg,soft_violation_LR01,soft_violation_LR02,soft_violation_LR03,soft_violation_LR04,soft_violation_LR05
Neural Network (MLP),0.0,validation,baseline_common_threshold,lambda_0_validation,2222,0.716021602160216,0.7415786326489934,0.3069306930693069,0.7774294670846394,0.7057277982133473,0.4401064773735581,0.32859486217948997,0.09907879540669022,1343,560,71,248,0.12230297178030014,0.8082486488089256,0.4601715538192077,0.034191994322119924,1.0453412323937767,0.018901890189018902,43,0.01935193519351935,540,720.0,0.567086143196664,0.5410546081106143,0.5410252886955661,471,0.33959726084198705,0.07962962962962963,5,13,3,7,15,0.9271578095853329,0.07324307630974916,0.6499294496607035,0.776583343596449,0.6451807484548125
Neural Network (MLP),0.0,test,baseline_common_threshold,lambda_0_validation,2778,0.6882649388048956,0.7316158536585367,0.2881818181818182,0.7925,0.6707317073170732,0.4226666666666667,0.3268124059372302,0.09710892166001212,1595,783,83,317,0.12230297178030014,0.805258620689655,0.4715044385071451,-0.02739647395802726,1.0754139005770227,0.020158387329013677,58,0.02087832973362131,700,947.5,0.5735651531806356,0.5527139921379941,0.5540127252749094,613,0.3544424681123465,0.08285714285714285,12,22,6,3,15,0.8909628266359076,0.08155787317354603,0.6517202016458941,0.7537345376543023,0.6325381339072981
