algorithm,penalty_multiplier,split,evaluation_mode,threshold_selected_on,n_patients,accuracy,balanced_accuracy,precision,recall_sensitivity,specificity,f1,log_loss,brier_score,tn,fp,fn,tp,threshold,roc_auc,average_precision,calibration_intercept,calibration_slope,patient_violation_rate,total_rule_patient_violations,violations_per_patient,active_rule_count,active_rule_weight,soft_rule_violation,unweighted_soft_rule_violation,mean_patient_soft_rule_violation,patients_with_active_rules,rule_bce_per_patient,active_rule_violation_rate,violation_LR01_neg,violation_LR02_pos,violation_LR03_neg,violation_LR05_neg,soft_violation_LR01,soft_violation_LR02,soft_violation_LR03,soft_violation_LR05
lightgbm:leave_out_LR04,0.1,validation,baseline_common_threshold,lambda_0_validation,2778,0.7231821454283658,0.7226088550506151,0.3044397463002114,0.7218045112781954,0.7234131988230349,0.42825278810408923,0.34509149970646014,0.105084744331844,1721,658,111,288,0.1620460991482594,0.7882906088255528,0.40764436969833223,-0.3489944289438475,0.9111397761648209,0.017278617710583154,48,0.017278617710583154,707,957.0,0.5052183866457894,0.48366709357812104,0.485098423144798,616,0.27928450104799674,0.06789250353606789,9,31,1,7,0.8374875154284652,0.11127769203024339,0.5332038000834698,0.5661654434411557
lightgbm:leave_out_LR04,0.1,test,baseline_common_threshold,lambda_0_validation,2778,0.7411807055435565,0.7237308276997665,0.31776765375854216,0.6992481203007519,0.748213535098781,0.43696162881754114,0.3290613750133478,0.09799881649233101,1780,599,120,279,0.1620460991482594,0.8027424593429769,0.47482735246679625,-0.11068638857192857,1.0253400757947444,0.014398848092152628,40,0.014398848092152628,620,845.5,0.5174493941392645,0.4958107777109905,0.4979153838433636,548,0.25795391895223296,0.06451612903225806,5,27,4,4,0.7292223794914148,0.10861873625326203,0.5525112498564647,0.5769435945185543
