algorithm,penalty_multiplier,split,evaluation_mode,threshold_selected_on,n_patients,accuracy,balanced_accuracy,precision,recall_sensitivity,specificity,f1,log_loss,brier_score,tn,fp,fn,tp,threshold,roc_auc,average_precision,calibration_intercept,calibration_slope,patient_violation_rate,total_rule_patient_violations,violations_per_patient,active_rule_count,active_rule_weight,soft_rule_violation,unweighted_soft_rule_violation,mean_patient_soft_rule_violation,patients_with_active_rules,rule_bce_per_patient,active_rule_violation_rate,violation_LR01_neg,violation_LR02_pos,violation_LR03_neg,violation_LR04_neg,soft_violation_LR01,soft_violation_LR02,soft_violation_LR03,soft_violation_LR04
lightgbm:leave_out_LR05,0.0,validation,per_lambda_validation_optimized_threshold,same_lambda_validation,2778,0.7534197264218863,0.7319196477954028,0.3309692671394799,0.7017543859649122,0.7620849096258933,0.4497991967871486,0.3409690727392309,0.1033494132771442,1813,566,119,280,0.1620460991482594,0.7898776997137652,0.40453878836719104,-0.1398448685489366,0.9606272594483047,0.01079913606911447,30,0.01079913606911447,222,222.0,0.3230263719197886,0.3230263719197886,0.3143860537193393,212,0.04814541419645973,0.13513513513513514,9,9,6,6,0.8638260760203477,0.08276934369713913,0.6308009009096434,0.6544595726203124
lightgbm:leave_out_LR05,0.0,test,per_lambda_validation_optimized_threshold,same_lambda_validation,2778,0.775377969762419,0.7186661483469077,0.3469387755102041,0.6390977443609023,0.798234552332913,0.4497354497354497,0.329078278187055,0.097942081247911,1899,480,144,255,0.1620460991482594,0.7996451827340524,0.4719453791349321,0.09175927554321596,1.0539845533676393,0.011159107271418287,31,0.011159107271418287,188,188.0,0.33580383085795285,0.33580383085795285,0.32378524951813764,178,0.04367357865735517,0.16489361702127658,5,7,12,7,0.7997263470945637,0.0792975706917617,0.6427075558106076,0.725875460489381
