algorithm,penalty_multiplier,split,evaluation_mode,threshold_selected_on,n_patients,accuracy,balanced_accuracy,precision,recall_sensitivity,specificity,f1,log_loss,brier_score,tn,fp,fn,tp,threshold,roc_auc,average_precision,calibration_intercept,calibration_slope,patient_violation_rate,total_rule_patient_violations,violations_per_patient,active_rule_count,active_rule_weight,soft_rule_violation,unweighted_soft_rule_violation,mean_patient_soft_rule_violation,patients_with_active_rules,rule_bce_per_patient,active_rule_violation_rate,violation_LR01_neg,violation_LR02_pos,violation_LR03_neg,violation_LR04_neg,soft_violation_LR01,soft_violation_LR02,soft_violation_LR03,soft_violation_LR04
lightgbm:leave_out_LR05,0.0,validation,fixed_threshold_0.5,prespecified,2778,0.8635709143268538,0.5959839700133056,0.5641025641025641,0.22055137844611528,0.971416561580496,0.3171171171171171,0.3409690727392309,0.1033494132771442,2311,68,311,88,0.5,0.7898776997137652,0.40453878836719104,-0.1398448685489366,0.9606272594483047,0.024478041756659467,69,0.024838012958963283,222,222.0,0.3230263719197886,0.3230263719197886,0.3143860537193393,212,0.04814541419645973,0.3108108108108108,11,0,48,10,0.8638260760203477,0.08276934369713913,0.6308009009096434,0.6544595726203124
lightgbm:leave_out_LR05,0.0,test,fixed_threshold_0.5,prespecified,2778,0.871130309575234,0.6014405496717835,0.6496350364963503,0.22305764411027568,0.9798234552332913,0.332089552238806,0.329078278187055,0.097942081247911,2331,48,310,89,0.5,0.7996451827340524,0.4719453791349321,0.09175927554321596,1.0539845533676393,0.02087832973362131,61,0.021958243340532757,188,188.0,0.33580383085795285,0.33580383085795285,0.32378524951813764,178,0.04367357865735517,0.324468085106383,10,0,34,17,0.7997263470945637,0.0792975706917617,0.6427075558106076,0.725875460489381
