feature,standardized_coefficient,odds_ratio_per_sd
MCV,0.20866504496327112,1.2320322539997945
MCH,0.20053533863417367,1.222056797295088
HBA2,-0.007099090401238177,0.9929260486177921
HBF,-0.04017306452258012,0.9606231749743666
