feature,standardized_coefficient,odds_ratio_per_sd
MCV,0.295649493401577,1.343998993748409
MCH,0.2810422983020009,1.32450962725862
HBA2,-0.008576165999923818,0.9914605044063307
HBF,-0.07676988049268571,0.9261029434405581
