feature,standardized_coefficient,odds_ratio_per_sd
MCV,0.23254389357649297,1.2618058303142097
MCH,0.22272468383563923,1.2494765252927058
HBA2,-0.0077974729968362895,0.9922328484343682
HBF,-0.04658024294955202,0.9544879665671978
