feature,standardized_coefficient,odds_ratio_per_sd
MCV,0.08308989163536519,1.0866394839583364
MCH,0.08200662547966932,1.0854630015187732
HBA2,-0.0002760903980918213,0.9997239477113549
HBF,-0.03394774980291445,0.9666220095085545
