algorithm,penalty_multiplier,split,evaluation_mode,threshold_selected_on,n_patients,accuracy,balanced_accuracy,precision,recall_sensitivity,specificity,f1,log_loss,brier_score,tn,fp,fn,tp,threshold,roc_auc,average_precision,calibration_intercept,calibration_slope,patient_violation_rate,total_rule_patient_violations,violations_per_patient,active_rule_count,active_rule_weight,soft_rule_violation,unweighted_soft_rule_violation,mean_patient_soft_rule_violation,patients_with_active_rules,rule_bce_per_patient,active_rule_violation_rate,violation_LR01_neg,violation_LR02_pos,violation_LR03_neg,violation_LR04_neg,violation_LR05_neg,soft_violation_LR01,soft_violation_LR02,soft_violation_LR03,soft_violation_LR04,soft_violation_LR05
Logistic Regression,0.0,validation,per_lambda_validation_optimized_threshold,same_lambda_validation,2222,0.7151215121512151,0.7214833203471832,0.2987179487179487,0.7304075235109718,0.7125591171833946,0.4240218380345769,0.395905952015586,0.118954197661871,1356,547,86,233,0.14622258463430635,0.7561917579403581,0.331436139060449,7.946141903100559,5.553536974911783,0.02025202520252025,46,0.020702070207020702,535,722.0,0.7289448926230506,0.6955037294469187,0.7003487193806159,469,0.4950721561269137,0.08598130841121496,6,28,0,10,2,0.8632257930587556,0.13665524129868617,0.795866392702798,0.8960834854416412,0.8246188086617167
Logistic Regression,0.0,test,per_lambda_validation_optimized_threshold,same_lambda_validation,2777,0.7079582283039251,0.7085053887873595,0.2893660531697341,0.7092731829573935,0.7077375946173254,0.41103848946986205,0.39592170649175157,0.11898104389633755,1683,695,116,283,0.14622258463430635,0.7609156406575732,0.33243908676382655,7.458027215341847,5.271829122332172,0.027367662945624774,76,0.027367662945624774,694,922.5,0.7197754476994093,0.6852884524452442,0.6954457390332202,602,0.4999799946203124,0.10951008645533142,4,43,0,25,4,0.8362934757158461,0.1390667208595459,0.7940310156143643,0.8967954037943687,0.8245193194998055
