algorithm,penalty_multiplier,split,evaluation_mode,threshold_selected_on,n_patients,accuracy,balanced_accuracy,precision,recall_sensitivity,specificity,f1,log_loss,brier_score,tn,fp,fn,tp,threshold,roc_auc,average_precision,calibration_intercept,calibration_slope,patient_violation_rate,total_rule_patient_violations,violations_per_patient,active_rule_count,active_rule_weight,soft_rule_violation,unweighted_soft_rule_violation,mean_patient_soft_rule_violation,patients_with_active_rules,rule_bce_per_patient,active_rule_violation_rate,violation_LR01_neg,violation_LR02_pos,violation_LR03_neg,violation_LR04_neg,violation_LR05_neg,soft_violation_LR01,soft_violation_LR02,soft_violation_LR03,soft_violation_LR04,soft_violation_LR05
Logistic Regression,0.0,validation,fixed_threshold_0.5,prespecified,2222,0.8564356435643564,0.5,0.0,0.0,1.0,0.0,0.395905952015586,0.118954197661871,1903,0,319,0,0.5,0.7561917579403581,0.331436139060449,7.946141903100559,5.553536974911783,0.17686768676867687,435,0.19576957695769576,535,722.0,0.7289448926230506,0.6955037294469187,0.7003487193806159,469,0.4950721561269137,0.8130841121495327,7,0,44,10,374,0.8632257930587556,0.13665524129868617,0.795866392702798,0.8960834854416412,0.8246188086617167
Logistic Regression,0.0,test,fixed_threshold_0.5,prespecified,2777,0.85631976953547,0.5,0.0,0.0,1.0,0.0,0.39592170649175157,0.11898104389633755,2378,0,399,0,0.5,0.7609156406575732,0.33243908676382655,7.458027215341847,5.271829122332172,0.181850918257112,553,0.19913575801224342,694,922.5,0.7197754476994093,0.6852884524452442,0.6954457390332202,602,0.4999799946203124,0.7968299711815562,9,0,62,25,457,0.8362934757158461,0.1390667208595459,0.7940310156143643,0.8967954037943687,0.8245193194998055
