algorithm,penalty_multiplier,split,evaluation_mode,threshold_selected_on,n_patients,accuracy,balanced_accuracy,precision,recall_sensitivity,specificity,f1,log_loss,brier_score,tn,fp,fn,tp,threshold,roc_auc,average_precision,calibration_intercept,calibration_slope,patient_violation_rate,total_rule_patient_violations,violations_per_patient,active_rule_count,active_rule_weight,soft_rule_violation,unweighted_soft_rule_violation,mean_patient_soft_rule_violation,patients_with_active_rules,rule_bce_per_patient,active_rule_violation_rate,violation_LR01_neg,violation_LR02_pos,violation_LR03_neg,violation_LR04_neg,violation_LR05_neg,soft_violation_LR01,soft_violation_LR02,soft_violation_LR03,soft_violation_LR04,soft_violation_LR05
LightGBM,0.0,validation,per_lambda_validation_optimized_threshold,same_lambda_validation,2222,0.7565256525652565,0.7430463696160328,0.33771929824561403,0.7241379310344828,0.7619548081975828,0.46061814556331004,0.32809813875793553,0.0988302024471687,1450,453,88,231,0.1416541956607948,0.8069481119565379,0.4674937641726665,0.0063604950253541405,0.9934293804992557,0.048604860486048604,110,0.04950495049504951,551,740.0,0.5847491799581969,0.5617742351846932,0.568746917997104,479,0.37127426025020793,0.1996370235934664,5,10,11,10,74,0.8841758725371491,0.08580057474907822,0.6340465757831607,0.7357078669822839,0.6517290454089935
LightGBM,0.0,test,per_lambda_validation_optimized_threshold,same_lambda_validation,2777,0.7367662945624774,0.7096831650193609,0.3087557603686636,0.6716791979949874,0.7476871320437343,0.4230465666929755,0.3412007626013387,0.10083968829849596,1778,600,131,268,0.1416541956607948,0.7760855039195971,0.4571182122842087,-0.085482748152082,0.9159704848571395,0.04681310767014764,134,0.04825351098307526,698,942.0,0.5862706046715789,0.5604782399070446,0.5632722884118421,600,0.38162815864420097,0.19197707736389685,4,18,8,6,98,0.7951561782467874,0.08746659708363445,0.6423597423362986,0.7325646858668627,0.660053680924222
