algorithm,penalty_multiplier,split,evaluation_mode,threshold_selected_on,n_patients,accuracy,balanced_accuracy,precision,recall_sensitivity,specificity,f1,log_loss,brier_score,tn,fp,fn,tp,threshold,roc_auc,average_precision,calibration_intercept,calibration_slope,patient_violation_rate,total_rule_patient_violations,violations_per_patient,active_rule_count,active_rule_weight,soft_rule_violation,unweighted_soft_rule_violation,mean_patient_soft_rule_violation,patients_with_active_rules,rule_bce_per_patient,active_rule_violation_rate,violation_LR01_neg,violation_LR02_pos,violation_LR03_neg,violation_LR04_neg,violation_LR05_neg,soft_violation_LR01,soft_violation_LR02,soft_violation_LR03,soft_violation_LR04,soft_violation_LR05
Neural Network (MLP),0.25,validation,fixed_threshold_0.5,prespecified,2222,0.8577857785778578,0.6560421838476452,0.5063829787234042,0.3730407523510972,0.9390436153441933,0.4296028880866426,0.3270643480688391,0.09996744565251475,1787,116,200,119,0.5,0.8199954864205503,0.4484006168511307,-0.39191291801842515,0.9328963455542167,0.09000900090009001,207,0.09315931593159316,524,712.5,0.4580395411486514,0.4407038854757376,0.4445370844238976,457,0.2211600446188168,0.3950381679389313,4,0,10,5,188,0.6521375502149264,0.14320601386189014,0.4070773176730625,0.6324753953764837,0.5062299049290591
Neural Network (MLP),0.25,test,fixed_threshold_0.5,prespecified,2777,0.8602808786460209,0.6670866611440291,0.5180327868852459,0.39598997493734334,0.9381833473507148,0.44886363636363635,0.3485091183144747,0.10507815187311842,2231,147,241,158,0.5,0.7819854514334617,0.42529673616091535,-0.5189819609300024,0.817870613585031,0.09542671948145481,279,0.10046813107670148,670,905.0,0.46773879080256164,0.45475923861122103,0.4557259660528247,588,0.23371560670812125,0.4164179104477612,15,0,24,11,229,0.7829272547627195,0.1314116758675133,0.4803213306234381,0.6600277097895741,0.5047443225821282
