algorithm,penalty_multiplier,split,evaluation_mode,threshold_selected_on,n_patients,accuracy,balanced_accuracy,precision,recall_sensitivity,specificity,f1,log_loss,brier_score,tn,fp,fn,tp,threshold,roc_auc,average_precision,calibration_intercept,calibration_slope,patient_violation_rate,total_rule_patient_violations,violations_per_patient,active_rule_count,active_rule_weight,soft_rule_violation,unweighted_soft_rule_violation,mean_patient_soft_rule_violation,patients_with_active_rules,rule_bce_per_patient,active_rule_violation_rate,violation_LR02_pos,violation_LR03_neg,violation_LR04_neg,violation_LR05_neg,soft_violation_LR02,soft_violation_LR03,soft_violation_LR04,soft_violation_LR05
neural:leave_out_LR01,0.0,validation,fixed_threshold_0.5,prespecified,2778,0.8603311735061195,0.5680184066724188,0.5478260869565217,0.15789473684210525,0.9781420765027322,0.245136186770428,0.3401498941990284,0.10336897278034907,2327,52,336,63,0.5,0.7923144346785417,0.3945487977180163,-0.04559101436130201,0.9704074759332653,0.15910727141828654,494,0.17782577393808496,711,961.0,0.58013883351432,0.5531091102365312,0.5539893975077611,621,0.3646947806164882,0.6947960618846695,0,64,14,416,0.07331812889434587,0.6624883955833738,0.7666202170153459,0.6570113665163517
neural:leave_out_LR01,0.0,test,fixed_threshold_0.5,prespecified,2778,0.8740100791936645,0.5906064025132187,0.7333333333333333,0.19298245614035087,0.9882303488860866,0.3055555555555556,0.3266836116287911,0.09706227171673955,2351,28,322,77,0.5,0.8034056347257382,0.486491531883908,0.24593559239224297,1.1007906954987479,0.14326853851691865,435,0.15658747300215983,629,854.5,0.5990881377463078,0.573460985433111,0.5745755186328957,561,0.34819991453106464,0.6915739268680445,0,47,19,369,0.06551574417792355,0.6984573519892162,0.8201171990091863,0.6705714140434289
