algorithm,penalty_multiplier,split,evaluation_mode,threshold_selected_on,n_patients,accuracy,balanced_accuracy,precision,recall_sensitivity,specificity,f1,log_loss,brier_score,tn,fp,fn,tp,threshold,roc_auc,average_precision,calibration_intercept,calibration_slope,patient_violation_rate,total_rule_patient_violations,violations_per_patient,active_rule_count,active_rule_weight,soft_rule_violation,unweighted_soft_rule_violation,mean_patient_soft_rule_violation,patients_with_active_rules,rule_bce_per_patient,active_rule_violation_rate,violation_LR01_neg,violation_LR02_pos,violation_LR03_neg,violation_LR04_neg,violation_LR05_neg,soft_violation_LR01,soft_violation_LR02,soft_violation_LR03,soft_violation_LR04,soft_violation_LR05
Neural Network (MLP),0.0,validation,baseline_common_threshold,lambda_0_validation,2222,0.7551755175517552,0.7487814159131679,0.3385939741750359,0.7398119122257053,0.7577509196006306,0.4645669291338583,0.3310749560009346,0.10039017904364357,1442,461,83,236,0.12592246383428574,0.8100936155912872,0.418380605219782,0.05438306217886615,1.02315308123324,0.036003600360036005,82,0.0369036903690369,562,757.0,0.5862393356057541,0.5613862716936433,0.5637838676628499,501,0.3838678159169897,0.14590747330960854,11,12,7,5,47,0.9181777321630054,0.07660118627642827,0.685052937199551,0.8416051570148694,0.6578671403165557
Neural Network (MLP),0.0,test,baseline_common_threshold,lambda_0_validation,2777,0.7554915376305366,0.7362598042625488,0.33451536643026003,0.7092731829573935,0.763246425567704,0.45461847389558235,0.3296125090461608,0.09965127194703795,1815,563,116,283,0.12592246383428574,0.8100117830320123,0.4387436150622437,0.07320137522599628,1.0253245918288538,0.03240907454087144,91,0.03276917536910335,676,898.0,0.5744774840186533,0.546816426347684,0.550779192943578,593,0.3530277649358154,0.1346153846153846,7,18,8,11,47,0.8957612044177949,0.08220655570695584,0.6478829554925186,0.7692381017038534,0.6587066506203432
