algorithm,penalty_multiplier,split,evaluation_mode,threshold_selected_on,n_patients,accuracy,balanced_accuracy,precision,recall_sensitivity,specificity,f1,log_loss,brier_score,tn,fp,fn,tp,threshold,roc_auc,average_precision,calibration_intercept,calibration_slope,patient_violation_rate,total_rule_patient_violations,violations_per_patient,active_rule_count,active_rule_weight,soft_rule_violation,unweighted_soft_rule_violation,mean_patient_soft_rule_violation,patients_with_active_rules,rule_bce_per_patient,active_rule_violation_rate,violation_LR01_neg,violation_LR02_pos,violation_LR03_neg,violation_LR04_neg,violation_LR05_neg,soft_violation_LR01,soft_violation_LR02,soft_violation_LR03,soft_violation_LR04,soft_violation_LR05
Neural Network (MLP),0.0,validation,fixed_threshold_0.5,prespecified,2222,0.8631863186318632,0.5926576911229093,0.5619834710743802,0.21316614420062696,0.9721492380451918,0.3090909090909091,0.3310749560009346,0.10039017904364357,1850,53,251,68,0.5,0.8100936155912872,0.418380605219782,0.05438306217886615,1.02315308123324,0.14806480648064807,358,0.16111611161116113,562,757.0,0.5862393356057541,0.5613862716936433,0.5637838676628499,501,0.3838678159169897,0.6370106761565836,12,0,37,14,295,0.9181777321630054,0.07660118627642827,0.685052937199551,0.8416051570148694,0.6578671403165557
Neural Network (MLP),0.0,test,fixed_threshold_0.5,prespecified,2777,0.8696435001800504,0.6026810086612663,0.6275862068965518,0.22807017543859648,0.977291841883936,0.33455882352941174,0.3296125090461608,0.09965127194703795,2324,54,308,91,0.5,0.8100117830320123,0.4387436150622437,0.07320137522599628,1.0253245918288538,0.14151962549513863,425,0.1530428519985596,676,898.0,0.5744774840186533,0.546816426347684,0.550779192943578,593,0.3530277649358154,0.628698224852071,8,0,43,27,347,0.8957612044177949,0.08220655570695584,0.6478829554925186,0.7692381017038534,0.6587066506203432
