algorithm,penalty_multiplier,split,evaluation_mode,threshold_selected_on,n_patients,accuracy,balanced_accuracy,precision,recall_sensitivity,specificity,f1,log_loss,brier_score,tn,fp,fn,tp,threshold,roc_auc,average_precision,calibration_intercept,calibration_slope,patient_violation_rate,total_rule_patient_violations,violations_per_patient,active_rule_count,active_rule_weight,soft_rule_violation,unweighted_soft_rule_violation,mean_patient_soft_rule_violation,patients_with_active_rules,rule_bce_per_patient,active_rule_violation_rate,violation_LR01_neg,violation_LR02_pos,violation_LR03_neg,violation_LR04_neg,violation_LR05_neg,soft_violation_LR01,soft_violation_LR02,soft_violation_LR03,soft_violation_LR04,soft_violation_LR05
LightGBM,0.0,validation,fixed_threshold_0.5,prespecified,2222,0.8721872187218722,0.6148730679326653,0.6377952755905512,0.25391849529780564,0.9758276405675249,0.3632286995515695,0.32961101178649366,0.09802986975635021,1857,46,238,81,0.5,0.7979679008725704,0.4659165402278267,0.06054997355607635,1.0069195167819176,0.12466246624662466,293,0.13186318631863186,520,695.5,0.5676837444817311,0.5388064343343851,0.5440771190466018,462,0.3343669554622617,0.5634615384615385,9,0,23,10,251,0.871310957966267,0.10015849169786437,0.607068903580751,0.6512989219999498,0.6532461449183118
LightGBM,0.0,test,fixed_threshold_0.5,prespecified,2778,0.8664506839452844,0.601837190706906,0.5897435897435898,0.23057644110275688,0.973097940311055,0.33153153153153153,0.33304843315488514,0.10072325527288946,2315,64,307,92,0.5,0.8029594794046908,0.44204349855195896,-0.05867410969277517,0.9781499995912359,0.1447084233261339,448,0.16126709863210942,719,962.0,0.5747845579943469,0.5512784928600517,0.5543316738869096,617,0.36646903864446223,0.6230876216968011,6,0,59,18,365,0.892949817182954,0.10099792689876677,0.630366220045962,0.647576928993009,0.6443354256139283
