algorithm,penalty_multiplier,split,evaluation_mode,threshold_selected_on,n_patients,accuracy,balanced_accuracy,precision,recall_sensitivity,specificity,f1,log_loss,brier_score,tn,fp,fn,tp,threshold,roc_auc,average_precision,calibration_intercept,calibration_slope,patient_violation_rate,total_rule_patient_violations,violations_per_patient,active_rule_count,active_rule_weight,soft_rule_violation,unweighted_soft_rule_violation,mean_patient_soft_rule_violation,patients_with_active_rules,rule_bce_per_patient,active_rule_violation_rate,violation_LR01_neg,violation_LR02_pos,violation_LR03_neg,violation_LR04_neg,violation_LR05_neg,soft_violation_LR01,soft_violation_LR02,soft_violation_LR03,soft_violation_LR04,soft_violation_LR05
LightGBM,0.0,validation,baseline_common_threshold,lambda_0_validation,2222,0.7295229522952296,0.7338050627865258,0.3129973474801061,0.7398119122257053,0.7277982133473463,0.43988816402609504,0.32961101178649366,0.09802986975635021,1385,518,83,236,0.1202484246635915,0.7979679008725704,0.4659165402278267,0.06054997355607635,1.0069195167819176,0.03375337533753375,75,0.03375337533753375,520,695.5,0.5676837444817311,0.5388064343343851,0.5440771190466018,462,0.3343669554622617,0.14423076923076922,7,29,4,6,29,0.871310957966267,0.10015849169786437,0.607068903580751,0.6512989219999498,0.6532461449183118
LightGBM,0.0,test,baseline_common_threshold,lambda_0_validation,2778,0.7131029517638588,0.7313254763643029,0.3013972055888224,0.7568922305764411,0.7057587221521647,0.43112062812276947,0.33304843315488514,0.10072325527288946,1679,700,97,302,0.1202484246635915,0.8029594794046908,0.44204349855195896,-0.05867410969277517,0.9781499995912359,0.03419726421886249,98,0.035277177825773935,719,962.0,0.5747845579943469,0.5512784928600517,0.5543316738869096,617,0.36646903864446223,0.13630041724617525,5,33,8,3,49,0.892949817182954,0.10099792689876677,0.630366220045962,0.647576928993009,0.6443354256139283
