algorithm,penalty_multiplier,split,evaluation_mode,threshold_selected_on,n_patients,accuracy,balanced_accuracy,precision,recall_sensitivity,specificity,f1,log_loss,brier_score,tn,fp,fn,tp,threshold,roc_auc,average_precision,calibration_intercept,calibration_slope,patient_violation_rate,total_rule_patient_violations,violations_per_patient,active_rule_count,active_rule_weight,soft_rule_violation,unweighted_soft_rule_violation,mean_patient_soft_rule_violation,patients_with_active_rules,rule_bce_per_patient,active_rule_violation_rate,violation_LR01_neg,violation_LR02_pos,violation_LR03_neg,violation_LR04_neg,violation_LR05_neg,soft_violation_LR01,soft_violation_LR02,soft_violation_LR03,soft_violation_LR04,soft_violation_LR05
LightGBM,0.1,validation,fixed_threshold_0.5,prespecified,2222,0.8667866786678667,0.6234620472212659,0.5732484076433121,0.28213166144200624,0.9647924330005255,0.37815126050420167,0.32259517093626144,0.09744413732747914,1836,67,229,90,0.5,0.8199658351686909,0.4507810805698878,-0.13144526070218807,1.014575697979353,0.1188118811881188,275,0.12376237623762376,524,712.5,0.520988157917792,0.4984312739322315,0.5055523124592618,457,0.2746644222221998,0.5248091603053435,4,0,14,7,250,0.6918093442705117,0.1214443409621103,0.47579641812323087,0.618298561618761,0.5836927054426395
LightGBM,0.1,test,fixed_threshold_0.5,prespecified,2777,0.8631616852718761,0.6260109904702884,0.5441860465116279,0.2932330827067669,0.95878889823381,0.3811074918566775,0.3425979339237557,0.10207050571113448,2280,98,282,117,0.5,0.7811322882479538,0.44006766145987547,-0.3199383148110116,0.8767002103972057,0.12171407994238387,364,0.1310767014764134,670,905.0,0.5300374022505905,0.5123795535505464,0.5164551237586891,588,0.29026245580816107,0.5432835820895522,15,0,36,11,302,0.8085702301709932,0.1151819188023575,0.5545602391308068,0.6578429526863936,0.5803810559911419
