algorithm,penalty_multiplier,split,evaluation_mode,threshold_selected_on,n_patients,accuracy,balanced_accuracy,precision,recall_sensitivity,specificity,f1,log_loss,brier_score,tn,fp,fn,tp,threshold,roc_auc,average_precision,calibration_intercept,calibration_slope,patient_violation_rate,total_rule_patient_violations,violations_per_patient,active_rule_count,active_rule_weight,soft_rule_violation,unweighted_soft_rule_violation,mean_patient_soft_rule_violation,patients_with_active_rules,rule_bce_per_patient,active_rule_violation_rate,violation_LR01_neg,violation_LR02_pos,violation_LR03_neg,violation_LR04_neg,violation_LR05_neg,soft_violation_LR01,soft_violation_LR02,soft_violation_LR03,soft_violation_LR04,soft_violation_LR05
XGBoost,0.1,validation,fixed_threshold_0.5,prespecified,2778,0.8531317494600432,0.6211777868378385,0.4816326530612245,0.2957393483709273,0.9466162253047499,0.36645962732919257,0.345990758574575,0.10552690197164064,2252,127,281,118,0.5,0.7880814899796782,0.40536484339565887,-0.37632701802928226,0.900852870014021,0.11591072714182865,348,0.12526997840172785,722,972.0,0.5036233240077187,0.483444008929113,0.483914305590644,629,0.28305808718549713,0.481994459833795,9,2,36,7,294,0.8324393928523459,0.1183240762587812,0.5364219174722495,0.5435447787511751,0.5619011859547323
XGBoost,0.1,test,fixed_threshold_0.5,prespecified,2778,0.871130309575234,0.632729364394593,0.6040609137055838,0.2982456140350877,0.9672131147540983,0.39932885906040266,0.3291223672462998,0.09818578859244328,2301,78,280,119,0.5,0.8036995599549525,0.46683464451407203,-0.12546406124442136,1.0205112273465973,0.11231101511879049,332,0.11951043916486681,639,864.5,0.5189360444122836,0.49920247877730045,0.5017041208671862,566,0.26559394791306234,0.5195618153364632,8,0,27,15,282,0.740218767330026,0.10831078393493243,0.5489085206203551,0.6650865335439761,0.5748551062338101
