algorithm,penalty_multiplier,split,evaluation_mode,threshold_selected_on,n_patients,accuracy,balanced_accuracy,precision,recall_sensitivity,specificity,f1,log_loss,brier_score,tn,fp,fn,tp,threshold,roc_auc,average_precision,calibration_intercept,calibration_slope,patient_violation_rate,total_rule_patient_violations,violations_per_patient,active_rule_count,active_rule_weight,soft_rule_violation,unweighted_soft_rule_violation,mean_patient_soft_rule_violation,patients_with_active_rules,rule_bce_per_patient,active_rule_violation_rate,violation_LR01_neg,violation_LR02_pos,violation_LR03_neg,violation_LR04_neg,violation_LR05_neg,soft_violation_LR01,soft_violation_LR02,soft_violation_LR03,soft_violation_LR04,soft_violation_LR05
Neural Network (MLP),0.0,validation,fixed_threshold_0.5,prespecified,2222,0.8645364536453646,0.5947505753166507,0.575,0.21630094043887146,0.9732002101944298,0.3143507972665148,0.3245733405312744,0.09802523208884073,1852,51,250,69,0.5,0.815895377205106,0.4549073154299361,0.08274846232601472,1.0631935459588593,0.14491449144914492,357,0.16066606660666066,557,749.0,0.5717329447371964,0.5447381076189499,0.5431370614461208,484,0.35705377280999184,0.6409335727109515,3,0,38,15,301,0.8398104237599505,0.0872048362194597,0.690780828869532,0.7405566888697007,0.6500460920021093
Neural Network (MLP),0.0,test,fixed_threshold_0.5,prespecified,2778,0.8624910007199424,0.5901386505355444,0.5570469798657718,0.20802005012531327,0.9722572509457755,0.3029197080291971,0.33413088727417634,0.10076690759370205,2313,66,316,83,0.5,0.7982124289285635,0.4254543580635424,0.009359830013434312,1.008730038977876,0.14542836573074155,443,0.15946724262059037,686,922.0,0.5808928652433509,0.55670455492403,0.562075749663325,597,0.3645005885363386,0.6457725947521866,11,0,50,18,364,0.9019323798517385,0.07550407012784353,0.654556690730521,0.8511006397850536,0.6512029537139198
