algorithm,penalty_multiplier,split,evaluation_mode,threshold_selected_on,n_patients,accuracy,balanced_accuracy,precision,recall_sensitivity,specificity,f1,log_loss,brier_score,tn,fp,fn,tp,threshold,roc_auc,average_precision,calibration_intercept,calibration_slope,patient_violation_rate,total_rule_patient_violations,violations_per_patient,active_rule_count,active_rule_weight,soft_rule_violation,unweighted_soft_rule_violation,mean_patient_soft_rule_violation,patients_with_active_rules,rule_bce_per_patient,active_rule_violation_rate,violation_LR01_neg,violation_LR03_neg,violation_LR04_neg,violation_LR05_neg,soft_violation_LR01,soft_violation_LR03,soft_violation_LR04,soft_violation_LR05
lightgbm:leave_out_LR02,0.1,validation,fixed_threshold_0.5,prespecified,2778,0.8549316054715623,0.6232716090351983,0.49173553719008267,0.2982456140350877,0.9482976040353089,0.3712948517940718,0.34565110281679134,0.1053157145206799,2256,123,280,119,0.5,0.787585293624983,0.40289396057992116,-0.38468032768729626,0.8767619175100904,0.11771058315334773,349,0.12562994960403168,592,842.0,0.5634897552487557,0.5643006386638334,0.5716771817388279,537,0.27783544739124,0.589527027027027,9,32,9,299,0.816495252322436,0.5338566078017123,0.604346835840253,0.5615695833218516
lightgbm:leave_out_LR02,0.1,test,fixed_threshold_0.5,prespecified,2778,0.871130309575234,0.6379441668483946,0.5990338164251208,0.3107769423558897,0.9651113913408995,0.40924092409240925,0.32928555695227985,0.09821638159568911,2296,83,275,124,0.5,0.8023721556939848,0.4683779784489993,-0.15661184411355492,0.9789650176115955,0.10979121670266379,326,0.11735061195104392,531,756.5,0.5756363444710593,0.5764476812512712,0.5839291978879143,487,0.26132043242372166,0.6139359698681732,7,28,15,276,0.6964131420942522,0.546012335020737,0.659610870608539,0.5737258352458152
