algorithm,penalty_multiplier,split,evaluation_mode,threshold_selected_on,n_patients,accuracy,balanced_accuracy,precision,recall_sensitivity,specificity,f1,log_loss,brier_score,tn,fp,fn,tp,threshold,roc_auc,average_precision,calibration_intercept,calibration_slope,patient_violation_rate,total_rule_patient_violations,violations_per_patient,active_rule_count,active_rule_weight,soft_rule_violation,unweighted_soft_rule_violation,mean_patient_soft_rule_violation,patients_with_active_rules,rule_bce_per_patient,active_rule_violation_rate,violation_LR01_neg,violation_LR03_neg,violation_LR04_neg,violation_LR05_neg,soft_violation_LR01,soft_violation_LR03,soft_violation_LR04,soft_violation_LR05
lightgbm:leave_out_LR02,0.1,validation,per_lambda_validation_optimized_threshold,same_lambda_validation,2778,0.7491000719942404,0.7304405401903244,0.3267441860465116,0.7042606516290727,0.7566204287515763,0.44638602065131056,0.34565110281679134,0.1053157145206799,1800,579,118,281,0.18329226816277877,0.787585293624983,0.40289396057992116,-0.38468032768729626,0.8767619175100904,0.013678905687544997,38,0.013678905687544997,592,842.0,0.5634897552487557,0.5643006386638334,0.5716771817388279,537,0.27783544739124,0.06418918918918919,9,3,6,20,0.816495252322436,0.5338566078017123,0.604346835840253,0.5615695833218516
lightgbm:leave_out_LR02,0.1,test,per_lambda_validation_optimized_threshold,same_lambda_validation,2778,0.7652987760979122,0.7252968486790747,0.3392630241423126,0.6691729323308271,0.7814207650273224,0.4502529510961214,0.32928555695227985,0.09821638159568911,1859,520,132,267,0.18329226816277877,0.8023721556939848,0.4683779784489993,-0.15661184411355492,0.9789650176115955,0.014398848092152628,40,0.014398848092152628,531,756.5,0.5756363444710593,0.5764476812512712,0.5839291978879143,487,0.26132043242372166,0.07532956685499058,5,6,6,23,0.6964131420942522,0.546012335020737,0.659610870608539,0.5737258352458152
