algorithm,penalty_multiplier,split,evaluation_mode,threshold_selected_on,n_patients,accuracy,balanced_accuracy,precision,recall_sensitivity,specificity,f1,log_loss,brier_score,tn,fp,fn,tp,threshold,roc_auc,average_precision,calibration_intercept,calibration_slope,patient_violation_rate,total_rule_patient_violations,violations_per_patient,active_rule_count,active_rule_weight,soft_rule_violation,unweighted_soft_rule_violation,mean_patient_soft_rule_violation,patients_with_active_rules,rule_bce_per_patient,active_rule_violation_rate,violation_LR01_neg,violation_LR03_neg,violation_LR04_neg,violation_LR05_neg,soft_violation_LR01,soft_violation_LR03,soft_violation_LR04,soft_violation_LR05
lightgbm:leave_out_LR02,0.1,validation,baseline_common_threshold,lambda_0_validation,2778,0.7242620590352772,0.7242823325653351,0.3058201058201058,0.7243107769423559,0.7242538881883144,0.43005952380952384,0.34565110281679134,0.1053157145206799,1723,656,110,289,0.1620460991482594,0.787585293624983,0.40289396057992116,-0.38468032768729626,0.8767619175100904,0.007919366450683946,22,0.007919366450683946,592,842.0,0.5634897552487557,0.5643006386638334,0.5716771817388279,537,0.27783544739124,0.037162162162162164,8,2,6,6,0.816495252322436,0.5338566078017123,0.604346835840253,0.5615695833218516
lightgbm:leave_out_LR02,0.1,test,baseline_common_threshold,lambda_0_validation,2778,0.744060475161987,0.7285410879026064,0.3219178082191781,0.706766917293233,0.7503152585119798,0.4423529411764706,0.32928555695227985,0.09821638159568911,1785,594,117,282,0.1620460991482594,0.8023721556939848,0.4683779784489993,-0.15661184411355492,0.9789650176115955,0.00827933765298776,23,0.00827933765298776,531,756.5,0.5756363444710593,0.5764476812512712,0.5839291978879143,487,0.26132043242372166,0.04331450094161959,5,5,6,7,0.6964131420942522,0.546012335020737,0.659610870608539,0.5737258352458152
