algorithm,penalty_multiplier,split,evaluation_mode,threshold_selected_on,n_patients,accuracy,balanced_accuracy,precision,recall_sensitivity,specificity,f1,log_loss,brier_score,tn,fp,fn,tp,threshold,roc_auc,average_precision,calibration_intercept,calibration_slope,patient_violation_rate,total_rule_patient_violations,violations_per_patient,active_rule_count,active_rule_weight,soft_rule_violation,unweighted_soft_rule_violation,mean_patient_soft_rule_violation,patients_with_active_rules,rule_bce_per_patient,active_rule_violation_rate,violation_LR01_neg,soft_violation_LR01
xgboost:single_LR01,0.5,validation,fixed_threshold_0.5,prespecified,2778,0.8610511159107271,0.5882550006795045,0.543046357615894,0.20551378446115287,0.9709962168978562,0.29818181818181816,0.34115544338309406,0.10339424078840212,2310,69,317,82,0.5,0.7891507878565686,0.41050577463906207,-0.1694051324618518,0.9462235973729247,0.0032397408207343412,9,0.0032397408207343412,11,11.0,0.6664067831670407,0.6664067831670407,0.6664067831670406,11,0.004765649682433359,0.8181818181818182,9,0.6664067831670406
xgboost:single_LR01,0.5,test,fixed_threshold_0.5,prespecified,2778,0.8700503959683226,0.6049818746108652,0.6283783783783784,0.23308270676691728,0.976881042454813,0.340036563071298,0.3290779509883934,0.0982881328427265,2324,55,306,93,0.5,0.8019323213456085,0.4609129857159938,0.06206869707707102,1.0375440184860314,0.0021598272138228943,6,0.0021598272138228943,10,10.0,0.5890192384379087,0.5890192384379087,0.5890192384379087,10,0.0037556255989568714,0.6,6,0.5890192384379087
