algorithm,penalty_multiplier,split,evaluation_mode,threshold_selected_on,n_patients,accuracy,balanced_accuracy,precision,recall_sensitivity,specificity,f1,log_loss,brier_score,tn,fp,fn,tp,threshold,roc_auc,average_precision,calibration_intercept,calibration_slope,patient_violation_rate,total_rule_patient_violations,violations_per_patient,active_rule_count,active_rule_weight,soft_rule_violation,unweighted_soft_rule_violation,mean_patient_soft_rule_violation,patients_with_active_rules,rule_bce_per_patient,active_rule_violation_rate,violation_LR01_neg,soft_violation_LR01
xgboost:single_LR01,0.5,validation,per_lambda_validation_optimized_threshold,same_lambda_validation,2778,0.765658747300216,0.7275929420019153,0.34050632911392403,0.6741854636591479,0.7810004203446826,0.45248107653490327,0.34115544338309406,0.10339424078840212,1858,521,130,269,0.17797255156446568,0.7891507878565686,0.41050577463906207,-0.1694051324618518,0.9462235973729247,0.0003599712023038157,1,0.0003599712023038157,11,11.0,0.6664067831670407,0.6664067831670407,0.6664067831670406,11,0.004765649682433359,0.09090909090909091,1,0.6664067831670406
xgboost:single_LR01,0.5,test,per_lambda_validation_optimized_threshold,same_lambda_validation,2778,0.7912167026637869,0.7247848498927014,0.3678832116788321,0.631578947368421,0.8179907524169819,0.46494464944649444,0.3290779509883934,0.0982881328427265,1946,433,147,252,0.17797255156446568,0.8019323213456085,0.4609129857159938,0.06206869707707102,1.0375440184860314,0.0003599712023038157,1,0.0003599712023038157,10,10.0,0.5890192384379087,0.5890192384379087,0.5890192384379087,10,0.0037556255989568714,0.1,1,0.5890192384379087
