algorithm,penalty_multiplier,split,evaluation_mode,threshold_selected_on,n_patients,accuracy,balanced_accuracy,precision,recall_sensitivity,specificity,f1,log_loss,brier_score,tn,fp,fn,tp,threshold,roc_auc,average_precision,calibration_intercept,calibration_slope,patient_violation_rate,total_rule_patient_violations,violations_per_patient,active_rule_count,active_rule_weight,soft_rule_violation,unweighted_soft_rule_violation,mean_patient_soft_rule_violation,patients_with_active_rules,rule_bce_per_patient,active_rule_violation_rate,violation_LR01_neg,violation_LR02_pos,violation_LR03_neg,violation_LR04_neg,violation_LR05_neg,soft_violation_LR01,soft_violation_LR02,soft_violation_LR03,soft_violation_LR04,soft_violation_LR05
XGBoost,0.1,validation,fixed_threshold_0.5,prespecified,2222,0.864986498649865,0.636762280971968,0.5519125683060109,0.3166144200626959,0.9569101418812401,0.40239043824701193,0.3309511321765197,0.10018052417390617,1821,82,218,101,0.5,0.8063312011886858,0.4479235781181604,-0.24474840071861312,0.9209070200306124,0.11026102610261027,263,0.11836183618361837,557,749.0,0.5014303963904179,0.479100236318552,0.4788091587617743,484,0.27880675472105726,0.47217235188509876,2,1,22,10,228,0.7315120382570918,0.12670616813049174,0.5357716181722388,0.6277901385273288,0.566211121182237
XGBoost,0.1,test,fixed_threshold_0.5,prespecified,2778,0.8606911447084233,0.6255914060055561,0.5267857142857143,0.2957393483709273,0.955443463640185,0.37881219903691815,0.3402943117975025,0.10303906380147254,2273,106,281,118,0.5,0.7928053635560107,0.4156034796892215,-0.30742916431780176,0.8750529096641518,0.11375089992800576,332,0.11951043916486681,686,922.0,0.5075535994825214,0.4878176664494852,0.4940485137634712,597,0.28196290594398743,0.4839650145772595,10,0,27,14,281,0.8204474931198746,0.1172772149548649,0.5147370750116635,0.7240923029354236,0.5649216082141437
