algorithm,penalty_multiplier,split,evaluation_mode,threshold_selected_on,n_patients,accuracy,balanced_accuracy,precision,recall_sensitivity,specificity,f1,log_loss,brier_score,tn,fp,fn,tp,threshold,roc_auc,average_precision,calibration_intercept,calibration_slope,patient_violation_rate,total_rule_patient_violations,violations_per_patient,active_rule_count,active_rule_weight,soft_rule_violation,unweighted_soft_rule_violation,mean_patient_soft_rule_violation,patients_with_active_rules,rule_bce_per_patient,active_rule_violation_rate,violation_LR02_pos,soft_violation_LR02
neural:single_LR02,0.25,validation,fixed_threshold_0.5,prespecified,2778,0.8610511159107271,0.5653098698827775,0.5607476635514018,0.15037593984962405,0.980243799915931,0.23715415019762845,0.3408283413447033,0.10350770531446758,2332,47,339,60,0.5,0.790912232240964,0.3967813493121036,-0.03705060059174079,0.9590327502010944,0.0,0,0.0,130,130.0,0.05799566815869931,0.05799566815869931,0.0579956681586993,130,0.0028489199456159715,0.0,0,0.0579956681586993
neural:single_LR02,0.25,test,fixed_threshold_0.5,prespecified,2778,0.8729301655867531,0.5847610830354575,0.7346938775510204,0.18045112781954886,0.9890710382513661,0.289738430583501,0.32832155102237415,0.09754190786020178,2353,26,327,72,0.5,0.8005327526466439,0.4818918621612225,0.24508663443545087,1.081333609963023,0.0,0,0.0,108,108.0,0.05110495382586472,0.05110495382586472,0.0511049538258647,108,0.0020661993523906717,0.0,0,0.0511049538258647
