algorithm,penalty_multiplier,split,evaluation_mode,threshold_selected_on,n_patients,accuracy,balanced_accuracy,precision,recall_sensitivity,specificity,f1,log_loss,brier_score,tn,fp,fn,tp,threshold,roc_auc,average_precision,calibration_intercept,calibration_slope,patient_violation_rate,total_rule_patient_violations,violations_per_patient,active_rule_count,active_rule_weight,soft_rule_violation,unweighted_soft_rule_violation,mean_patient_soft_rule_violation,patients_with_active_rules,rule_bce_per_patient,active_rule_violation_rate,violation_LR02_pos,soft_violation_LR02
neural:single_LR02,0.25,validation,per_lambda_validation_optimized_threshold,same_lambda_validation,2778,0.7217422606191505,0.7332407310836992,0.30761316872427985,0.7493734335839599,0.7171080285834385,0.4361779722830051,0.3408283413447033,0.10350770531446758,1706,673,100,299,0.12324388573567073,0.790912232240964,0.3967813493121036,-0.03705060059174079,0.9590327502010944,0.003599712023038157,10,0.003599712023038157,130,130.0,0.05799566815869931,0.05799566815869931,0.0579956681586993,130,0.0028489199456159715,0.07692307692307693,10,0.0579956681586993
neural:single_LR02,0.25,test,per_lambda_validation_optimized_threshold,same_lambda_validation,2778,0.7408207343412527,0.7339502602660497,0.32146829810901,0.7243107769423559,0.7435897435897436,0.4453004622496148,0.32832155102237415,0.09754190786020178,1769,610,110,289,0.12324388573567073,0.8005327526466439,0.4818918621612225,0.24508663443545087,1.081333609963023,0.0021598272138228943,6,0.0021598272138228943,108,108.0,0.05110495382586472,0.05110495382586472,0.0511049538258647,108,0.0020661993523906717,0.05555555555555555,6,0.0511049538258647
