algorithm,penalty_multiplier,split,evaluation_mode,threshold_selected_on,n_patients,accuracy,balanced_accuracy,precision,recall_sensitivity,specificity,f1,log_loss,brier_score,tn,fp,fn,tp,threshold,roc_auc,average_precision,calibration_intercept,calibration_slope,patient_violation_rate,total_rule_patient_violations,violations_per_patient,active_rule_count,active_rule_weight,soft_rule_violation,unweighted_soft_rule_violation,mean_patient_soft_rule_violation,patients_with_active_rules,rule_bce_per_patient,active_rule_violation_rate,violation_LR02_pos,soft_violation_LR02
neural:single_LR02,0.25,validation,baseline_common_threshold,lambda_0_validation,2778,0.7116630669546437,0.7304847869990234,0.30019880715705766,0.7568922305764411,0.7040773434216057,0.4298932384341637,0.3408283413447033,0.10350770531446758,1675,704,97,302,0.11813894162575404,0.790912232240964,0.3967813493121036,-0.03705060059174079,0.9590327502010944,0.003599712023038157,10,0.003599712023038157,130,130.0,0.05799566815869931,0.05799566815869931,0.0579956681586993,130,0.0028489199456159715,0.07692307692307693,10,0.0579956681586993
neural:single_LR02,0.25,test,baseline_common_threshold,lambda_0_validation,2778,0.730381569474442,0.7299411833492938,0.31223175965665234,0.7293233082706767,0.7305590584279109,0.43726521412471825,0.32832155102237415,0.09754190786020178,1738,641,108,291,0.11813894162575404,0.8005327526466439,0.4818918621612225,0.24508663443545087,1.081333609963023,0.0021598272138228943,6,0.0021598272138228943,108,108.0,0.05110495382586472,0.05110495382586472,0.0511049538258647,108,0.0020661993523906717,0.05555555555555555,6,0.0511049538258647
