feature,standardized_coefficient,odds_ratio_per_sd
MCV,0.10727642151565363,1.1132419359757053
MCH,0.10471200033080133,1.1103907721262103
HBA2,-0.0031524037303089702,0.9968525598771957
HBF,-0.027226210707470458,0.9731410816914619
