feature,standardized_coefficient,odds_ratio_per_sd
MCV,0.13813348479143414,1.1481287977789565
MCH,0.13373058824330847,1.1430848176680577
HBA2,-0.004292862549002027,0.9957163386142784
HBF,-0.02683435026949269,0.973522491906854
