feature,standardized_coefficient,odds_ratio_per_sd
MCV,0.20777754354263822,1.2309393086911002
MCH,0.19865916890816768,1.219766160811877
HBA2,-0.005958010427499459,0.9940597033196046
HBF,-0.034662218587808685,0.9659316349108865
