feature,standardized_coefficient,odds_ratio_per_sd
MCV,0.1777587455696578,1.194537099101399
MCH,0.17075817526491496,1.1862038609003687
HBA2,-0.005406955418460027,0.9946076358550218
HBF,-0.029514368999915892,0.9709169264357278
