feature,standardized_coefficient,odds_ratio_per_sd
MCV,0.294523674435138,1.342486745608918
MCH,0.2789375241080237,1.32172476535632
HBA2,-0.006051504477025539,0.9939667689969414
HBF,-0.07156459612589716,0.9309361407844279
