feature,standardized_coefficient,odds_ratio_per_sd
MCV,0.23161764794708847,1.2606376292827934
MCH,0.22074954416052736,1.2470110702450348
HBA2,-0.006204915508167713,0.9938142952258667
HBF,-0.04114105781163755,0.9596937480997406
