algorithm,penalty_multiplier,split,evaluation_mode,threshold_selected_on,n_patients,accuracy,balanced_accuracy,precision,recall_sensitivity,specificity,f1,log_loss,brier_score,tn,fp,fn,tp,threshold,roc_auc,average_precision,calibration_intercept,calibration_slope,patient_violation_rate,total_rule_patient_violations,violations_per_patient,active_rule_count,active_rule_weight,soft_rule_violation,unweighted_soft_rule_violation,mean_patient_soft_rule_violation,patients_with_active_rules,rule_bce_per_patient,active_rule_violation_rate,violation_LR01_neg,violation_LR02_pos,violation_LR03_neg,violation_LR04_neg,violation_LR05_neg,soft_violation_LR01,soft_violation_LR02,soft_violation_LR03,soft_violation_LR04,soft_violation_LR05
XGBoost,0.0,validation,fixed_threshold_0.5,prespecified,2222,0.864986498649865,0.5832714226176455,0.594059405940594,0.18808777429467086,0.9784550709406201,0.2857142857142857,0.3350410449720014,0.10073030552750964,1862,41,259,60,0.5,0.7952012743449133,0.427958721804949,0.09351029198563703,1.023623953866217,0.14626462646264626,346,0.1557155715571557,552,739.0,0.5908504142664877,0.5641229700683151,0.5722430082851997,485,0.37860201443506586,0.6268115942028986,11,0,29,16,290,0.8996707732371505,0.09974095841256507,0.6256051589708426,0.7732765038791288,0.6697463992792749
XGBoost,0.0,test,fixed_threshold_0.5,prespecified,2777,0.8653222902412675,0.601200752090487,0.5786163522012578,0.23057644110275688,0.971825063078217,0.32974910394265233,0.3324218912670922,0.09984380575705498,2311,67,307,92,0.5,0.7988727074203591,0.43182417430664605,0.013837559914458598,1.012878035475778,0.1317969031328772,382,0.1375585163845877,639,877.0,0.5810236973520495,0.5551332704725165,0.563562694638381,573,0.34205269939803257,0.5978090766823161,7,0,20,7,348,0.7972540533588184,0.10075839502139952,0.5722018901478946,0.7340000974002823,0.6505362300244092
