feature,standardized_coefficient,odds_ratio_per_sd
MCV,0.21579499155147555,1.240847968606524
MCH,0.20662986130937297,1.2295273918871814
HBA2,0.0004449529597494612,1.0004450519660015
HBF,-0.0471402816400997,0.9539535660327134
