feature,standardized_coefficient,odds_ratio_per_sd
MCV,0.165255490490811,1.179694480934101
MCH,0.15951654634452322,1.1729436699902338
HBA2,-9.652482565789129e-05,0.9999034798327132
HBF,-0.03555790606835684,0.9650668493850308
