feature,standardized_coefficient,odds_ratio_per_sd
MCV,0.250263821269135,1.284364214591855
MCH,0.23877303807675057,1.2696903325195994
HBA2,0.0013954634345718388,1.0013964375467304
HBF,-0.06226463250975751,0.9396341961311473
