feature,standardized_coefficient,odds_ratio_per_sd
MCV,0.12896818616746242,1.137653930458375
MCH,0.12557538791184897,1.1338006406014698
HBA2,0.00011380030111570999,1.0001138067766155
HBF,-0.03297877744889964,0.967559093443444
