feature,standardized_coefficient,odds_ratio_per_sd
MCV,0.2759052546812556,1.3177230100261288
MCH,0.2626717537234339,1.3003997974962929
HBA2,0.0024676374720070623,1.0024706845952367
HBF,-0.07842343701549537,0.9245728452781763
