feature,standardized_coefficient,odds_ratio_per_sd
MCV,0.10132846171090157,1.106640070964929
MCH,0.09962239861170848,1.1047536827819535
HBA2,0.0005686326186409164,1.0005687943208166
HBF,-0.033357643028194765,0.9671925880395295
