algorithm,penalty_multiplier,split,evaluation_mode,threshold_selected_on,n_patients,accuracy,balanced_accuracy,precision,recall_sensitivity,specificity,f1,log_loss,brier_score,tn,fp,fn,tp,threshold,roc_auc,average_precision,calibration_intercept,calibration_slope,patient_violation_rate,total_rule_patient_violations,violations_per_patient,active_rule_count,active_rule_weight,soft_rule_violation,unweighted_soft_rule_violation,mean_patient_soft_rule_violation,patients_with_active_rules,rule_bce_per_patient,active_rule_violation_rate,violation_LR01_neg,violation_LR02_pos,violation_LR03_neg,violation_LR04_neg,violation_LR05_neg,soft_violation_LR01,soft_violation_LR02,soft_violation_LR03,soft_violation_LR04,soft_violation_LR05
XGBoost,0.0,validation,per_lambda_validation_optimized_threshold,same_lambda_validation,2222,0.7434743474347435,0.7445594071067462,0.32737276478679506,0.7460815047021944,0.743037309511298,0.45506692160611856,0.3321494313119546,0.1005030964281433,1414,489,81,238,0.12917397888148283,0.8040439365660885,0.4258075038129716,0.006000291784162203,1.0000816586866637,0.039603960396039604,90,0.0405040504050405,562,757.0,0.5830163499283127,0.557856910976334,0.5595680643061817,501,0.3807503800049783,0.1601423487544484,11,14,6,4,55,0.8944812188580237,0.08333715262214321,0.6795334730777636,0.7510678619160134,0.6555271432155536
XGBoost,0.0,test,per_lambda_validation_optimized_threshold,same_lambda_validation,2777,0.7504501260352899,0.7374876425715255,0.33064516129032256,0.7192982456140351,0.755677039529016,0.4530386740331492,0.33235461001788524,0.1001149354365521,1797,581,112,287,0.12917397888148283,0.8002923625295366,0.44301908092203335,0.04847689075307431,1.0013770234144816,0.038890889449045736,110,0.03961109110550954,676,898.0,0.5763350210130185,0.5478695548899791,0.5528597099041378,593,0.35632601557713434,0.16272189349112426,6,23,7,10,64,0.8851822976210062,0.08986208463846518,0.6382056280076668,0.7127571125293962,0.663013647585877
