algorithm,penalty_multiplier,split,evaluation_mode,threshold_selected_on,n_patients,accuracy,balanced_accuracy,precision,recall_sensitivity,specificity,f1,log_loss,brier_score,tn,fp,fn,tp,threshold,roc_auc,average_precision,calibration_intercept,calibration_slope,patient_violation_rate,total_rule_patient_violations,violations_per_patient,active_rule_count,active_rule_weight,soft_rule_violation,unweighted_soft_rule_violation,mean_patient_soft_rule_violation,patients_with_active_rules,rule_bce_per_patient,active_rule_violation_rate,violation_LR01_neg,violation_LR02_pos,violation_LR03_neg,violation_LR04_neg,violation_LR05_neg,soft_violation_LR01,soft_violation_LR02,soft_violation_LR03,soft_violation_LR04,soft_violation_LR05
XGBoost,0.0,validation,fixed_threshold_0.5,prespecified,2222,0.8645364536453646,0.5934459202348379,0.576271186440678,0.21316614420062696,0.9737256962690489,0.3112128146453089,0.3321494313119546,0.1005030964281433,1853,50,251,68,0.5,0.8040439365660885,0.4258075038129716,0.006000291784162203,1.0000816586866637,0.14626462646264626,354,0.15931593159315932,562,757.0,0.5830163499283127,0.557856910976334,0.5595680643061817,501,0.3807503800049783,0.6298932384341637,12,0,37,13,292,0.8944812188580237,0.08333715262214321,0.6795334730777636,0.7510678619160134,0.6555271432155536
XGBoost,0.0,test,fixed_threshold_0.5,prespecified,2777,0.863521786100108,0.5876349831686027,0.5714285714285714,0.20050125313283207,0.9747687132043734,0.29684601113172543,0.33235461001788524,0.1001149354365521,2318,60,319,80,0.5,0.8002923625295366,0.44301908092203335,0.04847689075307431,1.0013770234144816,0.1389989196975153,415,0.14944184371624056,676,898.0,0.5763350210130185,0.5478695548899791,0.5528597099041378,593,0.35632601557713434,0.613905325443787,8,0,41,25,341,0.8851822976210062,0.08986208463846518,0.6382056280076668,0.7127571125293962,0.663013647585877
