algorithm,penalty_multiplier,split,evaluation_mode,threshold_selected_on,n_patients,accuracy,balanced_accuracy,precision,recall_sensitivity,specificity,f1,log_loss,brier_score,tn,fp,fn,tp,threshold,roc_auc,average_precision,calibration_intercept,calibration_slope,patient_violation_rate,total_rule_patient_violations,violations_per_patient,active_rule_count,active_rule_weight,soft_rule_violation,unweighted_soft_rule_violation,mean_patient_soft_rule_violation,patients_with_active_rules,rule_bce_per_patient,active_rule_violation_rate,violation_LR01_neg,violation_LR02_pos,violation_LR03_neg,violation_LR04_neg,violation_LR05_neg,soft_violation_LR01,soft_violation_LR02,soft_violation_LR03,soft_violation_LR04,soft_violation_LR05
LightGBM,0.0,validation,baseline_common_threshold,lambda_0_validation,2222,0.7965796579657966,0.7364234330548861,0.3788706739526412,0.6520376175548589,0.8208092485549133,0.4792626728110599,0.32935992733259156,0.09771979372018993,1562,341,111,208,0.178705010083929,0.7960677498159151,0.4760914465595298,0.07715453741346955,1.053548217438361,0.058055805580558055,132,0.0594059405940594,572,758.0,0.5719622110383261,0.545235191706869,0.5514903367800248,491,0.3689568288735973,0.23076923076923078,8,13,9,12,90,0.8860993058237394,0.09356536859936185,0.6308751041258084,0.7995152612239362,0.6541549801651729
LightGBM,0.0,test,baseline_common_threshold,lambda_0_validation,2777,0.7850198055455527,0.7305579971796607,0.3625,0.6541353383458647,0.8069806560134567,0.46648793565683644,0.333143676224243,0.10035701320130944,1919,459,138,261,0.178705010083929,0.8000589151600617,0.43370741198507456,-0.010993018510929752,1.0138290485686945,0.05041411595246669,142,0.0511343176089305,655,889.5,0.5867383012060673,0.5631667876421163,0.5690155659146842,581,0.3464849449509429,0.216793893129771,8,16,4,6,108,0.8451647094953896,0.10110203283761754,0.6226484885961797,0.6295463439787262,0.6525777100947153
