algorithm,penalty_multiplier,split,evaluation_mode,threshold_selected_on,n_patients,accuracy,balanced_accuracy,precision,recall_sensitivity,specificity,f1,log_loss,brier_score,tn,fp,fn,tp,threshold,roc_auc,average_precision,calibration_intercept,calibration_slope,patient_violation_rate,total_rule_patient_violations,violations_per_patient,active_rule_count,active_rule_weight,soft_rule_violation,unweighted_soft_rule_violation,mean_patient_soft_rule_violation,patients_with_active_rules,rule_bce_per_patient,active_rule_violation_rate,violation_LR01_neg,violation_LR02_pos,violation_LR03_neg,violation_LR04_neg,violation_LR05_neg,soft_violation_LR01,soft_violation_LR02,soft_violation_LR03,soft_violation_LR04,soft_violation_LR05
LightGBM,0.0,validation,fixed_threshold_0.5,prespecified,2222,0.8681368136813682,0.5981571746969395,0.6140350877192983,0.219435736677116,0.976878612716763,0.3233256351039261,0.32935992733259156,0.09771979372018993,1859,44,249,70,0.5,0.7960677498159151,0.4760914465595298,0.07715453741346955,1.053548217438361,0.14401440144014402,347,0.15616561656165617,572,758.0,0.5719622110383261,0.545235191706869,0.5514903367800248,491,0.3689568288735973,0.6066433566433567,10,0,38,18,281,0.8860993058237394,0.09356536859936185,0.6308751041258084,0.7995152612239362,0.6541549801651729
LightGBM,0.0,test,fixed_threshold_0.5,prespecified,2777,0.8649621894130356,0.6030762355847566,0.573170731707317,0.23558897243107768,0.9705634987384356,0.3339253996447602,0.333143676224243,0.10035701320130944,2308,70,305,94,0.5,0.8000589151600617,0.43370741198507456,-0.010993018510929752,1.0138290485686945,0.1382787180410515,412,0.14836154123154482,655,889.5,0.5867383012060673,0.5631667876421163,0.5690155659146842,581,0.3464849449509429,0.6290076335877862,12,0,35,15,350,0.8451647094953896,0.10110203283761754,0.6226484885961797,0.6295463439787262,0.6525777100947153
