algorithm,penalty_multiplier,split,evaluation_mode,threshold_selected_on,n_patients,accuracy,balanced_accuracy,precision,recall_sensitivity,specificity,f1,log_loss,brier_score,tn,fp,fn,tp,threshold,roc_auc,average_precision,calibration_intercept,calibration_slope,patient_violation_rate,total_rule_patient_violations,violations_per_patient,active_rule_count,active_rule_weight,soft_rule_violation,unweighted_soft_rule_violation,mean_patient_soft_rule_violation,patients_with_active_rules,rule_bce_per_patient,active_rule_violation_rate,violation_LR01_neg,violation_LR02_pos,violation_LR03_neg,violation_LR04_neg,violation_LR05_neg,soft_violation_LR01,soft_violation_LR02,soft_violation_LR03,soft_violation_LR04,soft_violation_LR05
XGBoost,0.0,validation,fixed_threshold_0.5,prespecified,2222,0.8708370837083709,0.607561563411673,0.6333333333333333,0.23824451410658307,0.976878612716763,0.3462414578587699,0.33004731345788374,0.09805403629664183,1859,44,243,76,0.5,0.796886453825588,0.4710203036003585,0.06556266548963603,1.0053868465961104,0.1278127812781278,306,0.13771377137713772,520,695.5,0.5731293359534317,0.5444658988582082,0.5501246533016182,462,0.34026018499532623,0.5884615384615385,9,0,29,10,258,0.8878977122551692,0.10188128086896484,0.6202846218497658,0.6799404769996806,0.6580580384577976
XGBoost,0.0,test,fixed_threshold_0.5,prespecified,2778,0.8657307415406768,0.6024598065150265,0.58125,0.23308270676691728,0.9718369062631358,0.33273703041144903,0.3328564624899167,0.10065354671324055,2312,67,306,93,0.5,0.8026992660297232,0.44580099172775783,-0.06917049033711829,0.9719081153601541,0.14398848092152627,445,0.160187185025198,719,962.0,0.5749020252907422,0.5516470676279949,0.5556439361112606,617,0.3678833847933496,0.6189151599443672,6,0,58,20,361,0.9012985419163692,0.10088492262182724,0.6235286783082973,0.6922892071348569,0.6437099041364844
