algorithm,penalty_multiplier,split,evaluation_mode,threshold_selected_on,n_patients,accuracy,balanced_accuracy,precision,recall_sensitivity,specificity,f1,log_loss,brier_score,tn,fp,fn,tp,threshold,roc_auc,average_precision,calibration_intercept,calibration_slope,patient_violation_rate,total_rule_patient_violations,violations_per_patient,active_rule_count,active_rule_weight,soft_rule_violation,unweighted_soft_rule_violation,mean_patient_soft_rule_violation,patients_with_active_rules,rule_bce_per_patient,active_rule_violation_rate,violation_LR01_neg,violation_LR02_pos,violation_LR03_neg,violation_LR04_neg,violation_LR05_neg,soft_violation_LR01,soft_violation_LR02,soft_violation_LR03,soft_violation_LR04,soft_violation_LR05
XGBoost,0.0,validation,per_lambda_validation_optimized_threshold,same_lambda_validation,2222,0.7470747074707471,0.7349194556689076,0.32667617689015693,0.7178683385579937,0.7519705727798214,0.44901960784313727,0.33004731345788374,0.09805403629664183,1431,472,90,229,0.133120011985942,0.796886453825588,0.4710203036003585,0.06556266548963603,1.0053868465961104,0.0405040504050405,90,0.0405040504050405,520,695.5,0.5731293359534317,0.5444658988582082,0.5501246533016182,462,0.34026018499532623,0.17307692307692307,7,27,5,6,45,0.8878977122551692,0.10188128086896484,0.6202846218497658,0.6799404769996806,0.6580580384577976
XGBoost,0.0,test,per_lambda_validation_optimized_threshold,same_lambda_validation,2778,0.7235421166306696,0.7186471854288938,0.3030949839914621,0.7117794486215538,0.7255149222362337,0.4251497005988024,0.3328564624899167,0.10065354671324055,1726,653,115,284,0.133120011985942,0.8026992660297232,0.44580099172775783,-0.06917049033711829,0.9719081153601541,0.042116630669546434,120,0.04319654427645788,719,962.0,0.5749020252907422,0.5516470676279949,0.5556439361112606,617,0.3678833847933496,0.16689847009735745,5,30,9,4,72,0.9012985419163692,0.10088492262182724,0.6235286783082973,0.6922892071348569,0.6437099041364844
