algorithm,penalty_multiplier,split,evaluation_mode,threshold_selected_on,n_patients,accuracy,balanced_accuracy,precision,recall_sensitivity,specificity,f1,log_loss,brier_score,tn,fp,fn,tp,threshold,roc_auc,average_precision,calibration_intercept,calibration_slope,patient_violation_rate,total_rule_patient_violations,violations_per_patient,active_rule_count,active_rule_weight,soft_rule_violation,unweighted_soft_rule_violation,mean_patient_soft_rule_violation,patients_with_active_rules,rule_bce_per_patient,active_rule_violation_rate,violation_LR01_neg,violation_LR02_pos,violation_LR03_neg,violation_LR04_neg,violation_LR05_neg,soft_violation_LR01,soft_violation_LR02,soft_violation_LR03,soft_violation_LR04,soft_violation_LR05
XGBoost,0.0,validation,fixed_threshold_0.5,prespecified,2222,0.8667866786678667,0.5895410150941345,0.6095238095238096,0.2006269592476489,0.9784550709406201,0.3018867924528302,0.3285666004279427,0.09921906979839724,1862,41,255,64,0.5,0.8083236005844592,0.45879818606182915,0.0644463140472743,1.044386064402674,0.1485148514851485,360,0.162016201620162,551,740.0,0.5866272919002722,0.5635154138782226,0.5708525453971588,479,0.3681331572295096,0.6533575317604355,8,0,41,15,296,0.8808542471106104,0.08932507044556635,0.6285831168065336,0.7407557033089057,0.6540063648640254
XGBoost,0.0,test,fixed_threshold_0.5,prespecified,2777,0.8707238026647461,0.6033117908311569,0.6408450704225352,0.22807017543859648,0.9785534062237174,0.3364140480591497,0.3398356274501454,0.10053617064460758,2327,51,308,91,0.5,0.7770856915206434,0.46274007556078534,-0.03230827359585,0.9663824950181038,0.13971912135397913,435,0.15664386028087865,698,942.0,0.5842652858760404,0.5578084870858231,0.5619001181242825,600,0.37561527930642097,0.6232091690544412,5,0,54,9,367,0.791441022754085,0.08356306941104977,0.6262525437933657,0.7170820139319581,0.6599490791365806
