algorithm,penalty_multiplier,split,evaluation_mode,threshold_selected_on,n_patients,accuracy,balanced_accuracy,precision,recall_sensitivity,specificity,f1,log_loss,brier_score,tn,fp,fn,tp,threshold,roc_auc,average_precision,calibration_intercept,calibration_slope,patient_violation_rate,total_rule_patient_violations,violations_per_patient,active_rule_count,active_rule_weight,soft_rule_violation,unweighted_soft_rule_violation,mean_patient_soft_rule_violation,patients_with_active_rules,rule_bce_per_patient,active_rule_violation_rate,violation_LR01_neg,violation_LR02_pos,violation_LR03_neg,violation_LR04_neg,violation_LR05_neg,soft_violation_LR01,soft_violation_LR02,soft_violation_LR03,soft_violation_LR04,soft_violation_LR05
LightGBM,0.0,validation,fixed_threshold_0.5,prespecified,2222,0.8703870387038704,0.609908130537989,0.624,0.2445141065830721,0.9753021544929059,0.35135135135135137,0.3275710326357834,0.0984076049096293,1856,47,241,78,0.5,0.808564105182874,0.4527294431369833,0.06587635272299304,1.0597536180249103,0.13816381638163816,339,0.15256525652565256,557,749.0,0.5697306802006,0.5427981394456185,0.5426322282358899,484,0.35600326426361467,0.6086175942549371,3,0,36,14,286,0.8059993299103619,0.10728494003844549,0.6603089695718142,0.6764428833596954,0.6478631031199998
LightGBM,0.0,test,fixed_threshold_0.5,prespecified,2778,0.8621310295176385,0.5920143991757452,0.551948051948052,0.21303258145363407,0.9709962168978562,0.3074141048824593,0.3354950798856478,0.1009299272287837,2310,69,314,85,0.5,0.7958099325657565,0.43015533282945295,-0.008228466202967084,1.0079455795928898,0.13930885529157666,416,0.14974802015838734,686,922.0,0.5754338668368235,0.5511229071659939,0.5595091303403961,597,0.3601138544534296,0.6064139941690962,11,0,40,16,349,0.8756849191481401,0.09656861201235645,0.6085780715488777,0.7989215631038583,0.6461004699477946
