algorithm,penalty_multiplier,split,evaluation_mode,threshold_selected_on,n_patients,accuracy,balanced_accuracy,precision,recall_sensitivity,specificity,f1,log_loss,brier_score,tn,fp,fn,tp,threshold,roc_auc,average_precision,calibration_intercept,calibration_slope,patient_violation_rate,total_rule_patient_violations,violations_per_patient,active_rule_count,active_rule_weight,soft_rule_violation,unweighted_soft_rule_violation,mean_patient_soft_rule_violation,patients_with_active_rules,rule_bce_per_patient,active_rule_violation_rate,violation_LR01_neg,violation_LR02_pos,violation_LR03_neg,violation_LR04_neg,violation_LR05_neg,soft_violation_LR01,soft_violation_LR02,soft_violation_LR03,soft_violation_LR04,soft_violation_LR05
LightGBM,0.0,validation,baseline_common_threshold,lambda_0_validation,2222,0.7272727272727273,0.739014623009042,0.31339401820546164,0.7554858934169278,0.7225433526011561,0.4430147058823529,0.3275710326357834,0.0984076049096293,1375,528,78,241,0.12189436831792261,0.808564105182874,0.4527294431369833,0.06587635272299304,1.0597536180249103,0.036003600360036005,81,0.036453645364536456,557,749.0,0.5697306802006,0.5427981394456185,0.5426322282358899,484,0.35600326426361467,0.14542190305206462,2,29,3,6,41,0.8059993299103619,0.10728494003844549,0.6603089695718142,0.6764428833596954,0.6478631031199998
LightGBM,0.0,test,baseline_common_threshold,lambda_0_validation,2778,0.7134629229661628,0.7221490042887799,0.2980671414038657,0.7343358395989975,0.7099621689785625,0.4240231548480463,0.3354950798856478,0.1009299272287837,1689,690,106,293,0.12189436831792261,0.7958099325657565,0.43015533282945295,-0.008228466202967084,1.0079455795928898,0.037077033837293015,105,0.03779697624190065,686,922.0,0.5754338668368235,0.5511229071659939,0.5595091303403961,597,0.3601138544534296,0.15306122448979592,7,23,10,9,56,0.8756849191481401,0.09656861201235645,0.6085780715488777,0.7989215631038583,0.6461004699477946
