algorithm,penalty_multiplier,split,evaluation_mode,threshold_selected_on,n_patients,accuracy,balanced_accuracy,precision,recall_sensitivity,specificity,f1,log_loss,brier_score,tn,fp,fn,tp,threshold,roc_auc,average_precision,calibration_intercept,calibration_slope,patient_violation_rate,total_rule_patient_violations,violations_per_patient,active_rule_count,active_rule_weight,soft_rule_violation,unweighted_soft_rule_violation,mean_patient_soft_rule_violation,patients_with_active_rules,rule_bce_per_patient,active_rule_violation_rate,violation_LR01_neg,violation_LR03_neg,violation_LR04_neg,violation_LR05_neg,soft_violation_LR01,soft_violation_LR03,soft_violation_LR04,soft_violation_LR05
neural:leave_out_LR02,0.1,validation,fixed_threshold_0.5,prespecified,2778,0.8538516918646508,0.6122114871036355,0.48444444444444446,0.2731829573934837,0.9512400168137873,0.34935897435897434,0.3431601533708539,0.1046744067521689,2263,116,290,109,0.5,0.7908595574687033,0.39971789052159673,-0.29980840446202883,0.9069057983542737,0.12347012239020878,367,0.13210943124550037,592,842.0,0.5841395926152254,0.5863167283519566,0.592496272599675,537,0.29156681458238304,0.6199324324324325,10,33,12,312,0.8816581193470593,0.5624630422980496,0.7191090323030949,0.578984135190646
neural:leave_out_LR02,0.1,test,fixed_threshold_0.5,prespecified,2778,0.8765298776097912,0.6379678704959119,0.6505376344086021,0.3032581453634085,0.9726775956284153,0.41367521367521365,0.32654533815276565,0.09697663464374301,2314,65,278,121,0.5,0.8048457629993436,0.4872247593543134,-0.039016015408341646,1.0362747647008967,0.11807055435565154,354,0.12742980561555076,531,756.5,0.5999606085362992,0.6028696415841823,0.6079926848409011,487,0.2745008628835509,0.6666666666666666,10,33,19,292,0.7721389590452115,0.5923243325228005,0.7737372515298295,0.5931105129778694
