algorithm,penalty_multiplier,split,evaluation_mode,threshold_selected_on,n_patients,accuracy,balanced_accuracy,precision,recall_sensitivity,specificity,f1,log_loss,brier_score,tn,fp,fn,tp,threshold,roc_auc,average_precision,calibration_intercept,calibration_slope,patient_violation_rate,total_rule_patient_violations,violations_per_patient,active_rule_count,active_rule_weight,soft_rule_violation,unweighted_soft_rule_violation,mean_patient_soft_rule_violation,patients_with_active_rules,rule_bce_per_patient,active_rule_violation_rate,violation_LR01_neg,violation_LR03_neg,violation_LR04_neg,violation_LR05_neg,soft_violation_LR01,soft_violation_LR03,soft_violation_LR04,soft_violation_LR05
neural:leave_out_LR02,0.1,validation,per_lambda_validation_optimized_threshold,same_lambda_validation,2778,0.706983441324694,0.7329673490156665,0.2983479105928086,0.7694235588972431,0.6965111391340899,0.42997198879551823,0.3431601533708539,0.1046744067521689,1657,722,92,307,0.13593347122271857,0.7908595574687033,0.39971789052159673,-0.29980840446202883,0.9069057983542737,0.007919366450683946,22,0.007919366450683946,592,842.0,0.5841395926152254,0.5863167283519566,0.592496272599675,537,0.29156681458238304,0.037162162162162164,9,2,6,5,0.8816581193470593,0.5624630422980496,0.7191090323030949,0.578984135190646
neural:leave_out_LR02,0.1,test,per_lambda_validation_optimized_threshold,same_lambda_validation,2778,0.7138228941684666,0.7317458210469427,0.302,0.7568922305764411,0.7065994115174443,0.43173695496783415,0.32654533815276565,0.09697663464374301,1681,698,97,302,0.13593347122271857,0.8048457629993436,0.4872247593543134,-0.039016015408341646,1.0362747647008967,0.006839452843772498,19,0.006839452843772498,531,756.5,0.5999606085362992,0.6028696415841823,0.6079926848409011,487,0.2745008628835509,0.035781544256120526,6,5,6,2,0.7721389590452115,0.5923243325228005,0.7737372515298295,0.5931105129778694
