algorithm,penalty_multiplier,split,evaluation_mode,threshold_selected_on,n_patients,accuracy,balanced_accuracy,precision,recall_sensitivity,specificity,f1,log_loss,brier_score,tn,fp,fn,tp,threshold,roc_auc,average_precision,calibration_intercept,calibration_slope,patient_violation_rate,total_rule_patient_violations,violations_per_patient,active_rule_count,active_rule_weight,soft_rule_violation,unweighted_soft_rule_violation,mean_patient_soft_rule_violation,patients_with_active_rules,rule_bce_per_patient,active_rule_violation_rate,violation_LR01_neg,violation_LR03_neg,violation_LR04_neg,violation_LR05_neg,soft_violation_LR01,soft_violation_LR03,soft_violation_LR04,soft_violation_LR05
neural:leave_out_LR02,0.1,validation,baseline_common_threshold,lambda_0_validation,2778,0.6756659467242621,0.7261549207192002,0.27943760984182775,0.7969924812030075,0.655317360235393,0.41379310344827586,0.3431601533708539,0.1046744067521689,1559,820,81,318,0.11813894162575404,0.7908595574687033,0.39971789052159673,-0.29980840446202883,0.9069057983542737,0.005759539236861051,16,0.005759539236861051,592,842.0,0.5841395926152254,0.5863167283519566,0.592496272599675,537,0.29156681458238304,0.02702702702702703,9,0,5,2,0.8816581193470593,0.5624630422980496,0.7191090323030949,0.578984135190646
neural:leave_out_LR02,0.1,test,baseline_common_threshold,lambda_0_validation,2778,0.6886249100071994,0.7264204015713938,0.2858455882352941,0.7794486215538847,0.6733921815889029,0.4182918628110289,0.32654533815276565,0.09697663464374301,1602,777,88,311,0.11813894162575404,0.8048457629993436,0.4872247593543134,-0.039016015408341646,1.0362747647008967,0.006119510439164867,17,0.006119510439164867,531,756.5,0.5999606085362992,0.6028696415841823,0.6079926848409011,487,0.2745008628835509,0.032015065913371,4,5,6,2,0.7721389590452115,0.5923243325228005,0.7737372515298295,0.5931105129778694
