algorithm_key,fold,algorithm,scenario,selected_lambda,balanced_accuracy_tolerance,auc_tolerance,average_precision_tolerance,minimum_violation_reduction,minimum_soft_violation_reduction,selection_reason,validation_balanced_accuracy,validation_roc_auc,validation_average_precision,validation_patient_violation_rate,validation_soft_rule_violation,test_balanced_accuracy,test_delta_balanced_accuracy,test_sensitivity,test_delta_sensitivity,test_specificity,test_delta_specificity,test_roc_auc,test_delta_roc_auc,test_average_precision,test_delta_average_precision,test_patient_violation_rate,test_delta_patient_violation_rate,test_soft_rule_violation,test_delta_soft_rule_violation,test_log_loss,test_delta_log_loss,test_brier_score,test_delta_brier_score
xgboost,1,XGBoost,primary,0.1,0.01,0.01,0.02,0.4,0.0,"Selected the smallest penalized lambda satisfying balanced-accuracy, ROC-AUC, average-precision, and violation-reduction constraints.",0.7397937920162356,0.8063312011886858,0.4479235781181604,0.022052205220522,0.5014303963904179,0.7171206705287809,-0.007201168115749668,0.7293233082706767,0.01754385964912286,0.7049180327868853,-0.031946195880622086,0.7928053635560107,-0.0007258583617512082,0.4156034796892215,-0.007978791228509974,0.023398128149748,-0.019438444924406,0.5075535994825214,-0.06769512345426887,0.3402943117975025,0.0036594274377369507,0.1030390638014725,0.0016932727553296972
xgboost,1,XGBoost,ba_strict_0.005,0.1,0.005,0.01,0.02,0.4,0.0,"Selected the smallest penalized lambda satisfying balanced-accuracy, ROC-AUC, average-precision, and violation-reduction constraints.",0.7397937920162356,0.8063312011886858,0.4479235781181604,0.022052205220522,0.5014303963904179,0.7171206705287809,-0.007201168115749668,0.7293233082706767,0.01754385964912286,0.7049180327868853,-0.031946195880622086,0.7928053635560107,-0.0007258583617512082,0.4156034796892215,-0.007978791228509974,0.023398128149748,-0.019438444924406,0.5075535994825214,-0.06769512345426887,0.3402943117975025,0.0036594274377369507,0.1030390638014725,0.0016932727553296972
xgboost,1,XGBoost,ba_permissive_0.020,0.1,0.02,0.01,0.02,0.4,0.0,"Selected the smallest penalized lambda satisfying balanced-accuracy, ROC-AUC, average-precision, and violation-reduction constraints.",0.7397937920162356,0.8063312011886858,0.4479235781181604,0.022052205220522,0.5014303963904179,0.7171206705287809,-0.007201168115749668,0.7293233082706767,0.01754385964912286,0.7049180327868853,-0.031946195880622086,0.7928053635560107,-0.0007258583617512082,0.4156034796892215,-0.007978791228509974,0.023398128149748,-0.019438444924406,0.5075535994825214,-0.06769512345426887,0.3402943117975025,0.0036594274377369507,0.1030390638014725,0.0016932727553296972
xgboost,1,XGBoost,auc_strict_0.005,0.1,0.01,0.005,0.02,0.4,0.0,"Selected the smallest penalized lambda satisfying balanced-accuracy, ROC-AUC, average-precision, and violation-reduction constraints.",0.7397937920162356,0.8063312011886858,0.4479235781181604,0.022052205220522,0.5014303963904179,0.7171206705287809,-0.007201168115749668,0.7293233082706767,0.01754385964912286,0.7049180327868853,-0.031946195880622086,0.7928053635560107,-0.0007258583617512082,0.4156034796892215,-0.007978791228509974,0.023398128149748,-0.019438444924406,0.5075535994825214,-0.06769512345426887,0.3402943117975025,0.0036594274377369507,0.1030390638014725,0.0016932727553296972
xgboost,1,XGBoost,auc_permissive_0.020,0.1,0.01,0.02,0.02,0.4,0.0,"Selected the smallest penalized lambda satisfying balanced-accuracy, ROC-AUC, average-precision, and violation-reduction constraints.",0.7397937920162356,0.8063312011886858,0.4479235781181604,0.022052205220522,0.5014303963904179,0.7171206705287809,-0.007201168115749668,0.7293233082706767,0.01754385964912286,0.7049180327868853,-0.031946195880622086,0.7928053635560107,-0.0007258583617512082,0.4156034796892215,-0.007978791228509974,0.023398128149748,-0.019438444924406,0.5075535994825214,-0.06769512345426887,0.3402943117975025,0.0036594274377369507,0.1030390638014725,0.0016932727553296972
xgboost,1,XGBoost,ap_strict_0.010,0.1,0.01,0.01,0.01,0.4,0.0,"Selected the smallest penalized lambda satisfying balanced-accuracy, ROC-AUC, average-precision, and violation-reduction constraints.",0.7397937920162356,0.8063312011886858,0.4479235781181604,0.022052205220522,0.5014303963904179,0.7171206705287809,-0.007201168115749668,0.7293233082706767,0.01754385964912286,0.7049180327868853,-0.031946195880622086,0.7928053635560107,-0.0007258583617512082,0.4156034796892215,-0.007978791228509974,0.023398128149748,-0.019438444924406,0.5075535994825214,-0.06769512345426887,0.3402943117975025,0.0036594274377369507,0.1030390638014725,0.0016932727553296972
xgboost,1,XGBoost,ap_permissive_0.030,0.1,0.01,0.01,0.03,0.4,0.0,"Selected the smallest penalized lambda satisfying balanced-accuracy, ROC-AUC, average-precision, and violation-reduction constraints.",0.7397937920162356,0.8063312011886858,0.4479235781181604,0.022052205220522,0.5014303963904179,0.7171206705287809,-0.007201168115749668,0.7293233082706767,0.01754385964912286,0.7049180327868853,-0.031946195880622086,0.7928053635560107,-0.0007258583617512082,0.4156034796892215,-0.007978791228509974,0.023398128149748,-0.019438444924406,0.5075535994825214,-0.06769512345426887,0.3402943117975025,0.0036594274377369507,0.1030390638014725,0.0016932727553296972
xgboost,1,XGBoost,violation_strict_0.50,0.1,0.01,0.01,0.02,0.5,0.0,"Selected the smallest penalized lambda satisfying balanced-accuracy, ROC-AUC, average-precision, and violation-reduction constraints.",0.7397937920162356,0.8063312011886858,0.4479235781181604,0.022052205220522,0.5014303963904179,0.7171206705287809,-0.007201168115749668,0.7293233082706767,0.01754385964912286,0.7049180327868853,-0.031946195880622086,0.7928053635560107,-0.0007258583617512082,0.4156034796892215,-0.007978791228509974,0.023398128149748,-0.019438444924406,0.5075535994825214,-0.06769512345426887,0.3402943117975025,0.0036594274377369507,0.1030390638014725,0.0016932727553296972
xgboost,1,XGBoost,violation_permissive_0.30,0.1,0.01,0.01,0.02,0.3,0.0,"Selected the smallest penalized lambda satisfying balanced-accuracy, ROC-AUC, average-precision, and violation-reduction constraints.",0.7397937920162356,0.8063312011886858,0.4479235781181604,0.022052205220522,0.5014303963904179,0.7171206705287809,-0.007201168115749668,0.7293233082706767,0.01754385964912286,0.7049180327868853,-0.031946195880622086,0.7928053635560107,-0.0007258583617512082,0.4156034796892215,-0.007978791228509974,0.023398128149748,-0.019438444924406,0.5075535994825214,-0.06769512345426887,0.3402943117975025,0.0036594274377369507,0.1030390638014725,0.0016932727553296972
xgboost,2,XGBoost,primary,0.0,0.01,0.01,0.02,0.4,0.0,No penalized lambda satisfied all validation constraints; the unpenalized baseline was retained.,0.7393770271984343,0.8037416585262998,0.4250883223358764,0.0198019801980198,0.5736445579221959,0.7105550883095038,0.0,0.8,0.0,0.6211101766190076,0.0,0.8014092724978974,0.0,0.4969278398931605,0.0,0.0259179265658747,0.0,0.5848231899833947,0.0,0.3270574497591066,0.0,0.0966754545585032,0.0
xgboost,2,XGBoost,ba_strict_0.005,0.0,0.005,0.01,0.02,0.4,0.0,No penalized lambda satisfied all validation constraints; the unpenalized baseline was retained.,0.7393770271984343,0.8037416585262998,0.4250883223358764,0.0198019801980198,0.5736445579221959,0.7105550883095038,0.0,0.8,0.0,0.6211101766190076,0.0,0.8014092724978974,0.0,0.4969278398931605,0.0,0.0259179265658747,0.0,0.5848231899833947,0.0,0.3270574497591066,0.0,0.0966754545585032,0.0
xgboost,2,XGBoost,ba_permissive_0.020,0.0,0.02,0.01,0.02,0.4,0.0,No penalized lambda satisfied all validation constraints; the unpenalized baseline was retained.,0.7393770271984343,0.8037416585262998,0.4250883223358764,0.0198019801980198,0.5736445579221959,0.7105550883095038,0.0,0.8,0.0,0.6211101766190076,0.0,0.8014092724978974,0.0,0.4969278398931605,0.0,0.0259179265658747,0.0,0.5848231899833947,0.0,0.3270574497591066,0.0,0.0966754545585032,0.0
xgboost,2,XGBoost,auc_strict_0.005,0.0,0.01,0.005,0.02,0.4,0.0,No penalized lambda satisfied all validation constraints; the unpenalized baseline was retained.,0.7393770271984343,0.8037416585262998,0.4250883223358764,0.0198019801980198,0.5736445579221959,0.7105550883095038,0.0,0.8,0.0,0.6211101766190076,0.0,0.8014092724978974,0.0,0.4969278398931605,0.0,0.0259179265658747,0.0,0.5848231899833947,0.0,0.3270574497591066,0.0,0.0966754545585032,0.0
xgboost,2,XGBoost,auc_permissive_0.020,0.0,0.01,0.02,0.02,0.4,0.0,No penalized lambda satisfied all validation constraints; the unpenalized baseline was retained.,0.7393770271984343,0.8037416585262998,0.4250883223358764,0.0198019801980198,0.5736445579221959,0.7105550883095038,0.0,0.8,0.0,0.6211101766190076,0.0,0.8014092724978974,0.0,0.4969278398931605,0.0,0.0259179265658747,0.0,0.5848231899833947,0.0,0.3270574497591066,0.0,0.0966754545585032,0.0
xgboost,2,XGBoost,ap_strict_0.010,0.0,0.01,0.01,0.01,0.4,0.0,No penalized lambda satisfied all validation constraints; the unpenalized baseline was retained.,0.7393770271984343,0.8037416585262998,0.4250883223358764,0.0198019801980198,0.5736445579221959,0.7105550883095038,0.0,0.8,0.0,0.6211101766190076,0.0,0.8014092724978974,0.0,0.4969278398931605,0.0,0.0259179265658747,0.0,0.5848231899833947,0.0,0.3270574497591066,0.0,0.0966754545585032,0.0
xgboost,2,XGBoost,ap_permissive_0.030,0.0,0.01,0.01,0.03,0.4,0.0,No penalized lambda satisfied all validation constraints; the unpenalized baseline was retained.,0.7393770271984343,0.8037416585262998,0.4250883223358764,0.0198019801980198,0.5736445579221959,0.7105550883095038,0.0,0.8,0.0,0.6211101766190076,0.0,0.8014092724978974,0.0,0.4969278398931605,0.0,0.0259179265658747,0.0,0.5848231899833947,0.0,0.3270574497591066,0.0,0.0966754545585032,0.0
xgboost,2,XGBoost,violation_strict_0.50,0.0,0.01,0.01,0.02,0.5,0.0,No penalized lambda satisfied all validation constraints; the unpenalized baseline was retained.,0.7393770271984343,0.8037416585262998,0.4250883223358764,0.0198019801980198,0.5736445579221959,0.7105550883095038,0.0,0.8,0.0,0.6211101766190076,0.0,0.8014092724978974,0.0,0.4969278398931605,0.0,0.0259179265658747,0.0,0.5848231899833947,0.0,0.3270574497591066,0.0,0.0966754545585032,0.0
xgboost,2,XGBoost,violation_permissive_0.30,0.0,0.01,0.01,0.02,0.3,0.0,No penalized lambda satisfied all validation constraints; the unpenalized baseline was retained.,0.7393770271984343,0.8037416585262998,0.4250883223358764,0.0198019801980198,0.5736445579221959,0.7105550883095038,0.0,0.8,0.0,0.6211101766190076,0.0,0.8014092724978974,0.0,0.4969278398931605,0.0,0.0259179265658747,0.0,0.5848231899833947,0.0,0.3270574497591066,0.0,0.0966754545585032,0.0
xgboost,3,XGBoost,primary,0.0,0.01,0.01,0.02,0.4,0.0,No penalized lambda satisfied all validation constraints; the unpenalized baseline was retained.,0.7445594071067462,0.8040439365660885,0.4258075038129716,0.0396039603960396,0.5830163499283127,0.7374876425715255,0.0,0.7192982456140351,0.0,0.755677039529016,0.0,0.8002923625295366,0.0,0.4430190809220333,0.0,0.0388908894490457,0.0,0.5763350210130185,0.0,0.3323546100178852,0.0,0.1001149354365521,0.0
xgboost,3,XGBoost,ba_strict_0.005,0.0,0.005,0.01,0.02,0.4,0.0,No penalized lambda satisfied all validation constraints; the unpenalized baseline was retained.,0.7445594071067462,0.8040439365660885,0.4258075038129716,0.0396039603960396,0.5830163499283127,0.7374876425715255,0.0,0.7192982456140351,0.0,0.755677039529016,0.0,0.8002923625295366,0.0,0.4430190809220333,0.0,0.0388908894490457,0.0,0.5763350210130185,0.0,0.3323546100178852,0.0,0.1001149354365521,0.0
xgboost,3,XGBoost,ba_permissive_0.020,0.1,0.02,0.01,0.02,0.4,0.0,"Selected the smallest penalized lambda satisfying balanced-accuracy, ROC-AUC, average-precision, and violation-reduction constraints.",0.7297914363890047,0.80325406016239,0.419670850795066,0.0189018901890189,0.5168993421396401,0.729009761578041,-0.008477880993484566,0.7393483709273183,0.020050125313283207,0.7186711522287637,-0.03700588730025234,0.7965572046179367,-0.003735157911599951,0.4391387918343224,-0.0038802890877108753,0.0219661505221462,-0.0169247389268995,0.5124691751576637,-0.06386584585535482,0.3352156626739549,0.002861052656069729,0.101071744282126,0.0009568088455738921
xgboost,3,XGBoost,auc_strict_0.005,0.0,0.01,0.005,0.02,0.4,0.0,No penalized lambda satisfied all validation constraints; the unpenalized baseline was retained.,0.7445594071067462,0.8040439365660885,0.4258075038129716,0.0396039603960396,0.5830163499283127,0.7374876425715255,0.0,0.7192982456140351,0.0,0.755677039529016,0.0,0.8002923625295366,0.0,0.4430190809220333,0.0,0.0388908894490457,0.0,0.5763350210130185,0.0,0.3323546100178852,0.0,0.1001149354365521,0.0
xgboost,3,XGBoost,auc_permissive_0.020,0.0,0.01,0.02,0.02,0.4,0.0,No penalized lambda satisfied all validation constraints; the unpenalized baseline was retained.,0.7445594071067462,0.8040439365660885,0.4258075038129716,0.0396039603960396,0.5830163499283127,0.7374876425715255,0.0,0.7192982456140351,0.0,0.755677039529016,0.0,0.8002923625295366,0.0,0.4430190809220333,0.0,0.0388908894490457,0.0,0.5763350210130185,0.0,0.3323546100178852,0.0,0.1001149354365521,0.0
xgboost,3,XGBoost,ap_strict_0.010,0.0,0.01,0.01,0.01,0.4,0.0,No penalized lambda satisfied all validation constraints; the unpenalized baseline was retained.,0.7445594071067462,0.8040439365660885,0.4258075038129716,0.0396039603960396,0.5830163499283127,0.7374876425715255,0.0,0.7192982456140351,0.0,0.755677039529016,0.0,0.8002923625295366,0.0,0.4430190809220333,0.0,0.0388908894490457,0.0,0.5763350210130185,0.0,0.3323546100178852,0.0,0.1001149354365521,0.0
xgboost,3,XGBoost,ap_permissive_0.030,0.0,0.01,0.01,0.03,0.4,0.0,No penalized lambda satisfied all validation constraints; the unpenalized baseline was retained.,0.7445594071067462,0.8040439365660885,0.4258075038129716,0.0396039603960396,0.5830163499283127,0.7374876425715255,0.0,0.7192982456140351,0.0,0.755677039529016,0.0,0.8002923625295366,0.0,0.4430190809220333,0.0,0.0388908894490457,0.0,0.5763350210130185,0.0,0.3323546100178852,0.0,0.1001149354365521,0.0
xgboost,3,XGBoost,violation_strict_0.50,0.0,0.01,0.01,0.02,0.5,0.0,No penalized lambda satisfied all validation constraints; the unpenalized baseline was retained.,0.7445594071067462,0.8040439365660885,0.4258075038129716,0.0396039603960396,0.5830163499283127,0.7374876425715255,0.0,0.7192982456140351,0.0,0.755677039529016,0.0,0.8002923625295366,0.0,0.4430190809220333,0.0,0.0388908894490457,0.0,0.5763350210130185,0.0,0.3323546100178852,0.0,0.1001149354365521,0.0
xgboost,3,XGBoost,violation_permissive_0.30,0.0,0.01,0.01,0.02,0.3,0.0,No penalized lambda satisfied all validation constraints; the unpenalized baseline was retained.,0.7445594071067462,0.8040439365660885,0.4258075038129716,0.0396039603960396,0.5830163499283127,0.7374876425715255,0.0,0.7192982456140351,0.0,0.755677039529016,0.0,0.8002923625295366,0.0,0.4430190809220333,0.0,0.0388908894490457,0.0,0.5763350210130185,0.0,0.3323546100178852,0.0,0.1001149354365521,0.0
xgboost,4,XGBoost,primary,0.0,0.01,0.01,0.02,0.4,0.0,No penalized lambda satisfied all validation constraints; the unpenalized baseline was retained.,0.7412705890880098,0.8083236005844592,0.4587981860618291,0.0378037803780378,0.5866272919002722,0.7117768137753973,0.0,0.7368421052631579,0.0,0.6867115222876367,0.0,0.7770856915206434,0.0,0.4627400755607853,0.0,0.0356499819949585,0.0,0.5842652858760404,0.0,0.3398356274501454,0.0,0.1005361706446075,0.0
xgboost,4,XGBoost,ba_strict_0.005,0.0,0.005,0.01,0.02,0.4,0.0,No penalized lambda satisfied all validation constraints; the unpenalized baseline was retained.,0.7412705890880098,0.8083236005844592,0.4587981860618291,0.0378037803780378,0.5866272919002722,0.7117768137753973,0.0,0.7368421052631579,0.0,0.6867115222876367,0.0,0.7770856915206434,0.0,0.4627400755607853,0.0,0.0356499819949585,0.0,0.5842652858760404,0.0,0.3398356274501454,0.0,0.1005361706446075,0.0
xgboost,4,XGBoost,ba_permissive_0.020,0.1,0.02,0.01,0.02,0.4,0.0,"Selected the smallest penalized lambda satisfying balanced-accuracy, ROC-AUC, average-precision, and violation-reduction constraints.",0.724699657528041,0.8049705381866941,0.4526415825655702,0.0216021602160216,0.5192407533218341,0.7072854550168525,-0.004491358758544783,0.7593984962406015,0.022556390977443663,0.6551724137931034,-0.03153910849453323,0.776640929489409,-0.0004447620312344469,0.4530043482429648,-0.009735727317820464,0.0205257472092185,-0.015124234785740001,0.514343712661436,-0.06992157321460446,0.3432277935901496,0.0033921661400042047,0.1021530927664723,0.0016169221218648028
xgboost,4,XGBoost,auc_strict_0.005,0.0,0.01,0.005,0.02,0.4,0.0,No penalized lambda satisfied all validation constraints; the unpenalized baseline was retained.,0.7412705890880098,0.8083236005844592,0.4587981860618291,0.0378037803780378,0.5866272919002722,0.7117768137753973,0.0,0.7368421052631579,0.0,0.6867115222876367,0.0,0.7770856915206434,0.0,0.4627400755607853,0.0,0.0356499819949585,0.0,0.5842652858760404,0.0,0.3398356274501454,0.0,0.1005361706446075,0.0
xgboost,4,XGBoost,auc_permissive_0.020,0.0,0.01,0.02,0.02,0.4,0.0,No penalized lambda satisfied all validation constraints; the unpenalized baseline was retained.,0.7412705890880098,0.8083236005844592,0.4587981860618291,0.0378037803780378,0.5866272919002722,0.7117768137753973,0.0,0.7368421052631579,0.0,0.6867115222876367,0.0,0.7770856915206434,0.0,0.4627400755607853,0.0,0.0356499819949585,0.0,0.5842652858760404,0.0,0.3398356274501454,0.0,0.1005361706446075,0.0
xgboost,4,XGBoost,ap_strict_0.010,0.0,0.01,0.01,0.01,0.4,0.0,No penalized lambda satisfied all validation constraints; the unpenalized baseline was retained.,0.7412705890880098,0.8083236005844592,0.4587981860618291,0.0378037803780378,0.5866272919002722,0.7117768137753973,0.0,0.7368421052631579,0.0,0.6867115222876367,0.0,0.7770856915206434,0.0,0.4627400755607853,0.0,0.0356499819949585,0.0,0.5842652858760404,0.0,0.3398356274501454,0.0,0.1005361706446075,0.0
xgboost,4,XGBoost,ap_permissive_0.030,0.0,0.01,0.01,0.03,0.4,0.0,No penalized lambda satisfied all validation constraints; the unpenalized baseline was retained.,0.7412705890880098,0.8083236005844592,0.4587981860618291,0.0378037803780378,0.5866272919002722,0.7117768137753973,0.0,0.7368421052631579,0.0,0.6867115222876367,0.0,0.7770856915206434,0.0,0.4627400755607853,0.0,0.0356499819949585,0.0,0.5842652858760404,0.0,0.3398356274501454,0.0,0.1005361706446075,0.0
xgboost,4,XGBoost,violation_strict_0.50,0.0,0.01,0.01,0.02,0.5,0.0,No penalized lambda satisfied all validation constraints; the unpenalized baseline was retained.,0.7412705890880098,0.8083236005844592,0.4587981860618291,0.0378037803780378,0.5866272919002722,0.7117768137753973,0.0,0.7368421052631579,0.0,0.6867115222876367,0.0,0.7770856915206434,0.0,0.4627400755607853,0.0,0.0356499819949585,0.0,0.5842652858760404,0.0,0.3398356274501454,0.0,0.1005361706446075,0.0
xgboost,4,XGBoost,violation_permissive_0.30,0.0,0.01,0.01,0.02,0.3,0.0,No penalized lambda satisfied all validation constraints; the unpenalized baseline was retained.,0.7412705890880098,0.8083236005844592,0.4587981860618291,0.0378037803780378,0.5866272919002722,0.7117768137753973,0.0,0.7368421052631579,0.0,0.6867115222876367,0.0,0.7770856915206434,0.0,0.4627400755607853,0.0,0.0356499819949585,0.0,0.5842652858760404,0.0,0.3398356274501454,0.0,0.1005361706446075,0.0
xgboost,5,XGBoost,primary,0.0,0.01,0.01,0.02,0.4,0.0,No penalized lambda satisfied all validation constraints; the unpenalized baseline was retained.,0.734801674307355,0.795641924893379,0.4673946490942239,0.0373537353735373,0.5692867234060804,0.7339464093370516,0.0,0.7719298245614035,0.0,0.6959629941126998,0.0,0.800307644637245,0.0,0.4244721903407412,0.0,0.0345696795102628,0.0,0.5883750671274873,0.0,0.3338906115529108,0.0,0.1008375341922002,0.0
xgboost,5,XGBoost,ba_strict_0.005,0.0,0.005,0.01,0.02,0.4,0.0,No penalized lambda satisfied all validation constraints; the unpenalized baseline was retained.,0.734801674307355,0.795641924893379,0.4673946490942239,0.0373537353735373,0.5692867234060804,0.7339464093370516,0.0,0.7719298245614035,0.0,0.6959629941126998,0.0,0.800307644637245,0.0,0.4244721903407412,0.0,0.0345696795102628,0.0,0.5883750671274873,0.0,0.3338906115529108,0.0,0.1008375341922002,0.0
xgboost,5,XGBoost,ba_permissive_0.020,0.25,0.02,0.01,0.02,0.4,0.0,"Selected the smallest penalized lambda satisfying balanced-accuracy, ROC-AUC, average-precision, and violation-reduction constraints.",0.722452751553808,0.7935218603854333,0.4608745684439715,0.022052205220522,0.4350861755689435,0.7227772964792132,-0.011169112857838392,0.7794486215538847,0.007518796992481258,0.6661059714045416,-0.029857022708158154,0.7941020549692145,-0.006205589668030531,0.4207765351973219,-0.0036956551434192964,0.0158444364422038,-0.018725243068059002,0.4454830717838086,-0.14289199534367875,0.3459005243899355,0.012009912837024739,0.1057090484594676,0.004871514267267396
xgboost,5,XGBoost,auc_strict_0.005,0.0,0.01,0.005,0.02,0.4,0.0,No penalized lambda satisfied all validation constraints; the unpenalized baseline was retained.,0.734801674307355,0.795641924893379,0.4673946490942239,0.0373537353735373,0.5692867234060804,0.7339464093370516,0.0,0.7719298245614035,0.0,0.6959629941126998,0.0,0.800307644637245,0.0,0.4244721903407412,0.0,0.0345696795102628,0.0,0.5883750671274873,0.0,0.3338906115529108,0.0,0.1008375341922002,0.0
xgboost,5,XGBoost,auc_permissive_0.020,0.0,0.01,0.02,0.02,0.4,0.0,No penalized lambda satisfied all validation constraints; the unpenalized baseline was retained.,0.734801674307355,0.795641924893379,0.4673946490942239,0.0373537353735373,0.5692867234060804,0.7339464093370516,0.0,0.7719298245614035,0.0,0.6959629941126998,0.0,0.800307644637245,0.0,0.4244721903407412,0.0,0.0345696795102628,0.0,0.5883750671274873,0.0,0.3338906115529108,0.0,0.1008375341922002,0.0
xgboost,5,XGBoost,ap_strict_0.010,0.0,0.01,0.01,0.01,0.4,0.0,No penalized lambda satisfied all validation constraints; the unpenalized baseline was retained.,0.734801674307355,0.795641924893379,0.4673946490942239,0.0373537353735373,0.5692867234060804,0.7339464093370516,0.0,0.7719298245614035,0.0,0.6959629941126998,0.0,0.800307644637245,0.0,0.4244721903407412,0.0,0.0345696795102628,0.0,0.5883750671274873,0.0,0.3338906115529108,0.0,0.1008375341922002,0.0
xgboost,5,XGBoost,ap_permissive_0.030,0.0,0.01,0.01,0.03,0.4,0.0,No penalized lambda satisfied all validation constraints; the unpenalized baseline was retained.,0.734801674307355,0.795641924893379,0.4673946490942239,0.0373537353735373,0.5692867234060804,0.7339464093370516,0.0,0.7719298245614035,0.0,0.6959629941126998,0.0,0.800307644637245,0.0,0.4244721903407412,0.0,0.0345696795102628,0.0,0.5883750671274873,0.0,0.3338906115529108,0.0,0.1008375341922002,0.0
xgboost,5,XGBoost,violation_strict_0.50,0.0,0.01,0.01,0.02,0.5,0.0,No penalized lambda satisfied all validation constraints; the unpenalized baseline was retained.,0.734801674307355,0.795641924893379,0.4673946490942239,0.0373537353735373,0.5692867234060804,0.7339464093370516,0.0,0.7719298245614035,0.0,0.6959629941126998,0.0,0.800307644637245,0.0,0.4244721903407412,0.0,0.0345696795102628,0.0,0.5883750671274873,0.0,0.3338906115529108,0.0,0.1008375341922002,0.0
xgboost,5,XGBoost,violation_permissive_0.30,0.0,0.01,0.01,0.02,0.3,0.0,No penalized lambda satisfied all validation constraints; the unpenalized baseline was retained.,0.734801674307355,0.795641924893379,0.4673946490942239,0.0373537353735373,0.5692867234060804,0.7339464093370516,0.0,0.7719298245614035,0.0,0.6959629941126998,0.0,0.800307644637245,0.0,0.4244721903407412,0.0,0.0345696795102628,0.0,0.5883750671274873,0.0,0.3338906115529108,0.0,0.1008375341922002,0.0
xgboost,6,XGBoost,primary,0.0,0.01,0.01,0.02,0.4,0.0,No penalized lambda satisfied all validation constraints; the unpenalized baseline was retained.,0.7349194556689076,0.796886453825588,0.4710203036003585,0.0405040504050405,0.5731293359534317,0.7186471854288938,0.0,0.7117794486215538,0.0,0.7255149222362337,0.0,0.8026992660297232,0.0,0.4458009917277578,0.0,0.0421166306695464,0.0,0.5749020252907422,0.0,0.3328564624899167,0.0,0.1006535467132405,0.0
xgboost,6,XGBoost,ba_strict_0.005,0.0,0.005,0.01,0.02,0.4,0.0,No penalized lambda satisfied all validation constraints; the unpenalized baseline was retained.,0.7349194556689076,0.796886453825588,0.4710203036003585,0.0405040504050405,0.5731293359534317,0.7186471854288938,0.0,0.7117794486215538,0.0,0.7255149222362337,0.0,0.8026992660297232,0.0,0.4458009917277578,0.0,0.0421166306695464,0.0,0.5749020252907422,0.0,0.3328564624899167,0.0,0.1006535467132405,0.0
xgboost,6,XGBoost,ba_permissive_0.020,0.1,0.02,0.01,0.02,0.4,0.0,"Selected the smallest penalized lambda satisfying balanced-accuracy, ROC-AUC, average-precision, and violation-reduction constraints.",0.7160200771920924,0.79343537756751,0.4695642254346959,0.0225022502250225,0.508933583370602,0.7149952434680649,-0.003651941960828964,0.7368421052631579,0.02506265664160401,0.6931483816729719,-0.032366540563261825,0.8007239620699499,-0.0019753039597733,0.4267983732838824,-0.019002618443875352,0.0212383009359251,-0.0208783297336213,0.5068791520763584,-0.06802287321438383,0.3377648007912172,0.004908338301300497,0.1029556037120635,0.0023020569988229933
xgboost,6,XGBoost,auc_strict_0.005,0.0,0.01,0.005,0.02,0.4,0.0,No penalized lambda satisfied all validation constraints; the unpenalized baseline was retained.,0.7349194556689076,0.796886453825588,0.4710203036003585,0.0405040504050405,0.5731293359534317,0.7186471854288938,0.0,0.7117794486215538,0.0,0.7255149222362337,0.0,0.8026992660297232,0.0,0.4458009917277578,0.0,0.0421166306695464,0.0,0.5749020252907422,0.0,0.3328564624899167,0.0,0.1006535467132405,0.0
xgboost,6,XGBoost,auc_permissive_0.020,0.0,0.01,0.02,0.02,0.4,0.0,No penalized lambda satisfied all validation constraints; the unpenalized baseline was retained.,0.7349194556689076,0.796886453825588,0.4710203036003585,0.0405040504050405,0.5731293359534317,0.7186471854288938,0.0,0.7117794486215538,0.0,0.7255149222362337,0.0,0.8026992660297232,0.0,0.4458009917277578,0.0,0.0421166306695464,0.0,0.5749020252907422,0.0,0.3328564624899167,0.0,0.1006535467132405,0.0
xgboost,6,XGBoost,ap_strict_0.010,0.0,0.01,0.01,0.01,0.4,0.0,No penalized lambda satisfied all validation constraints; the unpenalized baseline was retained.,0.7349194556689076,0.796886453825588,0.4710203036003585,0.0405040504050405,0.5731293359534317,0.7186471854288938,0.0,0.7117794486215538,0.0,0.7255149222362337,0.0,0.8026992660297232,0.0,0.4458009917277578,0.0,0.0421166306695464,0.0,0.5749020252907422,0.0,0.3328564624899167,0.0,0.1006535467132405,0.0
xgboost,6,XGBoost,ap_permissive_0.030,0.0,0.01,0.01,0.03,0.4,0.0,No penalized lambda satisfied all validation constraints; the unpenalized baseline was retained.,0.7349194556689076,0.796886453825588,0.4710203036003585,0.0405040504050405,0.5731293359534317,0.7186471854288938,0.0,0.7117794486215538,0.0,0.7255149222362337,0.0,0.8026992660297232,0.0,0.4458009917277578,0.0,0.0421166306695464,0.0,0.5749020252907422,0.0,0.3328564624899167,0.0,0.1006535467132405,0.0
xgboost,6,XGBoost,violation_strict_0.50,0.0,0.01,0.01,0.02,0.5,0.0,No penalized lambda satisfied all validation constraints; the unpenalized baseline was retained.,0.7349194556689076,0.796886453825588,0.4710203036003585,0.0405040504050405,0.5731293359534317,0.7186471854288938,0.0,0.7117794486215538,0.0,0.7255149222362337,0.0,0.8026992660297232,0.0,0.4458009917277578,0.0,0.0421166306695464,0.0,0.5749020252907422,0.0,0.3328564624899167,0.0,0.1006535467132405,0.0
xgboost,6,XGBoost,violation_permissive_0.30,0.0,0.01,0.01,0.02,0.3,0.0,No penalized lambda satisfied all validation constraints; the unpenalized baseline was retained.,0.7349194556689076,0.796886453825588,0.4710203036003585,0.0405040504050405,0.5731293359534317,0.7186471854288938,0.0,0.7117794486215538,0.0,0.7255149222362337,0.0,0.8026992660297232,0.0,0.4458009917277578,0.0,0.0421166306695464,0.0,0.5749020252907422,0.0,0.3328564624899167,0.0,0.1006535467132405,0.0
xgboost,7,XGBoost,primary,0.1,0.01,0.01,0.02,0.4,0.0,"Selected the smallest penalized lambda satisfying balanced-accuracy, ROC-AUC, average-precision, and violation-reduction constraints.",0.7350734774493993,0.8034838573643002,0.4707670448340205,0.0297029702970297,0.5263346686430183,0.722836417157275,-0.002849032800672946,0.645,0.025000000000000022,0.80067283431455,-0.030698065601345692,0.8016011354079058,0.001425042052144665,0.4711632938455673,0.0031986949052839053,0.0320374370050395,-0.0262778977681786,0.5143320277307505,-0.070597880351838,0.3329284355633602,0.0020979640481751383,0.0999343891183884,0.001086103069343397
xgboost,7,XGBoost,ba_strict_0.005,0.1,0.005,0.01,0.02,0.4,0.0,"Selected the smallest penalized lambda satisfying balanced-accuracy, ROC-AUC, average-precision, and violation-reduction constraints.",0.7350734774493993,0.8034838573643002,0.4707670448340205,0.0297029702970297,0.5263346686430183,0.722836417157275,-0.002849032800672946,0.645,0.025000000000000022,0.80067283431455,-0.030698065601345692,0.8016011354079058,0.001425042052144665,0.4711632938455673,0.0031986949052839053,0.0320374370050395,-0.0262778977681786,0.5143320277307505,-0.070597880351838,0.3329284355633602,0.0020979640481751383,0.0999343891183884,0.001086103069343397
xgboost,7,XGBoost,ba_permissive_0.020,0.1,0.02,0.01,0.02,0.4,0.0,"Selected the smallest penalized lambda satisfying balanced-accuracy, ROC-AUC, average-precision, and violation-reduction constraints.",0.7350734774493993,0.8034838573643002,0.4707670448340205,0.0297029702970297,0.5263346686430183,0.722836417157275,-0.002849032800672946,0.645,0.025000000000000022,0.80067283431455,-0.030698065601345692,0.8016011354079058,0.001425042052144665,0.4711632938455673,0.0031986949052839053,0.0320374370050395,-0.0262778977681786,0.5143320277307505,-0.070597880351838,0.3329284355633602,0.0020979640481751383,0.0999343891183884,0.001086103069343397
xgboost,7,XGBoost,auc_strict_0.005,0.1,0.01,0.005,0.02,0.4,0.0,"Selected the smallest penalized lambda satisfying balanced-accuracy, ROC-AUC, average-precision, and violation-reduction constraints.",0.7350734774493993,0.8034838573643002,0.4707670448340205,0.0297029702970297,0.5263346686430183,0.722836417157275,-0.002849032800672946,0.645,0.025000000000000022,0.80067283431455,-0.030698065601345692,0.8016011354079058,0.001425042052144665,0.4711632938455673,0.0031986949052839053,0.0320374370050395,-0.0262778977681786,0.5143320277307505,-0.070597880351838,0.3329284355633602,0.0020979640481751383,0.0999343891183884,0.001086103069343397
xgboost,7,XGBoost,auc_permissive_0.020,0.1,0.01,0.02,0.02,0.4,0.0,"Selected the smallest penalized lambda satisfying balanced-accuracy, ROC-AUC, average-precision, and violation-reduction constraints.",0.7350734774493993,0.8034838573643002,0.4707670448340205,0.0297029702970297,0.5263346686430183,0.722836417157275,-0.002849032800672946,0.645,0.025000000000000022,0.80067283431455,-0.030698065601345692,0.8016011354079058,0.001425042052144665,0.4711632938455673,0.0031986949052839053,0.0320374370050395,-0.0262778977681786,0.5143320277307505,-0.070597880351838,0.3329284355633602,0.0020979640481751383,0.0999343891183884,0.001086103069343397
xgboost,7,XGBoost,ap_strict_0.010,0.1,0.01,0.01,0.01,0.4,0.0,"Selected the smallest penalized lambda satisfying balanced-accuracy, ROC-AUC, average-precision, and violation-reduction constraints.",0.7350734774493993,0.8034838573643002,0.4707670448340205,0.0297029702970297,0.5263346686430183,0.722836417157275,-0.002849032800672946,0.645,0.025000000000000022,0.80067283431455,-0.030698065601345692,0.8016011354079058,0.001425042052144665,0.4711632938455673,0.0031986949052839053,0.0320374370050395,-0.0262778977681786,0.5143320277307505,-0.070597880351838,0.3329284355633602,0.0020979640481751383,0.0999343891183884,0.001086103069343397
xgboost,7,XGBoost,ap_permissive_0.030,0.1,0.01,0.01,0.03,0.4,0.0,"Selected the smallest penalized lambda satisfying balanced-accuracy, ROC-AUC, average-precision, and violation-reduction constraints.",0.7350734774493993,0.8034838573643002,0.4707670448340205,0.0297029702970297,0.5263346686430183,0.722836417157275,-0.002849032800672946,0.645,0.025000000000000022,0.80067283431455,-0.030698065601345692,0.8016011354079058,0.001425042052144665,0.4711632938455673,0.0031986949052839053,0.0320374370050395,-0.0262778977681786,0.5143320277307505,-0.070597880351838,0.3329284355633602,0.0020979640481751383,0.0999343891183884,0.001086103069343397
xgboost,7,XGBoost,violation_strict_0.50,0.25,0.01,0.01,0.02,0.5,0.0,"Selected the smallest penalized lambda satisfying balanced-accuracy, ROC-AUC, average-precision, and violation-reduction constraints.",0.7326725496946744,0.8006908741683236,0.461013532381074,0.0171017101710171,0.4471562157984086,0.7171131202691338,-0.008572329688814162,0.655,0.03500000000000003,0.7792262405382675,-0.052144659377628244,0.7966778805719092,-0.003498212783851873,0.4579066966350647,-0.010057902305218691,0.0201583873290136,-0.038156947444204496,0.4378537011140334,-0.1470762069685551,0.3440833541245607,0.013252882609375627,0.1049687588105071,0.0061204727614621035
xgboost,7,XGBoost,violation_permissive_0.30,0.1,0.01,0.01,0.02,0.3,0.0,"Selected the smallest penalized lambda satisfying balanced-accuracy, ROC-AUC, average-precision, and violation-reduction constraints.",0.7350734774493993,0.8034838573643002,0.4707670448340205,0.0297029702970297,0.5263346686430183,0.722836417157275,-0.002849032800672946,0.645,0.025000000000000022,0.80067283431455,-0.030698065601345692,0.8016011354079058,0.001425042052144665,0.4711632938455673,0.0031986949052839053,0.0320374370050395,-0.0262778977681786,0.5143320277307505,-0.070597880351838,0.3329284355633602,0.0020979640481751383,0.0999343891183884,0.001086103069343397
xgboost,8,XGBoost,primary,0.1,0.01,0.01,0.02,0.4,0.0,"Selected the smallest penalized lambda satisfying balanced-accuracy, ROC-AUC, average-precision, and violation-reduction constraints.",0.7272636671679924,0.7915961763063436,0.4333653397513258,0.0153015301530153,0.5071776014264178,0.7250653968816069,-0.0024224775563804757,0.7243107769423559,0.03258145363408527,0.7258200168208578,-0.03742640874684611,0.8032323238710739,-0.0009812167087185353,0.419582944157979,0.0015364393995068726,0.0219661505221462,-0.0212459488656823,0.5069095018410482,-0.06567822652648692,0.335075992783146,0.0014985869388952633,0.1019253608092606,0.0007266197741300912
xgboost,8,XGBoost,ba_strict_0.005,0.0,0.005,0.01,0.02,0.4,0.0,No penalized lambda satisfied all validation constraints; the unpenalized baseline was retained.,0.7331074347219454,0.7928168195078881,0.4477371325255303,0.0351035103510351,0.575832652186827,0.7274878744379873,0.0,0.6917293233082706,0.0,0.763246425567704,0.0,0.8042135405797924,0.0,0.4180465047584721,0.0,0.0432120993878285,0.0,0.5725877283675351,0.0,0.3335774058442507,0.0,0.1011987410351305,0.0
xgboost,8,XGBoost,ba_permissive_0.020,0.1,0.02,0.01,0.02,0.4,0.0,"Selected the smallest penalized lambda satisfying balanced-accuracy, ROC-AUC, average-precision, and violation-reduction constraints.",0.7272636671679924,0.7915961763063436,0.4333653397513258,0.0153015301530153,0.5071776014264178,0.7250653968816069,-0.0024224775563804757,0.7243107769423559,0.03258145363408527,0.7258200168208578,-0.03742640874684611,0.8032323238710739,-0.0009812167087185353,0.419582944157979,0.0015364393995068726,0.0219661505221462,-0.0212459488656823,0.5069095018410482,-0.06567822652648692,0.335075992783146,0.0014985869388952633,0.1019253608092606,0.0007266197741300912
xgboost,8,XGBoost,auc_strict_0.005,0.1,0.01,0.005,0.02,0.4,0.0,"Selected the smallest penalized lambda satisfying balanced-accuracy, ROC-AUC, average-precision, and violation-reduction constraints.",0.7272636671679924,0.7915961763063436,0.4333653397513258,0.0153015301530153,0.5071776014264178,0.7250653968816069,-0.0024224775563804757,0.7243107769423559,0.03258145363408527,0.7258200168208578,-0.03742640874684611,0.8032323238710739,-0.0009812167087185353,0.419582944157979,0.0015364393995068726,0.0219661505221462,-0.0212459488656823,0.5069095018410482,-0.06567822652648692,0.335075992783146,0.0014985869388952633,0.1019253608092606,0.0007266197741300912
xgboost,8,XGBoost,auc_permissive_0.020,0.1,0.01,0.02,0.02,0.4,0.0,"Selected the smallest penalized lambda satisfying balanced-accuracy, ROC-AUC, average-precision, and violation-reduction constraints.",0.7272636671679924,0.7915961763063436,0.4333653397513258,0.0153015301530153,0.5071776014264178,0.7250653968816069,-0.0024224775563804757,0.7243107769423559,0.03258145363408527,0.7258200168208578,-0.03742640874684611,0.8032323238710739,-0.0009812167087185353,0.419582944157979,0.0015364393995068726,0.0219661505221462,-0.0212459488656823,0.5069095018410482,-0.06567822652648692,0.335075992783146,0.0014985869388952633,0.1019253608092606,0.0007266197741300912
xgboost,8,XGBoost,ap_strict_0.010,0.0,0.01,0.01,0.01,0.4,0.0,No penalized lambda satisfied all validation constraints; the unpenalized baseline was retained.,0.7331074347219454,0.7928168195078881,0.4477371325255303,0.0351035103510351,0.575832652186827,0.7274878744379873,0.0,0.6917293233082706,0.0,0.763246425567704,0.0,0.8042135405797924,0.0,0.4180465047584721,0.0,0.0432120993878285,0.0,0.5725877283675351,0.0,0.3335774058442507,0.0,0.1011987410351305,0.0
xgboost,8,XGBoost,ap_permissive_0.030,0.1,0.01,0.01,0.03,0.4,0.0,"Selected the smallest penalized lambda satisfying balanced-accuracy, ROC-AUC, average-precision, and violation-reduction constraints.",0.7272636671679924,0.7915961763063436,0.4333653397513258,0.0153015301530153,0.5071776014264178,0.7250653968816069,-0.0024224775563804757,0.7243107769423559,0.03258145363408527,0.7258200168208578,-0.03742640874684611,0.8032323238710739,-0.0009812167087185353,0.419582944157979,0.0015364393995068726,0.0219661505221462,-0.0212459488656823,0.5069095018410482,-0.06567822652648692,0.335075992783146,0.0014985869388952633,0.1019253608092606,0.0007266197741300912
xgboost,8,XGBoost,violation_strict_0.50,0.1,0.01,0.01,0.02,0.5,0.0,"Selected the smallest penalized lambda satisfying balanced-accuracy, ROC-AUC, average-precision, and violation-reduction constraints.",0.7272636671679924,0.7915961763063436,0.4333653397513258,0.0153015301530153,0.5071776014264178,0.7250653968816069,-0.0024224775563804757,0.7243107769423559,0.03258145363408527,0.7258200168208578,-0.03742640874684611,0.8032323238710739,-0.0009812167087185353,0.419582944157979,0.0015364393995068726,0.0219661505221462,-0.0212459488656823,0.5069095018410482,-0.06567822652648692,0.335075992783146,0.0014985869388952633,0.1019253608092606,0.0007266197741300912
xgboost,8,XGBoost,violation_permissive_0.30,0.1,0.01,0.01,0.02,0.3,0.0,"Selected the smallest penalized lambda satisfying balanced-accuracy, ROC-AUC, average-precision, and violation-reduction constraints.",0.7272636671679924,0.7915961763063436,0.4333653397513258,0.0153015301530153,0.5071776014264178,0.7250653968816069,-0.0024224775563804757,0.7243107769423559,0.03258145363408527,0.7258200168208578,-0.03742640874684611,0.8032323238710739,-0.0009812167087185353,0.419582944157979,0.0015364393995068726,0.0219661505221462,-0.0212459488656823,0.5069095018410482,-0.06567822652648692,0.335075992783146,0.0014985869388952633,0.1019253608092606,0.0007266197741300912
xgboost,9,XGBoost,primary,0.0,0.01,0.01,0.02,0.4,0.0,No penalized lambda satisfied all validation constraints; the unpenalized baseline was retained.,0.7277438527189375,0.7952012743449133,0.427958721804949,0.0553555355535553,0.5908504142664877,0.7420042958531737,0.0,0.6892230576441103,0.0,0.7947855340622372,0.0,0.7988727074203591,0.0,0.431824174306646,0.0,0.0468131076701476,0.0,0.5810236973520495,0.0,0.3324218912670922,0.0,0.0998438057570549,0.0
xgboost,9,XGBoost,ba_strict_0.005,0.0,0.005,0.01,0.02,0.4,0.0,No penalized lambda satisfied all validation constraints; the unpenalized baseline was retained.,0.7277438527189375,0.7952012743449133,0.427958721804949,0.0553555355535553,0.5908504142664877,0.7420042958531737,0.0,0.6892230576441103,0.0,0.7947855340622372,0.0,0.7988727074203591,0.0,0.431824174306646,0.0,0.0468131076701476,0.0,0.5810236973520495,0.0,0.3324218912670922,0.0,0.0998438057570549,0.0
xgboost,9,XGBoost,ba_permissive_0.020,0.1,0.02,0.01,0.02,0.4,0.0,"Selected the smallest penalized lambda satisfying balanced-accuracy, ROC-AUC, average-precision, and violation-reduction constraints.",0.7158388750973961,0.7905715608254249,0.4139816696721665,0.0247524752475247,0.5240212712306479,0.7393462630503931,-0.002658032802780652,0.7293233082706767,0.040100250626566414,0.7493692178301093,-0.04541631623212783,0.7961719901098414,-0.0027007173105176863,0.4367175224861409,0.004893348179494883,0.0165646380986676,-0.030248469571479995,0.5146450539973791,-0.06637864335467036,0.3348277599138546,0.002405868646762399,0.1005371901406561,0.0006933843836011977
xgboost,9,XGBoost,auc_strict_0.005,0.0,0.01,0.005,0.02,0.4,0.0,No penalized lambda satisfied all validation constraints; the unpenalized baseline was retained.,0.7277438527189375,0.7952012743449133,0.427958721804949,0.0553555355535553,0.5908504142664877,0.7420042958531737,0.0,0.6892230576441103,0.0,0.7947855340622372,0.0,0.7988727074203591,0.0,0.431824174306646,0.0,0.0468131076701476,0.0,0.5810236973520495,0.0,0.3324218912670922,0.0,0.0998438057570549,0.0
xgboost,9,XGBoost,auc_permissive_0.020,0.0,0.01,0.02,0.02,0.4,0.0,No penalized lambda satisfied all validation constraints; the unpenalized baseline was retained.,0.7277438527189375,0.7952012743449133,0.427958721804949,0.0553555355535553,0.5908504142664877,0.7420042958531737,0.0,0.6892230576441103,0.0,0.7947855340622372,0.0,0.7988727074203591,0.0,0.431824174306646,0.0,0.0468131076701476,0.0,0.5810236973520495,0.0,0.3324218912670922,0.0,0.0998438057570549,0.0
xgboost,9,XGBoost,ap_strict_0.010,0.0,0.01,0.01,0.01,0.4,0.0,No penalized lambda satisfied all validation constraints; the unpenalized baseline was retained.,0.7277438527189375,0.7952012743449133,0.427958721804949,0.0553555355535553,0.5908504142664877,0.7420042958531737,0.0,0.6892230576441103,0.0,0.7947855340622372,0.0,0.7988727074203591,0.0,0.431824174306646,0.0,0.0468131076701476,0.0,0.5810236973520495,0.0,0.3324218912670922,0.0,0.0998438057570549,0.0
xgboost,9,XGBoost,ap_permissive_0.030,0.0,0.01,0.01,0.03,0.4,0.0,No penalized lambda satisfied all validation constraints; the unpenalized baseline was retained.,0.7277438527189375,0.7952012743449133,0.427958721804949,0.0553555355535553,0.5908504142664877,0.7420042958531737,0.0,0.6892230576441103,0.0,0.7947855340622372,0.0,0.7988727074203591,0.0,0.431824174306646,0.0,0.0468131076701476,0.0,0.5810236973520495,0.0,0.3324218912670922,0.0,0.0998438057570549,0.0
xgboost,9,XGBoost,violation_strict_0.50,0.0,0.01,0.01,0.02,0.5,0.0,No penalized lambda satisfied all validation constraints; the unpenalized baseline was retained.,0.7277438527189375,0.7952012743449133,0.427958721804949,0.0553555355535553,0.5908504142664877,0.7420042958531737,0.0,0.6892230576441103,0.0,0.7947855340622372,0.0,0.7988727074203591,0.0,0.431824174306646,0.0,0.0468131076701476,0.0,0.5810236973520495,0.0,0.3324218912670922,0.0,0.0998438057570549,0.0
xgboost,9,XGBoost,violation_permissive_0.30,0.0,0.01,0.01,0.02,0.3,0.0,No penalized lambda satisfied all validation constraints; the unpenalized baseline was retained.,0.7277438527189375,0.7952012743449133,0.427958721804949,0.0553555355535553,0.5908504142664877,0.7420042958531737,0.0,0.6892230576441103,0.0,0.7947855340622372,0.0,0.7988727074203591,0.0,0.431824174306646,0.0,0.0468131076701476,0.0,0.5810236973520495,0.0,0.3324218912670922,0.0,0.0998438057570549,0.0
xgboost,10,XGBoost,primary,0.1,0.01,0.01,0.02,0.4,0.0,"Selected the smallest penalized lambda satisfying balanced-accuracy, ROC-AUC, average-precision, and violation-reduction constraints.",0.7488629568557812,0.8195836634780589,0.454088937649833,0.0162016201620162,0.5212347269119335,0.7088584581723443,-0.01058048822645341,0.7293233082706767,0.020050125313283207,0.6883936080740117,-0.04121110176619014,0.7780648003524371,-0.0005501558774985149,0.4309877297069265,-0.0008295724861738241,0.0205257472092185,-0.023406553835073902,0.531191258455718,-0.07215416176400291,0.3447480872451828,0.0036822605756923754,0.1024626241515596,0.0011394111086575065
xgboost,10,XGBoost,ba_strict_0.005,0.1,0.005,0.01,0.02,0.4,0.0,"Selected the smallest penalized lambda satisfying balanced-accuracy, ROC-AUC, average-precision, and violation-reduction constraints.",0.7488629568557812,0.8195836634780589,0.454088937649833,0.0162016201620162,0.5212347269119335,0.7088584581723443,-0.01058048822645341,0.7293233082706767,0.020050125313283207,0.6883936080740117,-0.04121110176619014,0.7780648003524371,-0.0005501558774985149,0.4309877297069265,-0.0008295724861738241,0.0205257472092185,-0.023406553835073902,0.531191258455718,-0.07215416176400291,0.3447480872451828,0.0036822605756923754,0.1024626241515596,0.0011394111086575065
xgboost,10,XGBoost,ba_permissive_0.020,0.1,0.02,0.01,0.02,0.4,0.0,"Selected the smallest penalized lambda satisfying balanced-accuracy, ROC-AUC, average-precision, and violation-reduction constraints.",0.7488629568557812,0.8195836634780589,0.454088937649833,0.0162016201620162,0.5212347269119335,0.7088584581723443,-0.01058048822645341,0.7293233082706767,0.020050125313283207,0.6883936080740117,-0.04121110176619014,0.7780648003524371,-0.0005501558774985149,0.4309877297069265,-0.0008295724861738241,0.0205257472092185,-0.023406553835073902,0.531191258455718,-0.07215416176400291,0.3447480872451828,0.0036822605756923754,0.1024626241515596,0.0011394111086575065
xgboost,10,XGBoost,auc_strict_0.005,0.1,0.01,0.005,0.02,0.4,0.0,"Selected the smallest penalized lambda satisfying balanced-accuracy, ROC-AUC, average-precision, and violation-reduction constraints.",0.7488629568557812,0.8195836634780589,0.454088937649833,0.0162016201620162,0.5212347269119335,0.7088584581723443,-0.01058048822645341,0.7293233082706767,0.020050125313283207,0.6883936080740117,-0.04121110176619014,0.7780648003524371,-0.0005501558774985149,0.4309877297069265,-0.0008295724861738241,0.0205257472092185,-0.023406553835073902,0.531191258455718,-0.07215416176400291,0.3447480872451828,0.0036822605756923754,0.1024626241515596,0.0011394111086575065
xgboost,10,XGBoost,auc_permissive_0.020,0.1,0.01,0.02,0.02,0.4,0.0,"Selected the smallest penalized lambda satisfying balanced-accuracy, ROC-AUC, average-precision, and violation-reduction constraints.",0.7488629568557812,0.8195836634780589,0.454088937649833,0.0162016201620162,0.5212347269119335,0.7088584581723443,-0.01058048822645341,0.7293233082706767,0.020050125313283207,0.6883936080740117,-0.04121110176619014,0.7780648003524371,-0.0005501558774985149,0.4309877297069265,-0.0008295724861738241,0.0205257472092185,-0.023406553835073902,0.531191258455718,-0.07215416176400291,0.3447480872451828,0.0036822605756923754,0.1024626241515596,0.0011394111086575065
xgboost,10,XGBoost,ap_strict_0.010,0.1,0.01,0.01,0.01,0.4,0.0,"Selected the smallest penalized lambda satisfying balanced-accuracy, ROC-AUC, average-precision, and violation-reduction constraints.",0.7488629568557812,0.8195836634780589,0.454088937649833,0.0162016201620162,0.5212347269119335,0.7088584581723443,-0.01058048822645341,0.7293233082706767,0.020050125313283207,0.6883936080740117,-0.04121110176619014,0.7780648003524371,-0.0005501558774985149,0.4309877297069265,-0.0008295724861738241,0.0205257472092185,-0.023406553835073902,0.531191258455718,-0.07215416176400291,0.3447480872451828,0.0036822605756923754,0.1024626241515596,0.0011394111086575065
xgboost,10,XGBoost,ap_permissive_0.030,0.1,0.01,0.01,0.03,0.4,0.0,"Selected the smallest penalized lambda satisfying balanced-accuracy, ROC-AUC, average-precision, and violation-reduction constraints.",0.7488629568557812,0.8195836634780589,0.454088937649833,0.0162016201620162,0.5212347269119335,0.7088584581723443,-0.01058048822645341,0.7293233082706767,0.020050125313283207,0.6883936080740117,-0.04121110176619014,0.7780648003524371,-0.0005501558774985149,0.4309877297069265,-0.0008295724861738241,0.0205257472092185,-0.023406553835073902,0.531191258455718,-0.07215416176400291,0.3447480872451828,0.0036822605756923754,0.1024626241515596,0.0011394111086575065
xgboost,10,XGBoost,violation_strict_0.50,0.1,0.01,0.01,0.02,0.5,0.0,"Selected the smallest penalized lambda satisfying balanced-accuracy, ROC-AUC, average-precision, and violation-reduction constraints.",0.7488629568557812,0.8195836634780589,0.454088937649833,0.0162016201620162,0.5212347269119335,0.7088584581723443,-0.01058048822645341,0.7293233082706767,0.020050125313283207,0.6883936080740117,-0.04121110176619014,0.7780648003524371,-0.0005501558774985149,0.4309877297069265,-0.0008295724861738241,0.0205257472092185,-0.023406553835073902,0.531191258455718,-0.07215416176400291,0.3447480872451828,0.0036822605756923754,0.1024626241515596,0.0011394111086575065
xgboost,10,XGBoost,violation_permissive_0.30,0.1,0.01,0.01,0.02,0.3,0.0,"Selected the smallest penalized lambda satisfying balanced-accuracy, ROC-AUC, average-precision, and violation-reduction constraints.",0.7488629568557812,0.8195836634780589,0.454088937649833,0.0162016201620162,0.5212347269119335,0.7088584581723443,-0.01058048822645341,0.7293233082706767,0.020050125313283207,0.6883936080740117,-0.04121110176619014,0.7780648003524371,-0.0005501558774985149,0.4309877297069265,-0.0008295724861738241,0.0205257472092185,-0.023406553835073902,0.531191258455718,-0.07215416176400291,0.3447480872451828,0.0036822605756923754,0.1024626241515596,0.0011394111086575065
lightgbm,1,LightGBM,primary,0.0,0.01,0.01,0.02,0.4,0.0,No penalized lambda satisfied all validation constraints; the unpenalized baseline was retained.,0.739014623009042,0.808564105182874,0.4527294431369833,0.036003600360036,0.5697306802006,0.7221490042887799,0.0,0.7343358395989975,0.0,0.7099621689785625,0.0,0.7958099325657565,0.0,0.4301553328294529,0.0,0.037077033837293,0.0,0.5754338668368235,0.0,0.3354950798856478,0.0,0.1009299272287837,0.0
lightgbm,1,LightGBM,ba_strict_0.005,0.0,0.005,0.01,0.02,0.4,0.0,No penalized lambda satisfied all validation constraints; the unpenalized baseline was retained.,0.739014623009042,0.808564105182874,0.4527294431369833,0.036003600360036,0.5697306802006,0.7221490042887799,0.0,0.7343358395989975,0.0,0.7099621689785625,0.0,0.7958099325657565,0.0,0.4301553328294529,0.0,0.037077033837293,0.0,0.5754338668368235,0.0,0.3354950798856478,0.0,0.1009299272287837,0.0
lightgbm,1,LightGBM,ba_permissive_0.020,0.1,0.02,0.01,0.02,0.4,0.0,"Selected the smallest penalized lambda satisfying balanced-accuracy, ROC-AUC, average-precision, and violation-reduction constraints.",0.7279703553373077,0.8074422994875275,0.443378941524624,0.0198019801980198,0.5047530812561744,0.7176563729626715,-0.004492631326108443,0.7593984962406015,0.02506265664160401,0.6759142496847415,-0.034047919293821005,0.7943945614351137,-0.0014153711306428285,0.4262893975477697,-0.0038659352816832193,0.0219582433405327,-0.0151187904967603,0.5104792793648406,-0.0649545874719829,0.3384619076891352,0.002966827803487393,0.1021916320911099,0.001261704862326199
lightgbm,1,LightGBM,auc_strict_0.005,0.0,0.01,0.005,0.02,0.4,0.0,No penalized lambda satisfied all validation constraints; the unpenalized baseline was retained.,0.739014623009042,0.808564105182874,0.4527294431369833,0.036003600360036,0.5697306802006,0.7221490042887799,0.0,0.7343358395989975,0.0,0.7099621689785625,0.0,0.7958099325657565,0.0,0.4301553328294529,0.0,0.037077033837293,0.0,0.5754338668368235,0.0,0.3354950798856478,0.0,0.1009299272287837,0.0
lightgbm,1,LightGBM,auc_permissive_0.020,0.0,0.01,0.02,0.02,0.4,0.0,No penalized lambda satisfied all validation constraints; the unpenalized baseline was retained.,0.739014623009042,0.808564105182874,0.4527294431369833,0.036003600360036,0.5697306802006,0.7221490042887799,0.0,0.7343358395989975,0.0,0.7099621689785625,0.0,0.7958099325657565,0.0,0.4301553328294529,0.0,0.037077033837293,0.0,0.5754338668368235,0.0,0.3354950798856478,0.0,0.1009299272287837,0.0
lightgbm,1,LightGBM,ap_strict_0.010,0.0,0.01,0.01,0.01,0.4,0.0,No penalized lambda satisfied all validation constraints; the unpenalized baseline was retained.,0.739014623009042,0.808564105182874,0.4527294431369833,0.036003600360036,0.5697306802006,0.7221490042887799,0.0,0.7343358395989975,0.0,0.7099621689785625,0.0,0.7958099325657565,0.0,0.4301553328294529,0.0,0.037077033837293,0.0,0.5754338668368235,0.0,0.3354950798856478,0.0,0.1009299272287837,0.0
lightgbm,1,LightGBM,ap_permissive_0.030,0.25,0.01,0.01,0.03,0.4,0.0,"Selected the smallest penalized lambda satisfying balanced-accuracy, ROC-AUC, average-precision, and violation-reduction constraints.",0.7305706053961984,0.8002197487221134,0.4299833660512543,0.0207020702070207,0.4301441674826612,0.7155546495494727,-0.006594354739307251,0.7593984962406015,0.02506265664160401,0.6717108028583438,-0.03825136612021862,0.7906778295044041,-0.005132103061352367,0.4092183333066509,-0.02093699952280198,0.0176385889128869,-0.0194384449244061,0.4359595080778121,-0.13947435875901143,0.3490574195593792,0.013562339673731383,0.1069350710561538,0.0060051438273700936
lightgbm,1,LightGBM,violation_strict_0.50,0.0,0.01,0.01,0.02,0.5,0.0,No penalized lambda satisfied all validation constraints; the unpenalized baseline was retained.,0.739014623009042,0.808564105182874,0.4527294431369833,0.036003600360036,0.5697306802006,0.7221490042887799,0.0,0.7343358395989975,0.0,0.7099621689785625,0.0,0.7958099325657565,0.0,0.4301553328294529,0.0,0.037077033837293,0.0,0.5754338668368235,0.0,0.3354950798856478,0.0,0.1009299272287837,0.0
lightgbm,1,LightGBM,violation_permissive_0.30,0.0,0.01,0.01,0.02,0.3,0.0,No penalized lambda satisfied all validation constraints; the unpenalized baseline was retained.,0.739014623009042,0.808564105182874,0.4527294431369833,0.036003600360036,0.5697306802006,0.7221490042887799,0.0,0.7343358395989975,0.0,0.7099621689785625,0.0,0.7958099325657565,0.0,0.4301553328294529,0.0,0.037077033837293,0.0,0.5754338668368235,0.0,0.3354950798856478,0.0,0.1009299272287837,0.0
lightgbm,2,LightGBM,primary,0.1,0.01,0.01,0.02,0.4,0.0,"Selected the smallest penalized lambda satisfying balanced-accuracy, ROC-AUC, average-precision, and violation-reduction constraints.",0.7353452805914437,0.8013324943127251,0.4173940637467785,0.0189018901890189,0.5069215102985236,0.7312878469301934,-0.006166947014297652,0.7725,0.015000000000000013,0.6900756938603869,-0.02733389402859543,0.802467409587889,-0.0026109125315391113,0.4981816663685316,-0.0025345118103137776,0.0208783297336213,-0.013678905687545002,0.5156246867073978,-0.06833287590547599,0.3285682982662395,0.0038330771116765194,0.097470815750818,0.00147497560786429
lightgbm,2,LightGBM,ba_strict_0.005,0.1,0.005,0.01,0.02,0.4,0.0,"Selected the smallest penalized lambda satisfying balanced-accuracy, ROC-AUC, average-precision, and violation-reduction constraints.",0.7353452805914437,0.8013324943127251,0.4173940637467785,0.0189018901890189,0.5069215102985236,0.7312878469301934,-0.006166947014297652,0.7725,0.015000000000000013,0.6900756938603869,-0.02733389402859543,0.802467409587889,-0.0026109125315391113,0.4981816663685316,-0.0025345118103137776,0.0208783297336213,-0.013678905687545002,0.5156246867073978,-0.06833287590547599,0.3285682982662395,0.0038330771116765194,0.097470815750818,0.00147497560786429
lightgbm,2,LightGBM,ba_permissive_0.020,0.1,0.02,0.01,0.02,0.4,0.0,"Selected the smallest penalized lambda satisfying balanced-accuracy, ROC-AUC, average-precision, and violation-reduction constraints.",0.7353452805914437,0.8013324943127251,0.4173940637467785,0.0189018901890189,0.5069215102985236,0.7312878469301934,-0.006166947014297652,0.7725,0.015000000000000013,0.6900756938603869,-0.02733389402859543,0.802467409587889,-0.0026109125315391113,0.4981816663685316,-0.0025345118103137776,0.0208783297336213,-0.013678905687545002,0.5156246867073978,-0.06833287590547599,0.3285682982662395,0.0038330771116765194,0.097470815750818,0.00147497560786429
lightgbm,2,LightGBM,auc_strict_0.005,0.1,0.01,0.005,0.02,0.4,0.0,"Selected the smallest penalized lambda satisfying balanced-accuracy, ROC-AUC, average-precision, and violation-reduction constraints.",0.7353452805914437,0.8013324943127251,0.4173940637467785,0.0189018901890189,0.5069215102985236,0.7312878469301934,-0.006166947014297652,0.7725,0.015000000000000013,0.6900756938603869,-0.02733389402859543,0.802467409587889,-0.0026109125315391113,0.4981816663685316,-0.0025345118103137776,0.0208783297336213,-0.013678905687545002,0.5156246867073978,-0.06833287590547599,0.3285682982662395,0.0038330771116765194,0.097470815750818,0.00147497560786429
lightgbm,2,LightGBM,auc_permissive_0.020,0.1,0.01,0.02,0.02,0.4,0.0,"Selected the smallest penalized lambda satisfying balanced-accuracy, ROC-AUC, average-precision, and violation-reduction constraints.",0.7353452805914437,0.8013324943127251,0.4173940637467785,0.0189018901890189,0.5069215102985236,0.7312878469301934,-0.006166947014297652,0.7725,0.015000000000000013,0.6900756938603869,-0.02733389402859543,0.802467409587889,-0.0026109125315391113,0.4981816663685316,-0.0025345118103137776,0.0208783297336213,-0.013678905687545002,0.5156246867073978,-0.06833287590547599,0.3285682982662395,0.0038330771116765194,0.097470815750818,0.00147497560786429
lightgbm,2,LightGBM,ap_strict_0.010,0.0,0.01,0.01,0.01,0.4,0.0,No penalized lambda satisfied all validation constraints; the unpenalized baseline was retained.,0.7336057404823599,0.8038635581172773,0.4312504791022505,0.0324032403240324,0.5738974913398628,0.7374547939444911,0.0,0.7575,0.0,0.7174095878889823,0.0,0.8050783221194281,0.0,0.5007161781788454,0.0,0.0345572354211663,0.0,0.5839575626128738,0.0,0.324735221154563,0.0,0.0959958401429537,0.0
lightgbm,2,LightGBM,ap_permissive_0.030,0.1,0.01,0.01,0.03,0.4,0.0,"Selected the smallest penalized lambda satisfying balanced-accuracy, ROC-AUC, average-precision, and violation-reduction constraints.",0.7353452805914437,0.8013324943127251,0.4173940637467785,0.0189018901890189,0.5069215102985236,0.7312878469301934,-0.006166947014297652,0.7725,0.015000000000000013,0.6900756938603869,-0.02733389402859543,0.802467409587889,-0.0026109125315391113,0.4981816663685316,-0.0025345118103137776,0.0208783297336213,-0.013678905687545002,0.5156246867073978,-0.06833287590547599,0.3285682982662395,0.0038330771116765194,0.097470815750818,0.00147497560786429
lightgbm,2,LightGBM,violation_strict_0.50,0.0,0.01,0.01,0.02,0.5,0.0,No penalized lambda satisfied all validation constraints; the unpenalized baseline was retained.,0.7336057404823599,0.8038635581172773,0.4312504791022505,0.0324032403240324,0.5738974913398628,0.7374547939444911,0.0,0.7575,0.0,0.7174095878889823,0.0,0.8050783221194281,0.0,0.5007161781788454,0.0,0.0345572354211663,0.0,0.5839575626128738,0.0,0.324735221154563,0.0,0.0959958401429537,0.0
lightgbm,2,LightGBM,violation_permissive_0.30,0.1,0.01,0.01,0.02,0.3,0.0,"Selected the smallest penalized lambda satisfying balanced-accuracy, ROC-AUC, average-precision, and violation-reduction constraints.",0.7353452805914437,0.8013324943127251,0.4173940637467785,0.0189018901890189,0.5069215102985236,0.7312878469301934,-0.006166947014297652,0.7725,0.015000000000000013,0.6900756938603869,-0.02733389402859543,0.802467409587889,-0.0026109125315391113,0.4981816663685316,-0.0025345118103137776,0.0208783297336213,-0.013678905687545002,0.5156246867073978,-0.06833287590547599,0.3285682982662395,0.0038330771116765194,0.097470815750818,0.00147497560786429
lightgbm,3,LightGBM,primary,0.0,0.01,0.01,0.02,0.4,0.0,No penalized lambda satisfied all validation constraints; the unpenalized baseline was retained.,0.7439614401942487,0.8075773774126649,0.4334860029761662,0.0333033303330333,0.5850215193121605,0.7328197491204883,0.0,0.731829573934837,0.0,0.7338099243061396,0.0,0.8043131377645122,0.0,0.4475364985010384,0.0,0.0334893770255671,0.0,0.5792923412345554,0.0,0.3304215151757589,0.0,0.0995579565520693,0.0
lightgbm,3,LightGBM,ba_strict_0.005,0.0,0.005,0.01,0.02,0.4,0.0,No penalized lambda satisfied all validation constraints; the unpenalized baseline was retained.,0.7439614401942487,0.8075773774126649,0.4334860029761662,0.0333033303330333,0.5850215193121605,0.7328197491204883,0.0,0.731829573934837,0.0,0.7338099243061396,0.0,0.8043131377645122,0.0,0.4475364985010384,0.0,0.0334893770255671,0.0,0.5792923412345554,0.0,0.3304215151757589,0.0,0.0995579565520693,0.0
lightgbm,3,LightGBM,ba_permissive_0.020,0.1,0.02,0.01,0.02,0.4,0.0,"Selected the smallest penalized lambda satisfying balanced-accuracy, ROC-AUC, average-precision, and violation-reduction constraints.",0.7292297098954463,0.8052217501816139,0.4337656753862799,0.0189018901890189,0.516890312323023,0.7285302195775393,-0.004289529542949033,0.7568922305764411,0.02506265664160401,0.7001682085786375,-0.033641715727502075,0.7974525253419503,-0.0068606124225618625,0.4387606050826476,-0.008775893418390801,0.0208858480374504,-0.012603528988116699,0.5119245581776967,-0.06736778305685875,0.3342630610320212,0.003841545856262285,0.10067672981547,0.0011187732634007075
lightgbm,3,LightGBM,auc_strict_0.005,0.0,0.01,0.005,0.02,0.4,0.0,No penalized lambda satisfied all validation constraints; the unpenalized baseline was retained.,0.7439614401942487,0.8075773774126649,0.4334860029761662,0.0333033303330333,0.5850215193121605,0.7328197491204883,0.0,0.731829573934837,0.0,0.7338099243061396,0.0,0.8043131377645122,0.0,0.4475364985010384,0.0,0.0334893770255671,0.0,0.5792923412345554,0.0,0.3304215151757589,0.0,0.0995579565520693,0.0
lightgbm,3,LightGBM,auc_permissive_0.020,0.0,0.01,0.02,0.02,0.4,0.0,No penalized lambda satisfied all validation constraints; the unpenalized baseline was retained.,0.7439614401942487,0.8075773774126649,0.4334860029761662,0.0333033303330333,0.5850215193121605,0.7328197491204883,0.0,0.731829573934837,0.0,0.7338099243061396,0.0,0.8043131377645122,0.0,0.4475364985010384,0.0,0.0334893770255671,0.0,0.5792923412345554,0.0,0.3304215151757589,0.0,0.0995579565520693,0.0
lightgbm,3,LightGBM,ap_strict_0.010,0.0,0.01,0.01,0.01,0.4,0.0,No penalized lambda satisfied all validation constraints; the unpenalized baseline was retained.,0.7439614401942487,0.8075773774126649,0.4334860029761662,0.0333033303330333,0.5850215193121605,0.7328197491204883,0.0,0.731829573934837,0.0,0.7338099243061396,0.0,0.8043131377645122,0.0,0.4475364985010384,0.0,0.0334893770255671,0.0,0.5792923412345554,0.0,0.3304215151757589,0.0,0.0995579565520693,0.0
lightgbm,3,LightGBM,ap_permissive_0.030,0.0,0.01,0.01,0.03,0.4,0.0,No penalized lambda satisfied all validation constraints; the unpenalized baseline was retained.,0.7439614401942487,0.8075773774126649,0.4334860029761662,0.0333033303330333,0.5850215193121605,0.7328197491204883,0.0,0.731829573934837,0.0,0.7338099243061396,0.0,0.8043131377645122,0.0,0.4475364985010384,0.0,0.0334893770255671,0.0,0.5792923412345554,0.0,0.3304215151757589,0.0,0.0995579565520693,0.0
lightgbm,3,LightGBM,violation_strict_0.50,0.0,0.01,0.01,0.02,0.5,0.0,No penalized lambda satisfied all validation constraints; the unpenalized baseline was retained.,0.7439614401942487,0.8075773774126649,0.4334860029761662,0.0333033303330333,0.5850215193121605,0.7328197491204883,0.0,0.731829573934837,0.0,0.7338099243061396,0.0,0.8043131377645122,0.0,0.4475364985010384,0.0,0.0334893770255671,0.0,0.5792923412345554,0.0,0.3304215151757589,0.0,0.0995579565520693,0.0
lightgbm,3,LightGBM,violation_permissive_0.30,0.0,0.01,0.01,0.02,0.3,0.0,No penalized lambda satisfied all validation constraints; the unpenalized baseline was retained.,0.7439614401942487,0.8075773774126649,0.4334860029761662,0.0333033303330333,0.5850215193121605,0.7328197491204883,0.0,0.731829573934837,0.0,0.7338099243061396,0.0,0.8043131377645122,0.0,0.4475364985010384,0.0,0.0334893770255671,0.0,0.5792923412345554,0.0,0.3304215151757589,0.0,0.0995579565520693,0.0
lightgbm,4,LightGBM,primary,0.0,0.01,0.01,0.02,0.4,0.0,No penalized lambda satisfied all validation constraints; the unpenalized baseline was retained.,0.7430463696160328,0.8069481119565379,0.4674937641726665,0.0486048604860486,0.5847491799581969,0.7096831650193609,0.0,0.6716791979949874,0.0,0.7476871320437343,0.0,0.7760855039195971,0.0,0.4571182122842087,0.0,0.0468131076701476,0.0,0.5862706046715789,0.0,0.3412007626013387,0.0,0.1008396882984959,0.0
lightgbm,4,LightGBM,ba_strict_0.005,0.0,0.005,0.01,0.02,0.4,0.0,No penalized lambda satisfied all validation constraints; the unpenalized baseline was retained.,0.7430463696160328,0.8069481119565379,0.4674937641726665,0.0486048604860486,0.5847491799581969,0.7096831650193609,0.0,0.6716791979949874,0.0,0.7476871320437343,0.0,0.7760855039195971,0.0,0.4571182122842087,0.0,0.0468131076701476,0.0,0.5862706046715789,0.0,0.3412007626013387,0.0,0.1008396882984959,0.0
lightgbm,4,LightGBM,ba_permissive_0.020,0.1,0.02,0.01,0.02,0.4,0.0,"Selected the smallest penalized lambda satisfying balanced-accuracy, ROC-AUC, average-precision, and violation-reduction constraints.",0.725134542555312,0.8061409389892548,0.4595203670170975,0.0202520252025202,0.5176315796015926,0.7105911330049262,0.00090796798556525,0.7142857142857143,0.04260651629072687,0.7068965517241379,-0.04079058031959637,0.7759674628117812,-0.00011804110781588051,0.4607875435784723,0.0036693312942636114,0.0165646380986676,-0.030248469571479995,0.514402646398263,-0.07186795827331582,0.3439659534266119,0.0027651908252732116,0.1022335636902439,0.001393875391747998
lightgbm,4,LightGBM,auc_strict_0.005,0.0,0.01,0.005,0.02,0.4,0.0,No penalized lambda satisfied all validation constraints; the unpenalized baseline was retained.,0.7430463696160328,0.8069481119565379,0.4674937641726665,0.0486048604860486,0.5847491799581969,0.7096831650193609,0.0,0.6716791979949874,0.0,0.7476871320437343,0.0,0.7760855039195971,0.0,0.4571182122842087,0.0,0.0468131076701476,0.0,0.5862706046715789,0.0,0.3412007626013387,0.0,0.1008396882984959,0.0
lightgbm,4,LightGBM,auc_permissive_0.020,0.0,0.01,0.02,0.02,0.4,0.0,No penalized lambda satisfied all validation constraints; the unpenalized baseline was retained.,0.7430463696160328,0.8069481119565379,0.4674937641726665,0.0486048604860486,0.5847491799581969,0.7096831650193609,0.0,0.6716791979949874,0.0,0.7476871320437343,0.0,0.7760855039195971,0.0,0.4571182122842087,0.0,0.0468131076701476,0.0,0.5862706046715789,0.0,0.3412007626013387,0.0,0.1008396882984959,0.0
lightgbm,4,LightGBM,ap_strict_0.010,0.0,0.01,0.01,0.01,0.4,0.0,No penalized lambda satisfied all validation constraints; the unpenalized baseline was retained.,0.7430463696160328,0.8069481119565379,0.4674937641726665,0.0486048604860486,0.5847491799581969,0.7096831650193609,0.0,0.6716791979949874,0.0,0.7476871320437343,0.0,0.7760855039195971,0.0,0.4571182122842087,0.0,0.0468131076701476,0.0,0.5862706046715789,0.0,0.3412007626013387,0.0,0.1008396882984959,0.0
lightgbm,4,LightGBM,ap_permissive_0.030,0.0,0.01,0.01,0.03,0.4,0.0,No penalized lambda satisfied all validation constraints; the unpenalized baseline was retained.,0.7430463696160328,0.8069481119565379,0.4674937641726665,0.0486048604860486,0.5847491799581969,0.7096831650193609,0.0,0.6716791979949874,0.0,0.7476871320437343,0.0,0.7760855039195971,0.0,0.4571182122842087,0.0,0.0468131076701476,0.0,0.5862706046715789,0.0,0.3412007626013387,0.0,0.1008396882984959,0.0
lightgbm,4,LightGBM,violation_strict_0.50,0.0,0.01,0.01,0.02,0.5,0.0,No penalized lambda satisfied all validation constraints; the unpenalized baseline was retained.,0.7430463696160328,0.8069481119565379,0.4674937641726665,0.0486048604860486,0.5847491799581969,0.7096831650193609,0.0,0.6716791979949874,0.0,0.7476871320437343,0.0,0.7760855039195971,0.0,0.4571182122842087,0.0,0.0468131076701476,0.0,0.5862706046715789,0.0,0.3412007626013387,0.0,0.1008396882984959,0.0
lightgbm,4,LightGBM,violation_permissive_0.30,0.0,0.01,0.01,0.02,0.3,0.0,No penalized lambda satisfied all validation constraints; the unpenalized baseline was retained.,0.7430463696160328,0.8069481119565379,0.4674937641726665,0.0486048604860486,0.5847491799581969,0.7096831650193609,0.0,0.6716791979949874,0.0,0.7476871320437343,0.0,0.7760855039195971,0.0,0.4571182122842087,0.0,0.0468131076701476,0.0,0.5862706046715789,0.0,0.3412007626013387,0.0,0.1008396882984959,0.0
lightgbm,5,LightGBM,primary,0.0,0.01,0.01,0.02,0.4,0.0,No penalized lambda satisfied all validation constraints; the unpenalized baseline was retained.,0.7364234330548861,0.7960677498159151,0.4760914465595298,0.058055805580558,0.5719622110383261,0.7305579971796607,0.0,0.6541353383458647,0.0,0.8069806560134567,0.0,0.8000589151600617,0.0,0.4337074119850745,0.0,0.0504141159524666,0.0,0.5867383012060673,0.0,0.333143676224243,0.0,0.1003570132013094,0.0
lightgbm,5,LightGBM,ba_strict_0.005,0.0,0.005,0.01,0.02,0.4,0.0,No penalized lambda satisfied all validation constraints; the unpenalized baseline was retained.,0.7364234330548861,0.7960677498159151,0.4760914465595298,0.058055805580558,0.5719622110383261,0.7305579971796607,0.0,0.6541353383458647,0.0,0.8069806560134567,0.0,0.8000589151600617,0.0,0.4337074119850745,0.0,0.0504141159524666,0.0,0.5867383012060673,0.0,0.333143676224243,0.0,0.1003570132013094,0.0
lightgbm,5,LightGBM,ba_permissive_0.020,0.1,0.02,0.01,0.02,0.4,0.0,"Selected the smallest penalized lambda satisfying balanced-accuracy, ROC-AUC, average-precision, and violation-reduction constraints.",0.7232228604562669,0.7965207550526556,0.4799686867774066,0.0261026102610261,0.508144743918531,0.7297754478711498,-0.0007825493085109603,0.6992481203007519,0.045112781954887216,0.7603027754415476,-0.046677880571909136,0.7984395387122136,-0.0016193764478480421,0.4368596051638754,0.0031521931788008883,0.0176449405833633,-0.0327691753691033,0.5209766986454398,-0.06576160256062746,0.335524528567734,0.0023808523434910023,0.1011600346934235,0.0008030214921141005
lightgbm,5,LightGBM,auc_strict_0.005,0.0,0.01,0.005,0.02,0.4,0.0,No penalized lambda satisfied all validation constraints; the unpenalized baseline was retained.,0.7364234330548861,0.7960677498159151,0.4760914465595298,0.058055805580558,0.5719622110383261,0.7305579971796607,0.0,0.6541353383458647,0.0,0.8069806560134567,0.0,0.8000589151600617,0.0,0.4337074119850745,0.0,0.0504141159524666,0.0,0.5867383012060673,0.0,0.333143676224243,0.0,0.1003570132013094,0.0
lightgbm,5,LightGBM,auc_permissive_0.020,0.0,0.01,0.02,0.02,0.4,0.0,No penalized lambda satisfied all validation constraints; the unpenalized baseline was retained.,0.7364234330548861,0.7960677498159151,0.4760914465595298,0.058055805580558,0.5719622110383261,0.7305579971796607,0.0,0.6541353383458647,0.0,0.8069806560134567,0.0,0.8000589151600617,0.0,0.4337074119850745,0.0,0.0504141159524666,0.0,0.5867383012060673,0.0,0.333143676224243,0.0,0.1003570132013094,0.0
lightgbm,5,LightGBM,ap_strict_0.010,0.0,0.01,0.01,0.01,0.4,0.0,No penalized lambda satisfied all validation constraints; the unpenalized baseline was retained.,0.7364234330548861,0.7960677498159151,0.4760914465595298,0.058055805580558,0.5719622110383261,0.7305579971796607,0.0,0.6541353383458647,0.0,0.8069806560134567,0.0,0.8000589151600617,0.0,0.4337074119850745,0.0,0.0504141159524666,0.0,0.5867383012060673,0.0,0.333143676224243,0.0,0.1003570132013094,0.0
lightgbm,5,LightGBM,ap_permissive_0.030,0.5,0.01,0.01,0.03,0.4,0.0,"Selected the smallest penalized lambda satisfying balanced-accuracy, ROC-AUC, average-precision, and violation-reduction constraints.",0.7278525739757552,0.790954556161942,0.4483941731123307,0.018001800180018,0.360700427303808,0.7272101616530814,-0.003347835526579357,0.7117794486215538,0.057644110275689164,0.7426408746846089,-0.06433978132884777,0.788424488470967,-0.011634426689094646,0.4014611349851798,-0.032246276999894685,0.0129636298163485,-0.0374504861361181,0.3626994525260628,-0.2240388486800045,0.363888328932113,0.03074465270786997,0.1138172559987105,0.0134602427974011
lightgbm,5,LightGBM,violation_strict_0.50,0.0,0.01,0.01,0.02,0.5,0.0,No penalized lambda satisfied all validation constraints; the unpenalized baseline was retained.,0.7364234330548861,0.7960677498159151,0.4760914465595298,0.058055805580558,0.5719622110383261,0.7305579971796607,0.0,0.6541353383458647,0.0,0.8069806560134567,0.0,0.8000589151600617,0.0,0.4337074119850745,0.0,0.0504141159524666,0.0,0.5867383012060673,0.0,0.333143676224243,0.0,0.1003570132013094,0.0
lightgbm,5,LightGBM,violation_permissive_0.30,0.0,0.01,0.01,0.02,0.3,0.0,No penalized lambda satisfied all validation constraints; the unpenalized baseline was retained.,0.7364234330548861,0.7960677498159151,0.4760914465595298,0.058055805580558,0.5719622110383261,0.7305579971796607,0.0,0.6541353383458647,0.0,0.8069806560134567,0.0,0.8000589151600617,0.0,0.4337074119850745,0.0,0.0504141159524666,0.0,0.5867383012060673,0.0,0.333143676224243,0.0,0.1003570132013094,0.0
lightgbm,6,LightGBM,primary,0.0,0.01,0.01,0.02,0.4,0.0,No penalized lambda satisfied all validation constraints; the unpenalized baseline was retained.,0.7338050627865258,0.7979679008725704,0.4659165402278267,0.0337533753375337,0.5676837444817311,0.7313254763643029,0.0,0.7568922305764411,0.0,0.7057587221521647,0.0,0.8029594794046908,0.0,0.4420434985519589,0.0,0.0341972642188624,0.0,0.5747845579943469,0.0,0.3330484331548851,0.0,0.1007232552728894,0.0
lightgbm,6,LightGBM,ba_strict_0.005,0.0,0.005,0.01,0.02,0.4,0.0,No penalized lambda satisfied all validation constraints; the unpenalized baseline was retained.,0.7338050627865258,0.7979679008725704,0.4659165402278267,0.0337533753375337,0.5676837444817311,0.7313254763643029,0.0,0.7568922305764411,0.0,0.7057587221521647,0.0,0.8029594794046908,0.0,0.4420434985519589,0.0,0.0341972642188624,0.0,0.5747845579943469,0.0,0.3330484331548851,0.0,0.1007232552728894,0.0
lightgbm,6,LightGBM,ba_permissive_0.020,0.0,0.02,0.01,0.02,0.4,0.0,No penalized lambda satisfied all validation constraints; the unpenalized baseline was retained.,0.7338050627865258,0.7979679008725704,0.4659165402278267,0.0337533753375337,0.5676837444817311,0.7313254763643029,0.0,0.7568922305764411,0.0,0.7057587221521647,0.0,0.8029594794046908,0.0,0.4420434985519589,0.0,0.0341972642188624,0.0,0.5747845579943469,0.0,0.3330484331548851,0.0,0.1007232552728894,0.0
lightgbm,6,LightGBM,auc_strict_0.005,0.0,0.01,0.005,0.02,0.4,0.0,No penalized lambda satisfied all validation constraints; the unpenalized baseline was retained.,0.7338050627865258,0.7979679008725704,0.4659165402278267,0.0337533753375337,0.5676837444817311,0.7313254763643029,0.0,0.7568922305764411,0.0,0.7057587221521647,0.0,0.8029594794046908,0.0,0.4420434985519589,0.0,0.0341972642188624,0.0,0.5747845579943469,0.0,0.3330484331548851,0.0,0.1007232552728894,0.0
lightgbm,6,LightGBM,auc_permissive_0.020,0.0,0.01,0.02,0.02,0.4,0.0,No penalized lambda satisfied all validation constraints; the unpenalized baseline was retained.,0.7338050627865258,0.7979679008725704,0.4659165402278267,0.0337533753375337,0.5676837444817311,0.7313254763643029,0.0,0.7568922305764411,0.0,0.7057587221521647,0.0,0.8029594794046908,0.0,0.4420434985519589,0.0,0.0341972642188624,0.0,0.5747845579943469,0.0,0.3330484331548851,0.0,0.1007232552728894,0.0
lightgbm,6,LightGBM,ap_strict_0.010,0.0,0.01,0.01,0.01,0.4,0.0,No penalized lambda satisfied all validation constraints; the unpenalized baseline was retained.,0.7338050627865258,0.7979679008725704,0.4659165402278267,0.0337533753375337,0.5676837444817311,0.7313254763643029,0.0,0.7568922305764411,0.0,0.7057587221521647,0.0,0.8029594794046908,0.0,0.4420434985519589,0.0,0.0341972642188624,0.0,0.5747845579943469,0.0,0.3330484331548851,0.0,0.1007232552728894,0.0
lightgbm,6,LightGBM,ap_permissive_0.030,0.0,0.01,0.01,0.03,0.4,0.0,No penalized lambda satisfied all validation constraints; the unpenalized baseline was retained.,0.7338050627865258,0.7979679008725704,0.4659165402278267,0.0337533753375337,0.5676837444817311,0.7313254763643029,0.0,0.7568922305764411,0.0,0.7057587221521647,0.0,0.8029594794046908,0.0,0.4420434985519589,0.0,0.0341972642188624,0.0,0.5747845579943469,0.0,0.3330484331548851,0.0,0.1007232552728894,0.0
lightgbm,6,LightGBM,violation_strict_0.50,0.0,0.01,0.01,0.02,0.5,0.0,No penalized lambda satisfied all validation constraints; the unpenalized baseline was retained.,0.7338050627865258,0.7979679008725704,0.4659165402278267,0.0337533753375337,0.5676837444817311,0.7313254763643029,0.0,0.7568922305764411,0.0,0.7057587221521647,0.0,0.8029594794046908,0.0,0.4420434985519589,0.0,0.0341972642188624,0.0,0.5747845579943469,0.0,0.3330484331548851,0.0,0.1007232552728894,0.0
lightgbm,6,LightGBM,violation_permissive_0.30,0.0,0.01,0.01,0.02,0.3,0.0,No penalized lambda satisfied all validation constraints; the unpenalized baseline was retained.,0.7338050627865258,0.7979679008725704,0.4659165402278267,0.0337533753375337,0.5676837444817311,0.7313254763643029,0.0,0.7568922305764411,0.0,0.7057587221521647,0.0,0.8029594794046908,0.0,0.4420434985519589,0.0,0.0341972642188624,0.0,0.5747845579943469,0.0,0.3330484331548851,0.0,0.1007232552728894,0.0
lightgbm,7,LightGBM,primary,0.1,0.01,0.01,0.02,0.4,0.0,"Selected the smallest penalized lambda satisfying balanced-accuracy, ROC-AUC, average-precision, and violation-reduction constraints.",0.729637414608513,0.8072182678068123,0.4722560046758422,0.0166516651665166,0.5261146364829434,0.7189381833473507,-0.006984861227922634,0.715,0.010000000000000009,0.7228763666947015,-0.023969722455845277,0.7981207947855341,-0.00014455424726655952,0.4656505056298698,-0.004518623163833668,0.0230381569474442,-0.0161987041036717,0.5143494679023116,-0.06900657983751457,0.334411336619943,0.0027677035130466154,0.1003022320453769,0.0013440673676795994
lightgbm,7,LightGBM,ba_strict_0.005,0.25,0.005,0.01,0.02,0.4,0.0,"Selected the smallest penalized lambda satisfying balanced-accuracy, ROC-AUC, average-precision, and violation-reduction constraints.",0.7316940583833149,0.801196592741703,0.45929897023268,0.0148514851485148,0.4479137851228092,0.718880361648444,-0.007042682926829302,0.7275,0.022500000000000075,0.7102607232968882,-0.03658536585365857,0.7968602817493693,-0.0014050672834313715,0.4598537965814127,-0.010315332212290806,0.0201583873290136,-0.0190784737221023,0.4401019013138174,-0.1432541464260088,0.3441028627573873,0.0124592296504909,0.1047924168266214,0.005834252148924093
lightgbm,7,LightGBM,ba_permissive_0.020,0.1,0.02,0.01,0.02,0.4,0.0,"Selected the smallest penalized lambda satisfying balanced-accuracy, ROC-AUC, average-precision, and violation-reduction constraints.",0.729637414608513,0.8072182678068123,0.4722560046758422,0.0166516651665166,0.5261146364829434,0.7189381833473507,-0.006984861227922634,0.715,0.010000000000000009,0.7228763666947015,-0.023969722455845277,0.7981207947855341,-0.00014455424726655952,0.4656505056298698,-0.004518623163833668,0.0230381569474442,-0.0161987041036717,0.5143494679023116,-0.06900657983751457,0.334411336619943,0.0027677035130466154,0.1003022320453769,0.0013440673676795994
lightgbm,7,LightGBM,auc_strict_0.005,0.1,0.01,0.005,0.02,0.4,0.0,"Selected the smallest penalized lambda satisfying balanced-accuracy, ROC-AUC, average-precision, and violation-reduction constraints.",0.729637414608513,0.8072182678068123,0.4722560046758422,0.0166516651665166,0.5261146364829434,0.7189381833473507,-0.006984861227922634,0.715,0.010000000000000009,0.7228763666947015,-0.023969722455845277,0.7981207947855341,-0.00014455424726655952,0.4656505056298698,-0.004518623163833668,0.0230381569474442,-0.0161987041036717,0.5143494679023116,-0.06900657983751457,0.334411336619943,0.0027677035130466154,0.1003022320453769,0.0013440673676795994
lightgbm,7,LightGBM,auc_permissive_0.020,0.1,0.01,0.02,0.02,0.4,0.0,"Selected the smallest penalized lambda satisfying balanced-accuracy, ROC-AUC, average-precision, and violation-reduction constraints.",0.729637414608513,0.8072182678068123,0.4722560046758422,0.0166516651665166,0.5261146364829434,0.7189381833473507,-0.006984861227922634,0.715,0.010000000000000009,0.7228763666947015,-0.023969722455845277,0.7981207947855341,-0.00014455424726655952,0.4656505056298698,-0.004518623163833668,0.0230381569474442,-0.0161987041036717,0.5143494679023116,-0.06900657983751457,0.334411336619943,0.0027677035130466154,0.1003022320453769,0.0013440673676795994
lightgbm,7,LightGBM,ap_strict_0.010,0.1,0.01,0.01,0.01,0.4,0.0,"Selected the smallest penalized lambda satisfying balanced-accuracy, ROC-AUC, average-precision, and violation-reduction constraints.",0.729637414608513,0.8072182678068123,0.4722560046758422,0.0166516651665166,0.5261146364829434,0.7189381833473507,-0.006984861227922634,0.715,0.010000000000000009,0.7228763666947015,-0.023969722455845277,0.7981207947855341,-0.00014455424726655952,0.4656505056298698,-0.004518623163833668,0.0230381569474442,-0.0161987041036717,0.5143494679023116,-0.06900657983751457,0.334411336619943,0.0027677035130466154,0.1003022320453769,0.0013440673676795994
lightgbm,7,LightGBM,ap_permissive_0.030,0.1,0.01,0.01,0.03,0.4,0.0,"Selected the smallest penalized lambda satisfying balanced-accuracy, ROC-AUC, average-precision, and violation-reduction constraints.",0.729637414608513,0.8072182678068123,0.4722560046758422,0.0166516651665166,0.5261146364829434,0.7189381833473507,-0.006984861227922634,0.715,0.010000000000000009,0.7228763666947015,-0.023969722455845277,0.7981207947855341,-0.00014455424726655952,0.4656505056298698,-0.004518623163833668,0.0230381569474442,-0.0161987041036717,0.5143494679023116,-0.06900657983751457,0.334411336619943,0.0027677035130466154,0.1003022320453769,0.0013440673676795994
lightgbm,7,LightGBM,violation_strict_0.50,0.1,0.01,0.01,0.02,0.5,0.0,"Selected the smallest penalized lambda satisfying balanced-accuracy, ROC-AUC, average-precision, and violation-reduction constraints.",0.729637414608513,0.8072182678068123,0.4722560046758422,0.0166516651665166,0.5261146364829434,0.7189381833473507,-0.006984861227922634,0.715,0.010000000000000009,0.7228763666947015,-0.023969722455845277,0.7981207947855341,-0.00014455424726655952,0.4656505056298698,-0.004518623163833668,0.0230381569474442,-0.0161987041036717,0.5143494679023116,-0.06900657983751457,0.334411336619943,0.0027677035130466154,0.1003022320453769,0.0013440673676795994
lightgbm,7,LightGBM,violation_permissive_0.30,0.1,0.01,0.01,0.02,0.3,0.0,"Selected the smallest penalized lambda satisfying balanced-accuracy, ROC-AUC, average-precision, and violation-reduction constraints.",0.729637414608513,0.8072182678068123,0.4722560046758422,0.0166516651665166,0.5261146364829434,0.7189381833473507,-0.006984861227922634,0.715,0.010000000000000009,0.7228763666947015,-0.023969722455845277,0.7981207947855341,-0.00014455424726655952,0.4656505056298698,-0.004518623163833668,0.0230381569474442,-0.0161987041036717,0.5143494679023116,-0.06900657983751457,0.334411336619943,0.0027677035130466154,0.1003022320453769,0.0013440673676795994
lightgbm,8,LightGBM,primary,0.1,0.01,0.01,0.02,0.4,0.0,"Selected the smallest penalized lambda satisfying balanced-accuracy, ROC-AUC, average-precision, and violation-reduction constraints.",0.7218729048507802,0.7878716496144513,0.4316862686061676,0.018001800180018,0.5075544479265038,0.7295736186555539,0.0027750199721339186,0.6967418546365914,0.05012531328320802,0.7624053826745164,-0.04457527333894029,0.8034399497482141,-0.0027781817875216497,0.4271617162510475,0.0025184814860478855,0.0241267554915376,-0.029888368743248104,0.5044793972533546,-0.06343286179247654,0.3343575580537273,0.0022331203601276273,0.1015869590780376,0.0009831851029624972
lightgbm,8,LightGBM,ba_strict_0.005,0.0,0.005,0.01,0.02,0.4,0.0,No penalized lambda satisfied all validation constraints; the unpenalized baseline was retained.,0.7303531628825629,0.7925680784506233,0.4390898907972435,0.0441044104410441,0.5748630075232855,0.72679859868342,0.0,0.6466165413533834,0.0,0.8069806560134567,0.0,0.8062181315357357,0.0,0.4246432347649996,0.0,0.0540151242347857,0.0,0.5679122590458311,0.0,0.3321244376935997,0.0,0.1006037739750751,0.0
lightgbm,8,LightGBM,ba_permissive_0.020,0.1,0.02,0.01,0.02,0.4,0.0,"Selected the smallest penalized lambda satisfying balanced-accuracy, ROC-AUC, average-precision, and violation-reduction constraints.",0.7218729048507802,0.7878716496144513,0.4316862686061676,0.018001800180018,0.5075544479265038,0.7295736186555539,0.0027750199721339186,0.6967418546365914,0.05012531328320802,0.7624053826745164,-0.04457527333894029,0.8034399497482141,-0.0027781817875216497,0.4271617162510475,0.0025184814860478855,0.0241267554915376,-0.029888368743248104,0.5044793972533546,-0.06343286179247654,0.3343575580537273,0.0022331203601276273,0.1015869590780376,0.0009831851029624972
lightgbm,8,LightGBM,auc_strict_0.005,0.1,0.01,0.005,0.02,0.4,0.0,"Selected the smallest penalized lambda satisfying balanced-accuracy, ROC-AUC, average-precision, and violation-reduction constraints.",0.7218729048507802,0.7878716496144513,0.4316862686061676,0.018001800180018,0.5075544479265038,0.7295736186555539,0.0027750199721339186,0.6967418546365914,0.05012531328320802,0.7624053826745164,-0.04457527333894029,0.8034399497482141,-0.0027781817875216497,0.4271617162510475,0.0025184814860478855,0.0241267554915376,-0.029888368743248104,0.5044793972533546,-0.06343286179247654,0.3343575580537273,0.0022331203601276273,0.1015869590780376,0.0009831851029624972
lightgbm,8,LightGBM,auc_permissive_0.020,0.1,0.01,0.02,0.02,0.4,0.0,"Selected the smallest penalized lambda satisfying balanced-accuracy, ROC-AUC, average-precision, and violation-reduction constraints.",0.7218729048507802,0.7878716496144513,0.4316862686061676,0.018001800180018,0.5075544479265038,0.7295736186555539,0.0027750199721339186,0.6967418546365914,0.05012531328320802,0.7624053826745164,-0.04457527333894029,0.8034399497482141,-0.0027781817875216497,0.4271617162510475,0.0025184814860478855,0.0241267554915376,-0.029888368743248104,0.5044793972533546,-0.06343286179247654,0.3343575580537273,0.0022331203601276273,0.1015869590780376,0.0009831851029624972
lightgbm,8,LightGBM,ap_strict_0.010,0.1,0.01,0.01,0.01,0.4,0.0,"Selected the smallest penalized lambda satisfying balanced-accuracy, ROC-AUC, average-precision, and violation-reduction constraints.",0.7218729048507802,0.7878716496144513,0.4316862686061676,0.018001800180018,0.5075544479265038,0.7295736186555539,0.0027750199721339186,0.6967418546365914,0.05012531328320802,0.7624053826745164,-0.04457527333894029,0.8034399497482141,-0.0027781817875216497,0.4271617162510475,0.0025184814860478855,0.0241267554915376,-0.029888368743248104,0.5044793972533546,-0.06343286179247654,0.3343575580537273,0.0022331203601276273,0.1015869590780376,0.0009831851029624972
lightgbm,8,LightGBM,ap_permissive_0.030,0.1,0.01,0.01,0.03,0.4,0.0,"Selected the smallest penalized lambda satisfying balanced-accuracy, ROC-AUC, average-precision, and violation-reduction constraints.",0.7218729048507802,0.7878716496144513,0.4316862686061676,0.018001800180018,0.5075544479265038,0.7295736186555539,0.0027750199721339186,0.6967418546365914,0.05012531328320802,0.7624053826745164,-0.04457527333894029,0.8034399497482141,-0.0027781817875216497,0.4271617162510475,0.0025184814860478855,0.0241267554915376,-0.029888368743248104,0.5044793972533546,-0.06343286179247654,0.3343575580537273,0.0022331203601276273,0.1015869590780376,0.0009831851029624972
lightgbm,8,LightGBM,violation_strict_0.50,0.1,0.01,0.01,0.02,0.5,0.0,"Selected the smallest penalized lambda satisfying balanced-accuracy, ROC-AUC, average-precision, and violation-reduction constraints.",0.7218729048507802,0.7878716496144513,0.4316862686061676,0.018001800180018,0.5075544479265038,0.7295736186555539,0.0027750199721339186,0.6967418546365914,0.05012531328320802,0.7624053826745164,-0.04457527333894029,0.8034399497482141,-0.0027781817875216497,0.4271617162510475,0.0025184814860478855,0.0241267554915376,-0.029888368743248104,0.5044793972533546,-0.06343286179247654,0.3343575580537273,0.0022331203601276273,0.1015869590780376,0.0009831851029624972
lightgbm,8,LightGBM,violation_permissive_0.30,0.1,0.01,0.01,0.02,0.3,0.0,"Selected the smallest penalized lambda satisfying balanced-accuracy, ROC-AUC, average-precision, and violation-reduction constraints.",0.7218729048507802,0.7878716496144513,0.4316862686061676,0.018001800180018,0.5075544479265038,0.7295736186555539,0.0027750199721339186,0.6967418546365914,0.05012531328320802,0.7624053826745164,-0.04457527333894029,0.8034399497482141,-0.0027781817875216497,0.4271617162510475,0.0025184814860478855,0.0241267554915376,-0.029888368743248104,0.5044793972533546,-0.06343286179247654,0.3343575580537273,0.0022331203601276273,0.1015869590780376,0.0009831851029624972
lightgbm,9,LightGBM,primary,0.1,0.01,0.01,0.02,0.4,0.0,"Selected the smallest penalized lambda satisfying balanced-accuracy, ROC-AUC, average-precision, and violation-reduction constraints.",0.7132295649337705,0.7890000444768778,0.411002064009799,0.0234023402340234,0.522585251985638,0.7385136516649066,-0.009546047625371257,0.7268170426065163,0.02506265664160401,0.7502102607232969,-0.04415475189234652,0.7982835558197429,-0.0025663401565308996,0.4474478398323773,-0.0008823323694197027,0.0162045372704357,-0.027727763773856703,0.5120627540249043,-0.06535967606764292,0.3333989292895028,0.002532816075355049,0.1000964001334526,0.000914662843475203
lightgbm,9,LightGBM,ba_strict_0.005,0.0,0.005,0.01,0.02,0.4,0.0,No penalized lambda satisfied all validation constraints; the unpenalized baseline was retained.,0.7230235381521011,0.7938389640511517,0.4261235918284026,0.0486048604860486,0.5891830605329335,0.7480596992902778,0.0,0.7017543859649122,0.0,0.7943650126156434,0.0,0.8008498959762738,0.0,0.448330172201797,0.0,0.0439323010442924,0.0,0.5774224300925472,0.0,0.3308661132141478,0.0,0.0991817372899774,0.0
lightgbm,9,LightGBM,ba_permissive_0.020,0.1,0.02,0.01,0.02,0.4,0.0,"Selected the smallest penalized lambda satisfying balanced-accuracy, ROC-AUC, average-precision, and violation-reduction constraints.",0.7132295649337705,0.7890000444768778,0.411002064009799,0.0234023402340234,0.522585251985638,0.7385136516649066,-0.009546047625371257,0.7268170426065163,0.02506265664160401,0.7502102607232969,-0.04415475189234652,0.7982835558197429,-0.0025663401565308996,0.4474478398323773,-0.0008823323694197027,0.0162045372704357,-0.027727763773856703,0.5120627540249043,-0.06535967606764292,0.3333989292895028,0.002532816075355049,0.1000964001334526,0.000914662843475203
lightgbm,9,LightGBM,auc_strict_0.005,0.1,0.01,0.005,0.02,0.4,0.0,"Selected the smallest penalized lambda satisfying balanced-accuracy, ROC-AUC, average-precision, and violation-reduction constraints.",0.7132295649337705,0.7890000444768778,0.411002064009799,0.0234023402340234,0.522585251985638,0.7385136516649066,-0.009546047625371257,0.7268170426065163,0.02506265664160401,0.7502102607232969,-0.04415475189234652,0.7982835558197429,-0.0025663401565308996,0.4474478398323773,-0.0008823323694197027,0.0162045372704357,-0.027727763773856703,0.5120627540249043,-0.06535967606764292,0.3333989292895028,0.002532816075355049,0.1000964001334526,0.000914662843475203
lightgbm,9,LightGBM,auc_permissive_0.020,0.1,0.01,0.02,0.02,0.4,0.0,"Selected the smallest penalized lambda satisfying balanced-accuracy, ROC-AUC, average-precision, and violation-reduction constraints.",0.7132295649337705,0.7890000444768778,0.411002064009799,0.0234023402340234,0.522585251985638,0.7385136516649066,-0.009546047625371257,0.7268170426065163,0.02506265664160401,0.7502102607232969,-0.04415475189234652,0.7982835558197429,-0.0025663401565308996,0.4474478398323773,-0.0008823323694197027,0.0162045372704357,-0.027727763773856703,0.5120627540249043,-0.06535967606764292,0.3333989292895028,0.002532816075355049,0.1000964001334526,0.000914662843475203
lightgbm,9,LightGBM,ap_strict_0.010,0.0,0.01,0.01,0.01,0.4,0.0,No penalized lambda satisfied all validation constraints; the unpenalized baseline was retained.,0.7230235381521011,0.7938389640511517,0.4261235918284026,0.0486048604860486,0.5891830605329335,0.7480596992902778,0.0,0.7017543859649122,0.0,0.7943650126156434,0.0,0.8008498959762738,0.0,0.448330172201797,0.0,0.0439323010442924,0.0,0.5774224300925472,0.0,0.3308661132141478,0.0,0.0991817372899774,0.0
lightgbm,9,LightGBM,ap_permissive_0.030,0.1,0.01,0.01,0.03,0.4,0.0,"Selected the smallest penalized lambda satisfying balanced-accuracy, ROC-AUC, average-precision, and violation-reduction constraints.",0.7132295649337705,0.7890000444768778,0.411002064009799,0.0234023402340234,0.522585251985638,0.7385136516649066,-0.009546047625371257,0.7268170426065163,0.02506265664160401,0.7502102607232969,-0.04415475189234652,0.7982835558197429,-0.0025663401565308996,0.4474478398323773,-0.0008823323694197027,0.0162045372704357,-0.027727763773856703,0.5120627540249043,-0.06535967606764292,0.3333989292895028,0.002532816075355049,0.1000964001334526,0.000914662843475203
lightgbm,9,LightGBM,violation_strict_0.50,0.1,0.01,0.01,0.02,0.5,0.0,"Selected the smallest penalized lambda satisfying balanced-accuracy, ROC-AUC, average-precision, and violation-reduction constraints.",0.7132295649337705,0.7890000444768778,0.411002064009799,0.0234023402340234,0.522585251985638,0.7385136516649066,-0.009546047625371257,0.7268170426065163,0.02506265664160401,0.7502102607232969,-0.04415475189234652,0.7982835558197429,-0.0025663401565308996,0.4474478398323773,-0.0008823323694197027,0.0162045372704357,-0.027727763773856703,0.5120627540249043,-0.06535967606764292,0.3333989292895028,0.002532816075355049,0.1000964001334526,0.000914662843475203
lightgbm,9,LightGBM,violation_permissive_0.30,0.1,0.01,0.01,0.02,0.3,0.0,"Selected the smallest penalized lambda satisfying balanced-accuracy, ROC-AUC, average-precision, and violation-reduction constraints.",0.7132295649337705,0.7890000444768778,0.411002064009799,0.0234023402340234,0.522585251985638,0.7385136516649066,-0.009546047625371257,0.7268170426065163,0.02506265664160401,0.7502102607232969,-0.04415475189234652,0.7982835558197429,-0.0025663401565308996,0.4474478398323773,-0.0008823323694197027,0.0162045372704357,-0.027727763773856703,0.5120627540249043,-0.06535967606764292,0.3333989292895028,0.002532816075355049,0.1000964001334526,0.000914662843475203
lightgbm,10,LightGBM,primary,0.1,0.01,0.01,0.02,0.4,0.0,"Selected the smallest penalized lambda satisfying balanced-accuracy, ROC-AUC, average-precision, and violation-reduction constraints.",0.7535742113178828,0.8199658351686909,0.4507810805698878,0.0238523852385238,0.520988157917792,0.7185394099209336,0.0035907683422181647,0.6641604010025063,0.057644110275689275,0.7729184188393609,-0.05046257359125306,0.7811322882479538,-0.0004758532158825046,0.4400676614598754,-0.0011224705177532712,0.0259272596326971,-0.04105149441843721,0.5300374022505905,-0.06846354976803404,0.3425979339237557,0.003139061284162692,0.1020705057111344,0.0009610380640184962
lightgbm,10,LightGBM,ba_strict_0.005,0.1,0.005,0.01,0.02,0.4,0.0,"Selected the smallest penalized lambda satisfying balanced-accuracy, ROC-AUC, average-precision, and violation-reduction constraints.",0.7535742113178828,0.8199658351686909,0.4507810805698878,0.0238523852385238,0.520988157917792,0.7185394099209336,0.0035907683422181647,0.6641604010025063,0.057644110275689275,0.7729184188393609,-0.05046257359125306,0.7811322882479538,-0.0004758532158825046,0.4400676614598754,-0.0011224705177532712,0.0259272596326971,-0.04105149441843721,0.5300374022505905,-0.06846354976803404,0.3425979339237557,0.003139061284162692,0.1020705057111344,0.0009610380640184962
lightgbm,10,LightGBM,ba_permissive_0.020,0.1,0.02,0.01,0.02,0.4,0.0,"Selected the smallest penalized lambda satisfying balanced-accuracy, ROC-AUC, average-precision, and violation-reduction constraints.",0.7535742113178828,0.8199658351686909,0.4507810805698878,0.0238523852385238,0.520988157917792,0.7185394099209336,0.0035907683422181647,0.6641604010025063,0.057644110275689275,0.7729184188393609,-0.05046257359125306,0.7811322882479538,-0.0004758532158825046,0.4400676614598754,-0.0011224705177532712,0.0259272596326971,-0.04105149441843721,0.5300374022505905,-0.06846354976803404,0.3425979339237557,0.003139061284162692,0.1020705057111344,0.0009610380640184962
lightgbm,10,LightGBM,auc_strict_0.005,0.1,0.01,0.005,0.02,0.4,0.0,"Selected the smallest penalized lambda satisfying balanced-accuracy, ROC-AUC, average-precision, and violation-reduction constraints.",0.7535742113178828,0.8199658351686909,0.4507810805698878,0.0238523852385238,0.520988157917792,0.7185394099209336,0.0035907683422181647,0.6641604010025063,0.057644110275689275,0.7729184188393609,-0.05046257359125306,0.7811322882479538,-0.0004758532158825046,0.4400676614598754,-0.0011224705177532712,0.0259272596326971,-0.04105149441843721,0.5300374022505905,-0.06846354976803404,0.3425979339237557,0.003139061284162692,0.1020705057111344,0.0009610380640184962
lightgbm,10,LightGBM,auc_permissive_0.020,0.1,0.01,0.02,0.02,0.4,0.0,"Selected the smallest penalized lambda satisfying balanced-accuracy, ROC-AUC, average-precision, and violation-reduction constraints.",0.7535742113178828,0.8199658351686909,0.4507810805698878,0.0238523852385238,0.520988157917792,0.7185394099209336,0.0035907683422181647,0.6641604010025063,0.057644110275689275,0.7729184188393609,-0.05046257359125306,0.7811322882479538,-0.0004758532158825046,0.4400676614598754,-0.0011224705177532712,0.0259272596326971,-0.04105149441843721,0.5300374022505905,-0.06846354976803404,0.3425979339237557,0.003139061284162692,0.1020705057111344,0.0009610380640184962
lightgbm,10,LightGBM,ap_strict_0.010,0.1,0.01,0.01,0.01,0.4,0.0,"Selected the smallest penalized lambda satisfying balanced-accuracy, ROC-AUC, average-precision, and violation-reduction constraints.",0.7535742113178828,0.8199658351686909,0.4507810805698878,0.0238523852385238,0.520988157917792,0.7185394099209336,0.0035907683422181647,0.6641604010025063,0.057644110275689275,0.7729184188393609,-0.05046257359125306,0.7811322882479538,-0.0004758532158825046,0.4400676614598754,-0.0011224705177532712,0.0259272596326971,-0.04105149441843721,0.5300374022505905,-0.06846354976803404,0.3425979339237557,0.003139061284162692,0.1020705057111344,0.0009610380640184962
lightgbm,10,LightGBM,ap_permissive_0.030,0.1,0.01,0.01,0.03,0.4,0.0,"Selected the smallest penalized lambda satisfying balanced-accuracy, ROC-AUC, average-precision, and violation-reduction constraints.",0.7535742113178828,0.8199658351686909,0.4507810805698878,0.0238523852385238,0.520988157917792,0.7185394099209336,0.0035907683422181647,0.6641604010025063,0.057644110275689275,0.7729184188393609,-0.05046257359125306,0.7811322882479538,-0.0004758532158825046,0.4400676614598754,-0.0011224705177532712,0.0259272596326971,-0.04105149441843721,0.5300374022505905,-0.06846354976803404,0.3425979339237557,0.003139061284162692,0.1020705057111344,0.0009610380640184962
lightgbm,10,LightGBM,violation_strict_0.50,0.1,0.01,0.01,0.02,0.5,0.0,"Selected the smallest penalized lambda satisfying balanced-accuracy, ROC-AUC, average-precision, and violation-reduction constraints.",0.7535742113178828,0.8199658351686909,0.4507810805698878,0.0238523852385238,0.520988157917792,0.7185394099209336,0.0035907683422181647,0.6641604010025063,0.057644110275689275,0.7729184188393609,-0.05046257359125306,0.7811322882479538,-0.0004758532158825046,0.4400676614598754,-0.0011224705177532712,0.0259272596326971,-0.04105149441843721,0.5300374022505905,-0.06846354976803404,0.3425979339237557,0.003139061284162692,0.1020705057111344,0.0009610380640184962
lightgbm,10,LightGBM,violation_permissive_0.30,0.1,0.01,0.01,0.02,0.3,0.0,"Selected the smallest penalized lambda satisfying balanced-accuracy, ROC-AUC, average-precision, and violation-reduction constraints.",0.7535742113178828,0.8199658351686909,0.4507810805698878,0.0238523852385238,0.520988157917792,0.7185394099209336,0.0035907683422181647,0.6641604010025063,0.057644110275689275,0.7729184188393609,-0.05046257359125306,0.7811322882479538,-0.0004758532158825046,0.4400676614598754,-0.0011224705177532712,0.0259272596326971,-0.04105149441843721,0.5300374022505905,-0.06846354976803404,0.3425979339237557,0.003139061284162692,0.1020705057111344,0.0009610380640184962
logistic,1,Logistic Regression,primary,0.0,0.01,0.01,0.02,0.4,0.0,No penalized lambda satisfied all validation constraints; the unpenalized baseline was retained.,0.7165183829525069,0.7643104354286335,0.3594704780414108,0.0234023402340234,0.7238913806184524,0.717703780257706,0.0,0.7443609022556391,0.0,0.691046658259773,0.0,0.7731002580010344,0.0,0.3465607723023691,0.0,0.0244780417566594,0.0,0.7335064183012385,0.0,0.394886539251456,0.0,0.1187369813226176,0.0
logistic,1,Logistic Regression,ba_strict_0.005,0.0,0.005,0.01,0.02,0.4,0.0,No penalized lambda satisfied all validation constraints; the unpenalized baseline was retained.,0.7165183829525069,0.7643104354286335,0.3594704780414108,0.0234023402340234,0.7238913806184524,0.717703780257706,0.0,0.7443609022556391,0.0,0.691046658259773,0.0,0.7731002580010344,0.0,0.3465607723023691,0.0,0.0244780417566594,0.0,0.7335064183012385,0.0,0.394886539251456,0.0,0.1187369813226176,0.0
logistic,1,Logistic Regression,ba_permissive_0.020,0.0,0.02,0.01,0.02,0.4,0.0,No penalized lambda satisfied all validation constraints; the unpenalized baseline was retained.,0.7165183829525069,0.7643104354286335,0.3594704780414108,0.0234023402340234,0.7238913806184524,0.717703780257706,0.0,0.7443609022556391,0.0,0.691046658259773,0.0,0.7731002580010344,0.0,0.3465607723023691,0.0,0.0244780417566594,0.0,0.7335064183012385,0.0,0.394886539251456,0.0,0.1187369813226176,0.0
logistic,1,Logistic Regression,auc_strict_0.005,0.0,0.01,0.005,0.02,0.4,0.0,No penalized lambda satisfied all validation constraints; the unpenalized baseline was retained.,0.7165183829525069,0.7643104354286335,0.3594704780414108,0.0234023402340234,0.7238913806184524,0.717703780257706,0.0,0.7443609022556391,0.0,0.691046658259773,0.0,0.7731002580010344,0.0,0.3465607723023691,0.0,0.0244780417566594,0.0,0.7335064183012385,0.0,0.394886539251456,0.0,0.1187369813226176,0.0
logistic,1,Logistic Regression,auc_permissive_0.020,0.0,0.01,0.02,0.02,0.4,0.0,No penalized lambda satisfied all validation constraints; the unpenalized baseline was retained.,0.7165183829525069,0.7643104354286335,0.3594704780414108,0.0234023402340234,0.7238913806184524,0.717703780257706,0.0,0.7443609022556391,0.0,0.691046658259773,0.0,0.7731002580010344,0.0,0.3465607723023691,0.0,0.0244780417566594,0.0,0.7335064183012385,0.0,0.394886539251456,0.0,0.1187369813226176,0.0
logistic,1,Logistic Regression,ap_strict_0.010,0.0,0.01,0.01,0.01,0.4,0.0,No penalized lambda satisfied all validation constraints; the unpenalized baseline was retained.,0.7165183829525069,0.7643104354286335,0.3594704780414108,0.0234023402340234,0.7238913806184524,0.717703780257706,0.0,0.7443609022556391,0.0,0.691046658259773,0.0,0.7731002580010344,0.0,0.3465607723023691,0.0,0.0244780417566594,0.0,0.7335064183012385,0.0,0.394886539251456,0.0,0.1187369813226176,0.0
logistic,1,Logistic Regression,ap_permissive_0.030,0.0,0.01,0.01,0.03,0.4,0.0,No penalized lambda satisfied all validation constraints; the unpenalized baseline was retained.,0.7165183829525069,0.7643104354286335,0.3594704780414108,0.0234023402340234,0.7238913806184524,0.717703780257706,0.0,0.7443609022556391,0.0,0.691046658259773,0.0,0.7731002580010344,0.0,0.3465607723023691,0.0,0.0244780417566594,0.0,0.7335064183012385,0.0,0.394886539251456,0.0,0.1187369813226176,0.0
logistic,1,Logistic Regression,violation_strict_0.50,0.0,0.01,0.01,0.02,0.5,0.0,No penalized lambda satisfied all validation constraints; the unpenalized baseline was retained.,0.7165183829525069,0.7643104354286335,0.3594704780414108,0.0234023402340234,0.7238913806184524,0.717703780257706,0.0,0.7443609022556391,0.0,0.691046658259773,0.0,0.7731002580010344,0.0,0.3465607723023691,0.0,0.0244780417566594,0.0,0.7335064183012385,0.0,0.394886539251456,0.0,0.1187369813226176,0.0
logistic,1,Logistic Regression,violation_permissive_0.30,0.0,0.01,0.01,0.02,0.3,0.0,No penalized lambda satisfied all validation constraints; the unpenalized baseline was retained.,0.7165183829525069,0.7643104354286335,0.3594704780414108,0.0234023402340234,0.7238913806184524,0.717703780257706,0.0,0.7443609022556391,0.0,0.691046658259773,0.0,0.7731002580010344,0.0,0.3465607723023691,0.0,0.0244780417566594,0.0,0.7335064183012385,0.0,0.394886539251456,0.0,0.1187369813226176,0.0
logistic,2,Logistic Regression,primary,0.0,0.01,0.01,0.02,0.4,0.0,No penalized lambda satisfied all validation constraints; the unpenalized baseline was retained.,0.7238298874734992,0.7657040442660243,0.3281024168328473,0.0288028802880288,0.7241569261316525,0.6922855340622371,0.0,0.795,0.0,0.5895710681244744,0.0,0.7537489486963835,0.0,0.3395231301264537,0.0,0.0244780417566594,0.0,0.7415098637780265,0.0,0.3963763528259194,0.0,0.1191424996783193,0.0
logistic,2,Logistic Regression,ba_strict_0.005,0.0,0.005,0.01,0.02,0.4,0.0,No penalized lambda satisfied all validation constraints; the unpenalized baseline was retained.,0.7238298874734992,0.7657040442660243,0.3281024168328473,0.0288028802880288,0.7241569261316525,0.6922855340622371,0.0,0.795,0.0,0.5895710681244744,0.0,0.7537489486963835,0.0,0.3395231301264537,0.0,0.0244780417566594,0.0,0.7415098637780265,0.0,0.3963763528259194,0.0,0.1191424996783193,0.0
logistic,2,Logistic Regression,ba_permissive_0.020,0.0,0.02,0.01,0.02,0.4,0.0,No penalized lambda satisfied all validation constraints; the unpenalized baseline was retained.,0.7238298874734992,0.7657040442660243,0.3281024168328473,0.0288028802880288,0.7241569261316525,0.6922855340622371,0.0,0.795,0.0,0.5895710681244744,0.0,0.7537489486963835,0.0,0.3395231301264537,0.0,0.0244780417566594,0.0,0.7415098637780265,0.0,0.3963763528259194,0.0,0.1191424996783193,0.0
logistic,2,Logistic Regression,auc_strict_0.005,0.0,0.01,0.005,0.02,0.4,0.0,No penalized lambda satisfied all validation constraints; the unpenalized baseline was retained.,0.7238298874734992,0.7657040442660243,0.3281024168328473,0.0288028802880288,0.7241569261316525,0.6922855340622371,0.0,0.795,0.0,0.5895710681244744,0.0,0.7537489486963835,0.0,0.3395231301264537,0.0,0.0244780417566594,0.0,0.7415098637780265,0.0,0.3963763528259194,0.0,0.1191424996783193,0.0
logistic,2,Logistic Regression,auc_permissive_0.020,0.0,0.01,0.02,0.02,0.4,0.0,No penalized lambda satisfied all validation constraints; the unpenalized baseline was retained.,0.7238298874734992,0.7657040442660243,0.3281024168328473,0.0288028802880288,0.7241569261316525,0.6922855340622371,0.0,0.795,0.0,0.5895710681244744,0.0,0.7537489486963835,0.0,0.3395231301264537,0.0,0.0244780417566594,0.0,0.7415098637780265,0.0,0.3963763528259194,0.0,0.1191424996783193,0.0
logistic,2,Logistic Regression,ap_strict_0.010,0.0,0.01,0.01,0.01,0.4,0.0,No penalized lambda satisfied all validation constraints; the unpenalized baseline was retained.,0.7238298874734992,0.7657040442660243,0.3281024168328473,0.0288028802880288,0.7241569261316525,0.6922855340622371,0.0,0.795,0.0,0.5895710681244744,0.0,0.7537489486963835,0.0,0.3395231301264537,0.0,0.0244780417566594,0.0,0.7415098637780265,0.0,0.3963763528259194,0.0,0.1191424996783193,0.0
logistic,2,Logistic Regression,ap_permissive_0.030,0.0,0.01,0.01,0.03,0.4,0.0,No penalized lambda satisfied all validation constraints; the unpenalized baseline was retained.,0.7238298874734992,0.7657040442660243,0.3281024168328473,0.0288028802880288,0.7241569261316525,0.6922855340622371,0.0,0.795,0.0,0.5895710681244744,0.0,0.7537489486963835,0.0,0.3395231301264537,0.0,0.0244780417566594,0.0,0.7415098637780265,0.0,0.3963763528259194,0.0,0.1191424996783193,0.0
logistic,2,Logistic Regression,violation_strict_0.50,0.0,0.01,0.01,0.02,0.5,0.0,No penalized lambda satisfied all validation constraints; the unpenalized baseline was retained.,0.7238298874734992,0.7657040442660243,0.3281024168328473,0.0288028802880288,0.7241569261316525,0.6922855340622371,0.0,0.795,0.0,0.5895710681244744,0.0,0.7537489486963835,0.0,0.3395231301264537,0.0,0.0244780417566594,0.0,0.7415098637780265,0.0,0.3963763528259194,0.0,0.1191424996783193,0.0
logistic,2,Logistic Regression,violation_permissive_0.30,0.0,0.01,0.01,0.02,0.3,0.0,No penalized lambda satisfied all validation constraints; the unpenalized baseline was retained.,0.7238298874734992,0.7657040442660243,0.3281024168328473,0.0288028802880288,0.7241569261316525,0.6922855340622371,0.0,0.795,0.0,0.5895710681244744,0.0,0.7537489486963835,0.0,0.3395231301264537,0.0,0.0244780417566594,0.0,0.7415098637780265,0.0,0.3963763528259194,0.0,0.1191424996783193,0.0
logistic,3,Logistic Regression,primary,0.0,0.01,0.01,0.02,0.4,0.0,No penalized lambda satisfied all validation constraints; the unpenalized baseline was retained.,0.7226520738579738,0.775147967983237,0.3720454272102445,0.0243024302430243,0.7306115085643983,0.7128281173918817,0.0,0.7368421052631579,0.0,0.6888141295206055,0.0,0.7597273250409455,0.0,0.332573357503185,0.0,0.03024846957148,0.0,0.7196984342385485,0.0,0.3964775216205528,0.0,0.1191316237039054,0.0
logistic,3,Logistic Regression,ba_strict_0.005,0.0,0.005,0.01,0.02,0.4,0.0,No penalized lambda satisfied all validation constraints; the unpenalized baseline was retained.,0.7226520738579738,0.775147967983237,0.3720454272102445,0.0243024302430243,0.7306115085643983,0.7128281173918817,0.0,0.7368421052631579,0.0,0.6888141295206055,0.0,0.7597273250409455,0.0,0.332573357503185,0.0,0.03024846957148,0.0,0.7196984342385485,0.0,0.3964775216205528,0.0,0.1191316237039054,0.0
logistic,3,Logistic Regression,ba_permissive_0.020,0.0,0.02,0.01,0.02,0.4,0.0,No penalized lambda satisfied all validation constraints; the unpenalized baseline was retained.,0.7226520738579738,0.775147967983237,0.3720454272102445,0.0243024302430243,0.7306115085643983,0.7128281173918817,0.0,0.7368421052631579,0.0,0.6888141295206055,0.0,0.7597273250409455,0.0,0.332573357503185,0.0,0.03024846957148,0.0,0.7196984342385485,0.0,0.3964775216205528,0.0,0.1191316237039054,0.0
logistic,3,Logistic Regression,auc_strict_0.005,0.0,0.01,0.005,0.02,0.4,0.0,No penalized lambda satisfied all validation constraints; the unpenalized baseline was retained.,0.7226520738579738,0.775147967983237,0.3720454272102445,0.0243024302430243,0.7306115085643983,0.7128281173918817,0.0,0.7368421052631579,0.0,0.6888141295206055,0.0,0.7597273250409455,0.0,0.332573357503185,0.0,0.03024846957148,0.0,0.7196984342385485,0.0,0.3964775216205528,0.0,0.1191316237039054,0.0
logistic,3,Logistic Regression,auc_permissive_0.020,0.0,0.01,0.02,0.02,0.4,0.0,No penalized lambda satisfied all validation constraints; the unpenalized baseline was retained.,0.7226520738579738,0.775147967983237,0.3720454272102445,0.0243024302430243,0.7306115085643983,0.7128281173918817,0.0,0.7368421052631579,0.0,0.6888141295206055,0.0,0.7597273250409455,0.0,0.332573357503185,0.0,0.03024846957148,0.0,0.7196984342385485,0.0,0.3964775216205528,0.0,0.1191316237039054,0.0
logistic,3,Logistic Regression,ap_strict_0.010,0.0,0.01,0.01,0.01,0.4,0.0,No penalized lambda satisfied all validation constraints; the unpenalized baseline was retained.,0.7226520738579738,0.775147967983237,0.3720454272102445,0.0243024302430243,0.7306115085643983,0.7128281173918817,0.0,0.7368421052631579,0.0,0.6888141295206055,0.0,0.7597273250409455,0.0,0.332573357503185,0.0,0.03024846957148,0.0,0.7196984342385485,0.0,0.3964775216205528,0.0,0.1191316237039054,0.0
logistic,3,Logistic Regression,ap_permissive_0.030,0.0,0.01,0.01,0.03,0.4,0.0,No penalized lambda satisfied all validation constraints; the unpenalized baseline was retained.,0.7226520738579738,0.775147967983237,0.3720454272102445,0.0243024302430243,0.7306115085643983,0.7128281173918817,0.0,0.7368421052631579,0.0,0.6888141295206055,0.0,0.7597273250409455,0.0,0.332573357503185,0.0,0.03024846957148,0.0,0.7196984342385485,0.0,0.3964775216205528,0.0,0.1191316237039054,0.0
logistic,3,Logistic Regression,violation_strict_0.50,0.0,0.01,0.01,0.02,0.5,0.0,No penalized lambda satisfied all validation constraints; the unpenalized baseline was retained.,0.7226520738579738,0.775147967983237,0.3720454272102445,0.0243024302430243,0.7306115085643983,0.7128281173918817,0.0,0.7368421052631579,0.0,0.6888141295206055,0.0,0.7597273250409455,0.0,0.332573357503185,0.0,0.03024846957148,0.0,0.7196984342385485,0.0,0.3964775216205528,0.0,0.1191316237039054,0.0
logistic,3,Logistic Regression,violation_permissive_0.30,0.0,0.01,0.01,0.02,0.3,0.0,No penalized lambda satisfied all validation constraints; the unpenalized baseline was retained.,0.7226520738579738,0.775147967983237,0.3720454272102445,0.0243024302430243,0.7306115085643983,0.7128281173918817,0.0,0.7368421052631579,0.0,0.6888141295206055,0.0,0.7597273250409455,0.0,0.332573357503185,0.0,0.03024846957148,0.0,0.7196984342385485,0.0,0.3964775216205528,0.0,0.1191316237039054,0.0
logistic,4,Logistic Regression,primary,0.0,0.01,0.01,0.02,0.4,0.0,No penalized lambda satisfied all validation constraints; the unpenalized baseline was retained.,0.7373385036331019,0.7764723905662895,0.3350971563291843,0.0247524752475247,0.7396409886516174,0.7019367173189492,0.0,0.7243107769423559,0.0,0.6795626576955425,0.0,0.750797304446988,0.0,0.3399438832465775,0.0,0.018725243068059,0.0,0.7344604111945913,0.0,0.396130542350366,0.0,0.1190150906055872,0.0
logistic,4,Logistic Regression,ba_strict_0.005,0.0,0.005,0.01,0.02,0.4,0.0,No penalized lambda satisfied all validation constraints; the unpenalized baseline was retained.,0.7373385036331019,0.7764723905662895,0.3350971563291843,0.0247524752475247,0.7396409886516174,0.7019367173189492,0.0,0.7243107769423559,0.0,0.6795626576955425,0.0,0.750797304446988,0.0,0.3399438832465775,0.0,0.018725243068059,0.0,0.7344604111945913,0.0,0.396130542350366,0.0,0.1190150906055872,0.0
logistic,4,Logistic Regression,ba_permissive_0.020,0.0,0.02,0.01,0.02,0.4,0.0,No penalized lambda satisfied all validation constraints; the unpenalized baseline was retained.,0.7373385036331019,0.7764723905662895,0.3350971563291843,0.0247524752475247,0.7396409886516174,0.7019367173189492,0.0,0.7243107769423559,0.0,0.6795626576955425,0.0,0.750797304446988,0.0,0.3399438832465775,0.0,0.018725243068059,0.0,0.7344604111945913,0.0,0.396130542350366,0.0,0.1190150906055872,0.0
logistic,4,Logistic Regression,auc_strict_0.005,0.0,0.01,0.005,0.02,0.4,0.0,No penalized lambda satisfied all validation constraints; the unpenalized baseline was retained.,0.7373385036331019,0.7764723905662895,0.3350971563291843,0.0247524752475247,0.7396409886516174,0.7019367173189492,0.0,0.7243107769423559,0.0,0.6795626576955425,0.0,0.750797304446988,0.0,0.3399438832465775,0.0,0.018725243068059,0.0,0.7344604111945913,0.0,0.396130542350366,0.0,0.1190150906055872,0.0
logistic,4,Logistic Regression,auc_permissive_0.020,0.0,0.01,0.02,0.02,0.4,0.0,No penalized lambda satisfied all validation constraints; the unpenalized baseline was retained.,0.7373385036331019,0.7764723905662895,0.3350971563291843,0.0247524752475247,0.7396409886516174,0.7019367173189492,0.0,0.7243107769423559,0.0,0.6795626576955425,0.0,0.750797304446988,0.0,0.3399438832465775,0.0,0.018725243068059,0.0,0.7344604111945913,0.0,0.396130542350366,0.0,0.1190150906055872,0.0
logistic,4,Logistic Regression,ap_strict_0.010,0.0,0.01,0.01,0.01,0.4,0.0,No penalized lambda satisfied all validation constraints; the unpenalized baseline was retained.,0.7373385036331019,0.7764723905662895,0.3350971563291843,0.0247524752475247,0.7396409886516174,0.7019367173189492,0.0,0.7243107769423559,0.0,0.6795626576955425,0.0,0.750797304446988,0.0,0.3399438832465775,0.0,0.018725243068059,0.0,0.7344604111945913,0.0,0.396130542350366,0.0,0.1190150906055872,0.0
logistic,4,Logistic Regression,ap_permissive_0.030,0.0,0.01,0.01,0.03,0.4,0.0,No penalized lambda satisfied all validation constraints; the unpenalized baseline was retained.,0.7373385036331019,0.7764723905662895,0.3350971563291843,0.0247524752475247,0.7396409886516174,0.7019367173189492,0.0,0.7243107769423559,0.0,0.6795626576955425,0.0,0.750797304446988,0.0,0.3399438832465775,0.0,0.018725243068059,0.0,0.7344604111945913,0.0,0.396130542350366,0.0,0.1190150906055872,0.0
logistic,4,Logistic Regression,violation_strict_0.50,0.0,0.01,0.01,0.02,0.5,0.0,No penalized lambda satisfied all validation constraints; the unpenalized baseline was retained.,0.7373385036331019,0.7764723905662895,0.3350971563291843,0.0247524752475247,0.7396409886516174,0.7019367173189492,0.0,0.7243107769423559,0.0,0.6795626576955425,0.0,0.750797304446988,0.0,0.3399438832465775,0.0,0.018725243068059,0.0,0.7344604111945913,0.0,0.396130542350366,0.0,0.1190150906055872,0.0
logistic,4,Logistic Regression,violation_permissive_0.30,0.0,0.01,0.01,0.02,0.3,0.0,No penalized lambda satisfied all validation constraints; the unpenalized baseline was retained.,0.7373385036331019,0.7764723905662895,0.3350971563291843,0.0247524752475247,0.7396409886516174,0.7019367173189492,0.0,0.7243107769423559,0.0,0.6795626576955425,0.0,0.750797304446988,0.0,0.3399438832465775,0.0,0.018725243068059,0.0,0.7344604111945913,0.0,0.396130542350366,0.0,0.1190150906055872,0.0
logistic,5,Logistic Regression,primary,0.0,0.01,0.01,0.02,0.4,0.0,No penalized lambda satisfied all validation constraints; the unpenalized baseline was retained.,0.7195263377244641,0.7670787092480609,0.3519489924099899,0.0292529252925292,0.7183171095056406,0.6977657558530472,0.0,0.6516290726817042,0.0,0.7439024390243902,0.0,0.7583292756702522,0.0,0.3334633273990208,0.0,0.0205257472092185,0.0,0.743436856279906,0.0,0.396220470192495,0.0,0.1190736347828381,0.0
logistic,5,Logistic Regression,ba_strict_0.005,0.0,0.005,0.01,0.02,0.4,0.0,No penalized lambda satisfied all validation constraints; the unpenalized baseline was retained.,0.7195263377244641,0.7670787092480609,0.3519489924099899,0.0292529252925292,0.7183171095056406,0.6977657558530472,0.0,0.6516290726817042,0.0,0.7439024390243902,0.0,0.7583292756702522,0.0,0.3334633273990208,0.0,0.0205257472092185,0.0,0.743436856279906,0.0,0.396220470192495,0.0,0.1190736347828381,0.0
logistic,5,Logistic Regression,ba_permissive_0.020,0.0,0.02,0.01,0.02,0.4,0.0,No penalized lambda satisfied all validation constraints; the unpenalized baseline was retained.,0.7195263377244641,0.7670787092480609,0.3519489924099899,0.0292529252925292,0.7183171095056406,0.6977657558530472,0.0,0.6516290726817042,0.0,0.7439024390243902,0.0,0.7583292756702522,0.0,0.3334633273990208,0.0,0.0205257472092185,0.0,0.743436856279906,0.0,0.396220470192495,0.0,0.1190736347828381,0.0
logistic,5,Logistic Regression,auc_strict_0.005,0.0,0.01,0.005,0.02,0.4,0.0,No penalized lambda satisfied all validation constraints; the unpenalized baseline was retained.,0.7195263377244641,0.7670787092480609,0.3519489924099899,0.0292529252925292,0.7183171095056406,0.6977657558530472,0.0,0.6516290726817042,0.0,0.7439024390243902,0.0,0.7583292756702522,0.0,0.3334633273990208,0.0,0.0205257472092185,0.0,0.743436856279906,0.0,0.396220470192495,0.0,0.1190736347828381,0.0
logistic,5,Logistic Regression,auc_permissive_0.020,0.0,0.01,0.02,0.02,0.4,0.0,No penalized lambda satisfied all validation constraints; the unpenalized baseline was retained.,0.7195263377244641,0.7670787092480609,0.3519489924099899,0.0292529252925292,0.7183171095056406,0.6977657558530472,0.0,0.6516290726817042,0.0,0.7439024390243902,0.0,0.7583292756702522,0.0,0.3334633273990208,0.0,0.0205257472092185,0.0,0.743436856279906,0.0,0.396220470192495,0.0,0.1190736347828381,0.0
logistic,5,Logistic Regression,ap_strict_0.010,0.0,0.01,0.01,0.01,0.4,0.0,No penalized lambda satisfied all validation constraints; the unpenalized baseline was retained.,0.7195263377244641,0.7670787092480609,0.3519489924099899,0.0292529252925292,0.7183171095056406,0.6977657558530472,0.0,0.6516290726817042,0.0,0.7439024390243902,0.0,0.7583292756702522,0.0,0.3334633273990208,0.0,0.0205257472092185,0.0,0.743436856279906,0.0,0.396220470192495,0.0,0.1190736347828381,0.0
logistic,5,Logistic Regression,ap_permissive_0.030,0.0,0.01,0.01,0.03,0.4,0.0,No penalized lambda satisfied all validation constraints; the unpenalized baseline was retained.,0.7195263377244641,0.7670787092480609,0.3519489924099899,0.0292529252925292,0.7183171095056406,0.6977657558530472,0.0,0.6516290726817042,0.0,0.7439024390243902,0.0,0.7583292756702522,0.0,0.3334633273990208,0.0,0.0205257472092185,0.0,0.743436856279906,0.0,0.396220470192495,0.0,0.1190736347828381,0.0
logistic,5,Logistic Regression,violation_strict_0.50,0.0,0.01,0.01,0.02,0.5,0.0,No penalized lambda satisfied all validation constraints; the unpenalized baseline was retained.,0.7195263377244641,0.7670787092480609,0.3519489924099899,0.0292529252925292,0.7183171095056406,0.6977657558530472,0.0,0.6516290726817042,0.0,0.7439024390243902,0.0,0.7583292756702522,0.0,0.3334633273990208,0.0,0.0205257472092185,0.0,0.743436856279906,0.0,0.396220470192495,0.0,0.1190736347828381,0.0
logistic,5,Logistic Regression,violation_permissive_0.30,0.0,0.01,0.01,0.02,0.3,0.0,No penalized lambda satisfied all validation constraints; the unpenalized baseline was retained.,0.7195263377244641,0.7670787092480609,0.3519489924099899,0.0292529252925292,0.7183171095056406,0.6977657558530472,0.0,0.6516290726817042,0.0,0.7439024390243902,0.0,0.7583292756702522,0.0,0.3334633273990208,0.0,0.0205257472092185,0.0,0.743436856279906,0.0,0.396220470192495,0.0,0.1190736347828381,0.0
logistic,6,Logistic Regression,primary,0.0,0.01,0.01,0.02,0.4,0.0,No penalized lambda satisfied all validation constraints; the unpenalized baseline was retained.,0.7127856198017649,0.7617645459981517,0.3580215809212352,0.0256525652565256,0.719251600891444,0.7115929799277513,0.0,0.7493734335839599,0.0,0.6738125262715426,0.0,0.760075893811873,0.0,0.3150961896161113,0.0,0.0237580993520518,0.0,0.7345821909449173,0.0,0.3956560998707012,0.0,0.1189388319623846,0.0
logistic,6,Logistic Regression,ba_strict_0.005,0.0,0.005,0.01,0.02,0.4,0.0,No penalized lambda satisfied all validation constraints; the unpenalized baseline was retained.,0.7127856198017649,0.7617645459981517,0.3580215809212352,0.0256525652565256,0.719251600891444,0.7115929799277513,0.0,0.7493734335839599,0.0,0.6738125262715426,0.0,0.760075893811873,0.0,0.3150961896161113,0.0,0.0237580993520518,0.0,0.7345821909449173,0.0,0.3956560998707012,0.0,0.1189388319623846,0.0
logistic,6,Logistic Regression,ba_permissive_0.020,0.0,0.02,0.01,0.02,0.4,0.0,No penalized lambda satisfied all validation constraints; the unpenalized baseline was retained.,0.7127856198017649,0.7617645459981517,0.3580215809212352,0.0256525652565256,0.719251600891444,0.7115929799277513,0.0,0.7493734335839599,0.0,0.6738125262715426,0.0,0.760075893811873,0.0,0.3150961896161113,0.0,0.0237580993520518,0.0,0.7345821909449173,0.0,0.3956560998707012,0.0,0.1189388319623846,0.0
logistic,6,Logistic Regression,auc_strict_0.005,0.0,0.01,0.005,0.02,0.4,0.0,No penalized lambda satisfied all validation constraints; the unpenalized baseline was retained.,0.7127856198017649,0.7617645459981517,0.3580215809212352,0.0256525652565256,0.719251600891444,0.7115929799277513,0.0,0.7493734335839599,0.0,0.6738125262715426,0.0,0.760075893811873,0.0,0.3150961896161113,0.0,0.0237580993520518,0.0,0.7345821909449173,0.0,0.3956560998707012,0.0,0.1189388319623846,0.0
logistic,6,Logistic Regression,auc_permissive_0.020,0.0,0.01,0.02,0.02,0.4,0.0,No penalized lambda satisfied all validation constraints; the unpenalized baseline was retained.,0.7127856198017649,0.7617645459981517,0.3580215809212352,0.0256525652565256,0.719251600891444,0.7115929799277513,0.0,0.7493734335839599,0.0,0.6738125262715426,0.0,0.760075893811873,0.0,0.3150961896161113,0.0,0.0237580993520518,0.0,0.7345821909449173,0.0,0.3956560998707012,0.0,0.1189388319623846,0.0
logistic,6,Logistic Regression,ap_strict_0.010,0.0,0.01,0.01,0.01,0.4,0.0,No penalized lambda satisfied all validation constraints; the unpenalized baseline was retained.,0.7127856198017649,0.7617645459981517,0.3580215809212352,0.0256525652565256,0.719251600891444,0.7115929799277513,0.0,0.7493734335839599,0.0,0.6738125262715426,0.0,0.760075893811873,0.0,0.3150961896161113,0.0,0.0237580993520518,0.0,0.7345821909449173,0.0,0.3956560998707012,0.0,0.1189388319623846,0.0
logistic,6,Logistic Regression,ap_permissive_0.030,0.0,0.01,0.01,0.03,0.4,0.0,No penalized lambda satisfied all validation constraints; the unpenalized baseline was retained.,0.7127856198017649,0.7617645459981517,0.3580215809212352,0.0256525652565256,0.719251600891444,0.7115929799277513,0.0,0.7493734335839599,0.0,0.6738125262715426,0.0,0.760075893811873,0.0,0.3150961896161113,0.0,0.0237580993520518,0.0,0.7345821909449173,0.0,0.3956560998707012,0.0,0.1189388319623846,0.0
logistic,6,Logistic Regression,violation_strict_0.50,0.0,0.01,0.01,0.02,0.5,0.0,No penalized lambda satisfied all validation constraints; the unpenalized baseline was retained.,0.7127856198017649,0.7617645459981517,0.3580215809212352,0.0256525652565256,0.719251600891444,0.7115929799277513,0.0,0.7493734335839599,0.0,0.6738125262715426,0.0,0.760075893811873,0.0,0.3150961896161113,0.0,0.0237580993520518,0.0,0.7345821909449173,0.0,0.3956560998707012,0.0,0.1189388319623846,0.0
logistic,6,Logistic Regression,violation_permissive_0.30,0.0,0.01,0.01,0.02,0.3,0.0,No penalized lambda satisfied all validation constraints; the unpenalized baseline was retained.,0.7127856198017649,0.7617645459981517,0.3580215809212352,0.0256525652565256,0.719251600891444,0.7115929799277513,0.0,0.7493734335839599,0.0,0.6738125262715426,0.0,0.760075893811873,0.0,0.3150961896161113,0.0,0.0237580993520518,0.0,0.7345821909449173,0.0,0.3956560998707012,0.0,0.1189388319623846,0.0
logistic,7,Logistic Regression,primary,0.0,0.01,0.01,0.02,0.4,0.0,No penalized lambda satisfied all validation constraints; the unpenalized baseline was retained.,0.7328990523130448,0.7703510543490973,0.3651169878920844,0.018001800180018,0.7451024825305844,0.7117987804878049,0.0,0.6675,0.0,0.7560975609756098,0.0,0.7644296677880571,0.0,0.3534488488021068,0.0,0.0219582433405327,0.0,0.7323851556852505,0.0,0.3960413366228423,0.0,0.1190687507128144,0.0
logistic,7,Logistic Regression,ba_strict_0.005,0.0,0.005,0.01,0.02,0.4,0.0,No penalized lambda satisfied all validation constraints; the unpenalized baseline was retained.,0.7328990523130448,0.7703510543490973,0.3651169878920844,0.018001800180018,0.7451024825305844,0.7117987804878049,0.0,0.6675,0.0,0.7560975609756098,0.0,0.7644296677880571,0.0,0.3534488488021068,0.0,0.0219582433405327,0.0,0.7323851556852505,0.0,0.3960413366228423,0.0,0.1190687507128144,0.0
logistic,7,Logistic Regression,ba_permissive_0.020,0.0,0.02,0.01,0.02,0.4,0.0,No penalized lambda satisfied all validation constraints; the unpenalized baseline was retained.,0.7328990523130448,0.7703510543490973,0.3651169878920844,0.018001800180018,0.7451024825305844,0.7117987804878049,0.0,0.6675,0.0,0.7560975609756098,0.0,0.7644296677880571,0.0,0.3534488488021068,0.0,0.0219582433405327,0.0,0.7323851556852505,0.0,0.3960413366228423,0.0,0.1190687507128144,0.0
logistic,7,Logistic Regression,auc_strict_0.005,0.0,0.01,0.005,0.02,0.4,0.0,No penalized lambda satisfied all validation constraints; the unpenalized baseline was retained.,0.7328990523130448,0.7703510543490973,0.3651169878920844,0.018001800180018,0.7451024825305844,0.7117987804878049,0.0,0.6675,0.0,0.7560975609756098,0.0,0.7644296677880571,0.0,0.3534488488021068,0.0,0.0219582433405327,0.0,0.7323851556852505,0.0,0.3960413366228423,0.0,0.1190687507128144,0.0
logistic,7,Logistic Regression,auc_permissive_0.020,0.0,0.01,0.02,0.02,0.4,0.0,No penalized lambda satisfied all validation constraints; the unpenalized baseline was retained.,0.7328990523130448,0.7703510543490973,0.3651169878920844,0.018001800180018,0.7451024825305844,0.7117987804878049,0.0,0.6675,0.0,0.7560975609756098,0.0,0.7644296677880571,0.0,0.3534488488021068,0.0,0.0219582433405327,0.0,0.7323851556852505,0.0,0.3960413366228423,0.0,0.1190687507128144,0.0
logistic,7,Logistic Regression,ap_strict_0.010,0.0,0.01,0.01,0.01,0.4,0.0,No penalized lambda satisfied all validation constraints; the unpenalized baseline was retained.,0.7328990523130448,0.7703510543490973,0.3651169878920844,0.018001800180018,0.7451024825305844,0.7117987804878049,0.0,0.6675,0.0,0.7560975609756098,0.0,0.7644296677880571,0.0,0.3534488488021068,0.0,0.0219582433405327,0.0,0.7323851556852505,0.0,0.3960413366228423,0.0,0.1190687507128144,0.0
logistic,7,Logistic Regression,ap_permissive_0.030,0.0,0.01,0.01,0.03,0.4,0.0,No penalized lambda satisfied all validation constraints; the unpenalized baseline was retained.,0.7328990523130448,0.7703510543490973,0.3651169878920844,0.018001800180018,0.7451024825305844,0.7117987804878049,0.0,0.6675,0.0,0.7560975609756098,0.0,0.7644296677880571,0.0,0.3534488488021068,0.0,0.0219582433405327,0.0,0.7323851556852505,0.0,0.3960413366228423,0.0,0.1190687507128144,0.0
logistic,7,Logistic Regression,violation_strict_0.50,0.0,0.01,0.01,0.02,0.5,0.0,No penalized lambda satisfied all validation constraints; the unpenalized baseline was retained.,0.7328990523130448,0.7703510543490973,0.3651169878920844,0.018001800180018,0.7451024825305844,0.7117987804878049,0.0,0.6675,0.0,0.7560975609756098,0.0,0.7644296677880571,0.0,0.3534488488021068,0.0,0.0219582433405327,0.0,0.7323851556852505,0.0,0.3960413366228423,0.0,0.1190687507128144,0.0
logistic,7,Logistic Regression,violation_permissive_0.30,0.0,0.01,0.01,0.02,0.3,0.0,No penalized lambda satisfied all validation constraints; the unpenalized baseline was retained.,0.7328990523130448,0.7703510543490973,0.3651169878920844,0.018001800180018,0.7451024825305844,0.7117987804878049,0.0,0.6675,0.0,0.7560975609756098,0.0,0.7644296677880571,0.0,0.3534488488021068,0.0,0.0219582433405327,0.0,0.7323851556852505,0.0,0.3960413366228423,0.0,0.1190687507128144,0.0
logistic,8,Logistic Regression,primary,0.0,0.01,0.01,0.02,0.4,0.0,No penalized lambda satisfied all validation constraints; the unpenalized baseline was retained.,0.7214833203471832,0.7561917579403581,0.331436139060449,0.0202520252025202,0.7289448926230506,0.7085053887873595,0.0,0.7092731829573935,0.0,0.7077375946173254,0.0,0.7609156406575732,0.0,0.3324390867638265,0.0,0.0273676629456247,0.0,0.7197754476994093,0.0,0.3959217064917515,0.0,0.1189810438963375,0.0
logistic,8,Logistic Regression,ba_strict_0.005,0.0,0.005,0.01,0.02,0.4,0.0,No penalized lambda satisfied all validation constraints; the unpenalized baseline was retained.,0.7214833203471832,0.7561917579403581,0.331436139060449,0.0202520252025202,0.7289448926230506,0.7085053887873595,0.0,0.7092731829573935,0.0,0.7077375946173254,0.0,0.7609156406575732,0.0,0.3324390867638265,0.0,0.0273676629456247,0.0,0.7197754476994093,0.0,0.3959217064917515,0.0,0.1189810438963375,0.0
logistic,8,Logistic Regression,ba_permissive_0.020,0.0,0.02,0.01,0.02,0.4,0.0,No penalized lambda satisfied all validation constraints; the unpenalized baseline was retained.,0.7214833203471832,0.7561917579403581,0.331436139060449,0.0202520252025202,0.7289448926230506,0.7085053887873595,0.0,0.7092731829573935,0.0,0.7077375946173254,0.0,0.7609156406575732,0.0,0.3324390867638265,0.0,0.0273676629456247,0.0,0.7197754476994093,0.0,0.3959217064917515,0.0,0.1189810438963375,0.0
logistic,8,Logistic Regression,auc_strict_0.005,0.0,0.01,0.005,0.02,0.4,0.0,No penalized lambda satisfied all validation constraints; the unpenalized baseline was retained.,0.7214833203471832,0.7561917579403581,0.331436139060449,0.0202520252025202,0.7289448926230506,0.7085053887873595,0.0,0.7092731829573935,0.0,0.7077375946173254,0.0,0.7609156406575732,0.0,0.3324390867638265,0.0,0.0273676629456247,0.0,0.7197754476994093,0.0,0.3959217064917515,0.0,0.1189810438963375,0.0
logistic,8,Logistic Regression,auc_permissive_0.020,0.0,0.01,0.02,0.02,0.4,0.0,No penalized lambda satisfied all validation constraints; the unpenalized baseline was retained.,0.7214833203471832,0.7561917579403581,0.331436139060449,0.0202520252025202,0.7289448926230506,0.7085053887873595,0.0,0.7092731829573935,0.0,0.7077375946173254,0.0,0.7609156406575732,0.0,0.3324390867638265,0.0,0.0273676629456247,0.0,0.7197754476994093,0.0,0.3959217064917515,0.0,0.1189810438963375,0.0
logistic,8,Logistic Regression,ap_strict_0.010,0.0,0.01,0.01,0.01,0.4,0.0,No penalized lambda satisfied all validation constraints; the unpenalized baseline was retained.,0.7214833203471832,0.7561917579403581,0.331436139060449,0.0202520252025202,0.7289448926230506,0.7085053887873595,0.0,0.7092731829573935,0.0,0.7077375946173254,0.0,0.7609156406575732,0.0,0.3324390867638265,0.0,0.0273676629456247,0.0,0.7197754476994093,0.0,0.3959217064917515,0.0,0.1189810438963375,0.0
logistic,8,Logistic Regression,ap_permissive_0.030,0.0,0.01,0.01,0.03,0.4,0.0,No penalized lambda satisfied all validation constraints; the unpenalized baseline was retained.,0.7214833203471832,0.7561917579403581,0.331436139060449,0.0202520252025202,0.7289448926230506,0.7085053887873595,0.0,0.7092731829573935,0.0,0.7077375946173254,0.0,0.7609156406575732,0.0,0.3324390867638265,0.0,0.0273676629456247,0.0,0.7197754476994093,0.0,0.3959217064917515,0.0,0.1189810438963375,0.0
logistic,8,Logistic Regression,violation_strict_0.50,0.0,0.01,0.01,0.02,0.5,0.0,No penalized lambda satisfied all validation constraints; the unpenalized baseline was retained.,0.7214833203471832,0.7561917579403581,0.331436139060449,0.0202520252025202,0.7289448926230506,0.7085053887873595,0.0,0.7092731829573935,0.0,0.7077375946173254,0.0,0.7609156406575732,0.0,0.3324390867638265,0.0,0.0273676629456247,0.0,0.7197754476994093,0.0,0.3959217064917515,0.0,0.1189810438963375,0.0
logistic,8,Logistic Regression,violation_permissive_0.30,0.0,0.01,0.01,0.02,0.3,0.0,No penalized lambda satisfied all validation constraints; the unpenalized baseline was retained.,0.7214833203471832,0.7561917579403581,0.331436139060449,0.0202520252025202,0.7289448926230506,0.7085053887873595,0.0,0.7092731829573935,0.0,0.7077375946173254,0.0,0.7609156406575732,0.0,0.3324390867638265,0.0,0.0273676629456247,0.0,0.7197754476994093,0.0,0.3959217064917515,0.0,0.1189810438963375,0.0
logistic,9,Logistic Regression,primary,0.0,0.01,0.01,0.02,0.4,0.0,No penalized lambda satisfied all validation constraints; the unpenalized baseline was retained.,0.7108739377027198,0.753708465597135,0.3142424830710453,0.0256525652565256,0.7268530987808804,0.7153349100252735,0.0,0.6791979949874687,0.0,0.7514718250630782,0.0,0.7678247342494164,0.0,0.37642954358715,0.0,0.0172848397551314,0.0,0.7412037976160921,0.0,0.3952443453193717,0.0,0.1188062947022185,0.0
logistic,9,Logistic Regression,ba_strict_0.005,0.0,0.005,0.01,0.02,0.4,0.0,No penalized lambda satisfied all validation constraints; the unpenalized baseline was retained.,0.7108739377027198,0.753708465597135,0.3142424830710453,0.0256525652565256,0.7268530987808804,0.7153349100252735,0.0,0.6791979949874687,0.0,0.7514718250630782,0.0,0.7678247342494164,0.0,0.37642954358715,0.0,0.0172848397551314,0.0,0.7412037976160921,0.0,0.3952443453193717,0.0,0.1188062947022185,0.0
logistic,9,Logistic Regression,ba_permissive_0.020,0.0,0.02,0.01,0.02,0.4,0.0,No penalized lambda satisfied all validation constraints; the unpenalized baseline was retained.,0.7108739377027198,0.753708465597135,0.3142424830710453,0.0256525652565256,0.7268530987808804,0.7153349100252735,0.0,0.6791979949874687,0.0,0.7514718250630782,0.0,0.7678247342494164,0.0,0.37642954358715,0.0,0.0172848397551314,0.0,0.7412037976160921,0.0,0.3952443453193717,0.0,0.1188062947022185,0.0
logistic,9,Logistic Regression,auc_strict_0.005,0.0,0.01,0.005,0.02,0.4,0.0,No penalized lambda satisfied all validation constraints; the unpenalized baseline was retained.,0.7108739377027198,0.753708465597135,0.3142424830710453,0.0256525652565256,0.7268530987808804,0.7153349100252735,0.0,0.6791979949874687,0.0,0.7514718250630782,0.0,0.7678247342494164,0.0,0.37642954358715,0.0,0.0172848397551314,0.0,0.7412037976160921,0.0,0.3952443453193717,0.0,0.1188062947022185,0.0
logistic,9,Logistic Regression,auc_permissive_0.020,0.0,0.01,0.02,0.02,0.4,0.0,No penalized lambda satisfied all validation constraints; the unpenalized baseline was retained.,0.7108739377027198,0.753708465597135,0.3142424830710453,0.0256525652565256,0.7268530987808804,0.7153349100252735,0.0,0.6791979949874687,0.0,0.7514718250630782,0.0,0.7678247342494164,0.0,0.37642954358715,0.0,0.0172848397551314,0.0,0.7412037976160921,0.0,0.3952443453193717,0.0,0.1188062947022185,0.0
logistic,9,Logistic Regression,ap_strict_0.010,0.0,0.01,0.01,0.01,0.4,0.0,No penalized lambda satisfied all validation constraints; the unpenalized baseline was retained.,0.7108739377027198,0.753708465597135,0.3142424830710453,0.0256525652565256,0.7268530987808804,0.7153349100252735,0.0,0.6791979949874687,0.0,0.7514718250630782,0.0,0.7678247342494164,0.0,0.37642954358715,0.0,0.0172848397551314,0.0,0.7412037976160921,0.0,0.3952443453193717,0.0,0.1188062947022185,0.0
logistic,9,Logistic Regression,ap_permissive_0.030,0.0,0.01,0.01,0.03,0.4,0.0,No penalized lambda satisfied all validation constraints; the unpenalized baseline was retained.,0.7108739377027198,0.753708465597135,0.3142424830710453,0.0256525652565256,0.7268530987808804,0.7153349100252735,0.0,0.6791979949874687,0.0,0.7514718250630782,0.0,0.7678247342494164,0.0,0.37642954358715,0.0,0.0172848397551314,0.0,0.7412037976160921,0.0,0.3952443453193717,0.0,0.1188062947022185,0.0
logistic,9,Logistic Regression,violation_strict_0.50,0.0,0.01,0.01,0.02,0.5,0.0,No penalized lambda satisfied all validation constraints; the unpenalized baseline was retained.,0.7108739377027198,0.753708465597135,0.3142424830710453,0.0256525652565256,0.7268530987808804,0.7153349100252735,0.0,0.6791979949874687,0.0,0.7514718250630782,0.0,0.7678247342494164,0.0,0.37642954358715,0.0,0.0172848397551314,0.0,0.7412037976160921,0.0,0.3952443453193717,0.0,0.1188062947022185,0.0
logistic,9,Logistic Regression,violation_permissive_0.30,0.0,0.01,0.01,0.02,0.3,0.0,No penalized lambda satisfied all validation constraints; the unpenalized baseline was retained.,0.7108739377027198,0.753708465597135,0.3142424830710453,0.0256525652565256,0.7268530987808804,0.7153349100252735,0.0,0.6791979949874687,0.0,0.7514718250630782,0.0,0.7678247342494164,0.0,0.37642954358715,0.0,0.0172848397551314,0.0,0.7412037976160921,0.0,0.3952443453193717,0.0,0.1188062947022185,0.0
logistic,10,Logistic Regression,primary,0.0,0.01,0.01,0.02,0.4,0.0,No penalized lambda satisfied all validation constraints; the unpenalized baseline was retained.,0.7435899759001214,0.785450130712602,0.3820176413572971,0.0198019801980198,0.7386516618880369,0.6993629995931798,0.0,0.7393483709273183,0.0,0.6593776282590412,0.0,0.7431920845005701,0.0,0.3255859902517967,0.0,0.0212459488656823,0.0,0.7457567977729506,0.0,0.3973652737677386,0.0,0.1193481394361723,0.0
logistic,10,Logistic Regression,ba_strict_0.005,0.0,0.005,0.01,0.02,0.4,0.0,No penalized lambda satisfied all validation constraints; the unpenalized baseline was retained.,0.7435899759001214,0.785450130712602,0.3820176413572971,0.0198019801980198,0.7386516618880369,0.6993629995931798,0.0,0.7393483709273183,0.0,0.6593776282590412,0.0,0.7431920845005701,0.0,0.3255859902517967,0.0,0.0212459488656823,0.0,0.7457567977729506,0.0,0.3973652737677386,0.0,0.1193481394361723,0.0
logistic,10,Logistic Regression,ba_permissive_0.020,0.0,0.02,0.01,0.02,0.4,0.0,No penalized lambda satisfied all validation constraints; the unpenalized baseline was retained.,0.7435899759001214,0.785450130712602,0.3820176413572971,0.0198019801980198,0.7386516618880369,0.6993629995931798,0.0,0.7393483709273183,0.0,0.6593776282590412,0.0,0.7431920845005701,0.0,0.3255859902517967,0.0,0.0212459488656823,0.0,0.7457567977729506,0.0,0.3973652737677386,0.0,0.1193481394361723,0.0
logistic,10,Logistic Regression,auc_strict_0.005,0.0,0.01,0.005,0.02,0.4,0.0,No penalized lambda satisfied all validation constraints; the unpenalized baseline was retained.,0.7435899759001214,0.785450130712602,0.3820176413572971,0.0198019801980198,0.7386516618880369,0.6993629995931798,0.0,0.7393483709273183,0.0,0.6593776282590412,0.0,0.7431920845005701,0.0,0.3255859902517967,0.0,0.0212459488656823,0.0,0.7457567977729506,0.0,0.3973652737677386,0.0,0.1193481394361723,0.0
logistic,10,Logistic Regression,auc_permissive_0.020,0.0,0.01,0.02,0.02,0.4,0.0,No penalized lambda satisfied all validation constraints; the unpenalized baseline was retained.,0.7435899759001214,0.785450130712602,0.3820176413572971,0.0198019801980198,0.7386516618880369,0.6993629995931798,0.0,0.7393483709273183,0.0,0.6593776282590412,0.0,0.7431920845005701,0.0,0.3255859902517967,0.0,0.0212459488656823,0.0,0.7457567977729506,0.0,0.3973652737677386,0.0,0.1193481394361723,0.0
logistic,10,Logistic Regression,ap_strict_0.010,0.0,0.01,0.01,0.01,0.4,0.0,No penalized lambda satisfied all validation constraints; the unpenalized baseline was retained.,0.7435899759001214,0.785450130712602,0.3820176413572971,0.0198019801980198,0.7386516618880369,0.6993629995931798,0.0,0.7393483709273183,0.0,0.6593776282590412,0.0,0.7431920845005701,0.0,0.3255859902517967,0.0,0.0212459488656823,0.0,0.7457567977729506,0.0,0.3973652737677386,0.0,0.1193481394361723,0.0
logistic,10,Logistic Regression,ap_permissive_0.030,0.0,0.01,0.01,0.03,0.4,0.0,No penalized lambda satisfied all validation constraints; the unpenalized baseline was retained.,0.7435899759001214,0.785450130712602,0.3820176413572971,0.0198019801980198,0.7386516618880369,0.6993629995931798,0.0,0.7393483709273183,0.0,0.6593776282590412,0.0,0.7431920845005701,0.0,0.3255859902517967,0.0,0.0212459488656823,0.0,0.7457567977729506,0.0,0.3973652737677386,0.0,0.1193481394361723,0.0
logistic,10,Logistic Regression,violation_strict_0.50,0.0,0.01,0.01,0.02,0.5,0.0,No penalized lambda satisfied all validation constraints; the unpenalized baseline was retained.,0.7435899759001214,0.785450130712602,0.3820176413572971,0.0198019801980198,0.7386516618880369,0.6993629995931798,0.0,0.7393483709273183,0.0,0.6593776282590412,0.0,0.7431920845005701,0.0,0.3255859902517967,0.0,0.0212459488656823,0.0,0.7457567977729506,0.0,0.3973652737677386,0.0,0.1193481394361723,0.0
logistic,10,Logistic Regression,violation_permissive_0.30,0.0,0.01,0.01,0.02,0.3,0.0,No penalized lambda satisfied all validation constraints; the unpenalized baseline was retained.,0.7435899759001214,0.785450130712602,0.3820176413572971,0.0198019801980198,0.7386516618880369,0.6993629995931798,0.0,0.7393483709273183,0.0,0.6593776282590412,0.0,0.7431920845005701,0.0,0.3255859902517967,0.0,0.0212459488656823,0.0,0.7457567977729506,0.0,0.3973652737677386,0.0,0.1193481394361723,0.0
neural,1,Neural Network (MLP),primary,0.0,0.01,0.01,0.02,0.4,0.0,No penalized lambda satisfied all validation constraints; the unpenalized baseline was retained.,0.7551687897512095,0.815895377205106,0.4549073154299361,0.0229522952295229,0.5717329447371964,0.726079069047145,0.0,0.7543859649122807,0.0,0.6977721731820092,0.0,0.7982124289285635,0.0,0.4254543580635424,0.0,0.0262778977681785,0.0,0.5808928652433509,0.0,0.3341308872741763,0.0,0.100766907593702,0.0
neural,1,Neural Network (MLP),ba_strict_0.005,0.0,0.005,0.01,0.02,0.4,0.0,No penalized lambda satisfied all validation constraints; the unpenalized baseline was retained.,0.7551687897512095,0.815895377205106,0.4549073154299361,0.0229522952295229,0.5717329447371964,0.726079069047145,0.0,0.7543859649122807,0.0,0.6977721731820092,0.0,0.7982124289285635,0.0,0.4254543580635424,0.0,0.0262778977681785,0.0,0.5808928652433509,0.0,0.3341308872741763,0.0,0.100766907593702,0.0
neural,1,Neural Network (MLP),ba_permissive_0.020,0.0,0.02,0.01,0.02,0.4,0.0,No penalized lambda satisfied all validation constraints; the unpenalized baseline was retained.,0.7551687897512095,0.815895377205106,0.4549073154299361,0.0229522952295229,0.5717329447371964,0.726079069047145,0.0,0.7543859649122807,0.0,0.6977721731820092,0.0,0.7982124289285635,0.0,0.4254543580635424,0.0,0.0262778977681785,0.0,0.5808928652433509,0.0,0.3341308872741763,0.0,0.100766907593702,0.0
neural,1,Neural Network (MLP),auc_strict_0.005,0.0,0.01,0.005,0.02,0.4,0.0,No penalized lambda satisfied all validation constraints; the unpenalized baseline was retained.,0.7551687897512095,0.815895377205106,0.4549073154299361,0.0229522952295229,0.5717329447371964,0.726079069047145,0.0,0.7543859649122807,0.0,0.6977721731820092,0.0,0.7982124289285635,0.0,0.4254543580635424,0.0,0.0262778977681785,0.0,0.5808928652433509,0.0,0.3341308872741763,0.0,0.100766907593702,0.0
neural,1,Neural Network (MLP),auc_permissive_0.020,0.0,0.01,0.02,0.02,0.4,0.0,No penalized lambda satisfied all validation constraints; the unpenalized baseline was retained.,0.7551687897512095,0.815895377205106,0.4549073154299361,0.0229522952295229,0.5717329447371964,0.726079069047145,0.0,0.7543859649122807,0.0,0.6977721731820092,0.0,0.7982124289285635,0.0,0.4254543580635424,0.0,0.0262778977681785,0.0,0.5808928652433509,0.0,0.3341308872741763,0.0,0.100766907593702,0.0
neural,1,Neural Network (MLP),ap_strict_0.010,0.0,0.01,0.01,0.01,0.4,0.0,No penalized lambda satisfied all validation constraints; the unpenalized baseline was retained.,0.7551687897512095,0.815895377205106,0.4549073154299361,0.0229522952295229,0.5717329447371964,0.726079069047145,0.0,0.7543859649122807,0.0,0.6977721731820092,0.0,0.7982124289285635,0.0,0.4254543580635424,0.0,0.0262778977681785,0.0,0.5808928652433509,0.0,0.3341308872741763,0.0,0.100766907593702,0.0
neural,1,Neural Network (MLP),ap_permissive_0.030,0.0,0.01,0.01,0.03,0.4,0.0,No penalized lambda satisfied all validation constraints; the unpenalized baseline was retained.,0.7551687897512095,0.815895377205106,0.4549073154299361,0.0229522952295229,0.5717329447371964,0.726079069047145,0.0,0.7543859649122807,0.0,0.6977721731820092,0.0,0.7982124289285635,0.0,0.4254543580635424,0.0,0.0262778977681785,0.0,0.5808928652433509,0.0,0.3341308872741763,0.0,0.100766907593702,0.0
neural,1,Neural Network (MLP),violation_strict_0.50,0.0,0.01,0.01,0.02,0.5,0.0,No penalized lambda satisfied all validation constraints; the unpenalized baseline was retained.,0.7551687897512095,0.815895377205106,0.4549073154299361,0.0229522952295229,0.5717329447371964,0.726079069047145,0.0,0.7543859649122807,0.0,0.6977721731820092,0.0,0.7982124289285635,0.0,0.4254543580635424,0.0,0.0262778977681785,0.0,0.5808928652433509,0.0,0.3341308872741763,0.0,0.100766907593702,0.0
neural,1,Neural Network (MLP),violation_permissive_0.30,0.0,0.01,0.01,0.02,0.3,0.0,No penalized lambda satisfied all validation constraints; the unpenalized baseline was retained.,0.7551687897512095,0.815895377205106,0.4549073154299361,0.0229522952295229,0.5717329447371964,0.726079069047145,0.0,0.7543859649122807,0.0,0.6977721731820092,0.0,0.7982124289285635,0.0,0.4254543580635424,0.0,0.0262778977681785,0.0,0.5808928652433509,0.0,0.3341308872741763,0.0,0.100766907593702,0.0
neural,2,Neural Network (MLP),primary,0.0,0.01,0.01,0.02,0.4,0.0,No penalized lambda satisfied all validation constraints; the unpenalized baseline was retained.,0.7415786326489934,0.8082486488089256,0.4601715538192077,0.0189018901890189,0.567086143196664,0.7316158536585367,0.0,0.7925,0.0,0.6707317073170732,0.0,0.805258620689655,0.0,0.4715044385071451,0.0,0.0201583873290136,0.0,0.5735651531806356,0.0,0.3268124059372302,0.0,0.0971089216600121,0.0
neural,2,Neural Network (MLP),ba_strict_0.005,0.0,0.005,0.01,0.02,0.4,0.0,No penalized lambda satisfied all validation constraints; the unpenalized baseline was retained.,0.7415786326489934,0.8082486488089256,0.4601715538192077,0.0189018901890189,0.567086143196664,0.7316158536585367,0.0,0.7925,0.0,0.6707317073170732,0.0,0.805258620689655,0.0,0.4715044385071451,0.0,0.0201583873290136,0.0,0.5735651531806356,0.0,0.3268124059372302,0.0,0.0971089216600121,0.0
neural,2,Neural Network (MLP),ba_permissive_0.020,0.0,0.02,0.01,0.02,0.4,0.0,No penalized lambda satisfied all validation constraints; the unpenalized baseline was retained.,0.7415786326489934,0.8082486488089256,0.4601715538192077,0.0189018901890189,0.567086143196664,0.7316158536585367,0.0,0.7925,0.0,0.6707317073170732,0.0,0.805258620689655,0.0,0.4715044385071451,0.0,0.0201583873290136,0.0,0.5735651531806356,0.0,0.3268124059372302,0.0,0.0971089216600121,0.0
neural,2,Neural Network (MLP),auc_strict_0.005,0.0,0.01,0.005,0.02,0.4,0.0,No penalized lambda satisfied all validation constraints; the unpenalized baseline was retained.,0.7415786326489934,0.8082486488089256,0.4601715538192077,0.0189018901890189,0.567086143196664,0.7316158536585367,0.0,0.7925,0.0,0.6707317073170732,0.0,0.805258620689655,0.0,0.4715044385071451,0.0,0.0201583873290136,0.0,0.5735651531806356,0.0,0.3268124059372302,0.0,0.0971089216600121,0.0
neural,2,Neural Network (MLP),auc_permissive_0.020,0.0,0.01,0.02,0.02,0.4,0.0,No penalized lambda satisfied all validation constraints; the unpenalized baseline was retained.,0.7415786326489934,0.8082486488089256,0.4601715538192077,0.0189018901890189,0.567086143196664,0.7316158536585367,0.0,0.7925,0.0,0.6707317073170732,0.0,0.805258620689655,0.0,0.4715044385071451,0.0,0.0201583873290136,0.0,0.5735651531806356,0.0,0.3268124059372302,0.0,0.0971089216600121,0.0
neural,2,Neural Network (MLP),ap_strict_0.010,0.0,0.01,0.01,0.01,0.4,0.0,No penalized lambda satisfied all validation constraints; the unpenalized baseline was retained.,0.7415786326489934,0.8082486488089256,0.4601715538192077,0.0189018901890189,0.567086143196664,0.7316158536585367,0.0,0.7925,0.0,0.6707317073170732,0.0,0.805258620689655,0.0,0.4715044385071451,0.0,0.0201583873290136,0.0,0.5735651531806356,0.0,0.3268124059372302,0.0,0.0971089216600121,0.0
neural,2,Neural Network (MLP),ap_permissive_0.030,0.0,0.01,0.01,0.03,0.4,0.0,No penalized lambda satisfied all validation constraints; the unpenalized baseline was retained.,0.7415786326489934,0.8082486488089256,0.4601715538192077,0.0189018901890189,0.567086143196664,0.7316158536585367,0.0,0.7925,0.0,0.6707317073170732,0.0,0.805258620689655,0.0,0.4715044385071451,0.0,0.0201583873290136,0.0,0.5735651531806356,0.0,0.3268124059372302,0.0,0.0971089216600121,0.0
neural,2,Neural Network (MLP),violation_strict_0.50,0.0,0.01,0.01,0.02,0.5,0.0,No penalized lambda satisfied all validation constraints; the unpenalized baseline was retained.,0.7415786326489934,0.8082486488089256,0.4601715538192077,0.0189018901890189,0.567086143196664,0.7316158536585367,0.0,0.7925,0.0,0.6707317073170732,0.0,0.805258620689655,0.0,0.4715044385071451,0.0,0.0201583873290136,0.0,0.5735651531806356,0.0,0.3268124059372302,0.0,0.0971089216600121,0.0
neural,2,Neural Network (MLP),violation_permissive_0.30,0.0,0.01,0.01,0.02,0.3,0.0,No penalized lambda satisfied all validation constraints; the unpenalized baseline was retained.,0.7415786326489934,0.8082486488089256,0.4601715538192077,0.0189018901890189,0.567086143196664,0.7316158536585367,0.0,0.7925,0.0,0.6707317073170732,0.0,0.805258620689655,0.0,0.4715044385071451,0.0,0.0201583873290136,0.0,0.5735651531806356,0.0,0.3268124059372302,0.0,0.0971089216600121,0.0
neural,3,Neural Network (MLP),primary,0.0,0.01,0.01,0.02,0.4,0.0,No penalized lambda satisfied all validation constraints; the unpenalized baseline was retained.,0.7487814159131679,0.8100936155912872,0.418380605219782,0.036003600360036,0.5862393356057541,0.7362598042625488,0.0,0.7092731829573935,0.0,0.763246425567704,0.0,0.8100117830320123,0.0,0.4387436150622437,0.0,0.0324090745408714,0.0,0.5744774840186533,0.0,0.3296125090461608,0.0,0.0996512719470379,0.0
neural,3,Neural Network (MLP),ba_strict_0.005,0.0,0.005,0.01,0.02,0.4,0.0,No penalized lambda satisfied all validation constraints; the unpenalized baseline was retained.,0.7487814159131679,0.8100936155912872,0.418380605219782,0.036003600360036,0.5862393356057541,0.7362598042625488,0.0,0.7092731829573935,0.0,0.763246425567704,0.0,0.8100117830320123,0.0,0.4387436150622437,0.0,0.0324090745408714,0.0,0.5744774840186533,0.0,0.3296125090461608,0.0,0.0996512719470379,0.0
neural,3,Neural Network (MLP),ba_permissive_0.020,0.1,0.02,0.01,0.02,0.4,0.0,"Selected the smallest penalized lambda satisfying balanced-accuracy, ROC-AUC, average-precision, and violation-reduction constraints.",0.7373838041567761,0.8077445775273162,0.4247389584307818,0.0193519351935193,0.5238530438496698,0.7329625577821761,-0.003297246480372662,0.7518796992481203,0.04260651629072676,0.7140454163162321,-0.04920100925147186,0.8061923100434011,-0.0038194729886111833,0.4354066276856405,-0.0033369873766032065,0.0241267554915376,-0.0082823190493338,0.5137943277638833,-0.06068315625476994,0.3319588419703416,0.002346332924180794,0.1005375169237187,0.0008862449766808
neural,3,Neural Network (MLP),auc_strict_0.005,0.0,0.01,0.005,0.02,0.4,0.0,No penalized lambda satisfied all validation constraints; the unpenalized baseline was retained.,0.7487814159131679,0.8100936155912872,0.418380605219782,0.036003600360036,0.5862393356057541,0.7362598042625488,0.0,0.7092731829573935,0.0,0.763246425567704,0.0,0.8100117830320123,0.0,0.4387436150622437,0.0,0.0324090745408714,0.0,0.5744774840186533,0.0,0.3296125090461608,0.0,0.0996512719470379,0.0
neural,3,Neural Network (MLP),auc_permissive_0.020,0.0,0.01,0.02,0.02,0.4,0.0,No penalized lambda satisfied all validation constraints; the unpenalized baseline was retained.,0.7487814159131679,0.8100936155912872,0.418380605219782,0.036003600360036,0.5862393356057541,0.7362598042625488,0.0,0.7092731829573935,0.0,0.763246425567704,0.0,0.8100117830320123,0.0,0.4387436150622437,0.0,0.0324090745408714,0.0,0.5744774840186533,0.0,0.3296125090461608,0.0,0.0996512719470379,0.0
neural,3,Neural Network (MLP),ap_strict_0.010,0.0,0.01,0.01,0.01,0.4,0.0,No penalized lambda satisfied all validation constraints; the unpenalized baseline was retained.,0.7487814159131679,0.8100936155912872,0.418380605219782,0.036003600360036,0.5862393356057541,0.7362598042625488,0.0,0.7092731829573935,0.0,0.763246425567704,0.0,0.8100117830320123,0.0,0.4387436150622437,0.0,0.0324090745408714,0.0,0.5744774840186533,0.0,0.3296125090461608,0.0,0.0996512719470379,0.0
neural,3,Neural Network (MLP),ap_permissive_0.030,0.0,0.01,0.01,0.03,0.4,0.0,No penalized lambda satisfied all validation constraints; the unpenalized baseline was retained.,0.7487814159131679,0.8100936155912872,0.418380605219782,0.036003600360036,0.5862393356057541,0.7362598042625488,0.0,0.7092731829573935,0.0,0.763246425567704,0.0,0.8100117830320123,0.0,0.4387436150622437,0.0,0.0324090745408714,0.0,0.5744774840186533,0.0,0.3296125090461608,0.0,0.0996512719470379,0.0
neural,3,Neural Network (MLP),violation_strict_0.50,0.0,0.01,0.01,0.02,0.5,0.0,No penalized lambda satisfied all validation constraints; the unpenalized baseline was retained.,0.7487814159131679,0.8100936155912872,0.418380605219782,0.036003600360036,0.5862393356057541,0.7362598042625488,0.0,0.7092731829573935,0.0,0.763246425567704,0.0,0.8100117830320123,0.0,0.4387436150622437,0.0,0.0324090745408714,0.0,0.5744774840186533,0.0,0.3296125090461608,0.0,0.0996512719470379,0.0
neural,3,Neural Network (MLP),violation_permissive_0.30,0.0,0.01,0.01,0.02,0.3,0.0,No penalized lambda satisfied all validation constraints; the unpenalized baseline was retained.,0.7487814159131679,0.8100936155912872,0.418380605219782,0.036003600360036,0.5862393356057541,0.7362598042625488,0.0,0.7092731829573935,0.0,0.763246425567704,0.0,0.8100117830320123,0.0,0.4387436150622437,0.0,0.0324090745408714,0.0,0.5744774840186533,0.0,0.3296125090461608,0.0,0.0996512719470379,0.0
neural,4,Neural Network (MLP),primary,0.1,0.01,0.01,0.02,0.4,0.0,"Selected the smallest penalized lambda satisfying balanced-accuracy, ROC-AUC, average-precision, and violation-reduction constraints.",0.7364053128454164,0.8084644440307912,0.4320695334293229,0.0229522952295229,0.5261057971766939,0.7133582484385902,0.0010929341857587316,0.7042606516290727,0.05012531328320802,0.7224558452481077,-0.04793944491169044,0.7819085139256888,-0.00033515243111992277,0.4328210631464785,0.0017546369266402961,0.0172848397551314,-0.0241267554915376,0.5182172655162876,-0.06242011057513497,0.3426341425669706,0.002504275299561598,0.1026380244663261,0.001177318696122892
neural,4,Neural Network (MLP),ba_strict_0.005,0.0,0.005,0.01,0.02,0.4,0.0,No penalized lambda satisfied all validation constraints; the unpenalized baseline was retained.,0.7441517023936797,0.8103687133168713,0.4376935167372694,0.0427542754275427,0.5858616930606715,0.7122653142528315,0.0,0.6541353383458647,0.0,0.7703952901597981,0.0,0.7822436663568088,0.0,0.4310664262198382,0.0,0.041411595246669,0.0,0.5806373760914225,0.0,0.340129867267409,0.0,0.1014607057702032,0.0
neural,4,Neural Network (MLP),ba_permissive_0.020,0.1,0.02,0.01,0.02,0.4,0.0,"Selected the smallest penalized lambda satisfying balanced-accuracy, ROC-AUC, average-precision, and violation-reduction constraints.",0.7364053128454164,0.8084644440307912,0.4320695334293229,0.0229522952295229,0.5261057971766939,0.7133582484385902,0.0010929341857587316,0.7042606516290727,0.05012531328320802,0.7224558452481077,-0.04793944491169044,0.7819085139256888,-0.00033515243111992277,0.4328210631464785,0.0017546369266402961,0.0172848397551314,-0.0241267554915376,0.5182172655162876,-0.06242011057513497,0.3426341425669706,0.002504275299561598,0.1026380244663261,0.001177318696122892
neural,4,Neural Network (MLP),auc_strict_0.005,0.1,0.01,0.005,0.02,0.4,0.0,"Selected the smallest penalized lambda satisfying balanced-accuracy, ROC-AUC, average-precision, and violation-reduction constraints.",0.7364053128454164,0.8084644440307912,0.4320695334293229,0.0229522952295229,0.5261057971766939,0.7133582484385902,0.0010929341857587316,0.7042606516290727,0.05012531328320802,0.7224558452481077,-0.04793944491169044,0.7819085139256888,-0.00033515243111992277,0.4328210631464785,0.0017546369266402961,0.0172848397551314,-0.0241267554915376,0.5182172655162876,-0.06242011057513497,0.3426341425669706,0.002504275299561598,0.1026380244663261,0.001177318696122892
neural,4,Neural Network (MLP),auc_permissive_0.020,0.1,0.01,0.02,0.02,0.4,0.0,"Selected the smallest penalized lambda satisfying balanced-accuracy, ROC-AUC, average-precision, and violation-reduction constraints.",0.7364053128454164,0.8084644440307912,0.4320695334293229,0.0229522952295229,0.5261057971766939,0.7133582484385902,0.0010929341857587316,0.7042606516290727,0.05012531328320802,0.7224558452481077,-0.04793944491169044,0.7819085139256888,-0.00033515243111992277,0.4328210631464785,0.0017546369266402961,0.0172848397551314,-0.0241267554915376,0.5182172655162876,-0.06242011057513497,0.3426341425669706,0.002504275299561598,0.1026380244663261,0.001177318696122892
neural,4,Neural Network (MLP),ap_strict_0.010,0.1,0.01,0.01,0.01,0.4,0.0,"Selected the smallest penalized lambda satisfying balanced-accuracy, ROC-AUC, average-precision, and violation-reduction constraints.",0.7364053128454164,0.8084644440307912,0.4320695334293229,0.0229522952295229,0.5261057971766939,0.7133582484385902,0.0010929341857587316,0.7042606516290727,0.05012531328320802,0.7224558452481077,-0.04793944491169044,0.7819085139256888,-0.00033515243111992277,0.4328210631464785,0.0017546369266402961,0.0172848397551314,-0.0241267554915376,0.5182172655162876,-0.06242011057513497,0.3426341425669706,0.002504275299561598,0.1026380244663261,0.001177318696122892
neural,4,Neural Network (MLP),ap_permissive_0.030,0.1,0.01,0.01,0.03,0.4,0.0,"Selected the smallest penalized lambda satisfying balanced-accuracy, ROC-AUC, average-precision, and violation-reduction constraints.",0.7364053128454164,0.8084644440307912,0.4320695334293229,0.0229522952295229,0.5261057971766939,0.7133582484385902,0.0010929341857587316,0.7042606516290727,0.05012531328320802,0.7224558452481077,-0.04793944491169044,0.7819085139256888,-0.00033515243111992277,0.4328210631464785,0.0017546369266402961,0.0172848397551314,-0.0241267554915376,0.5182172655162876,-0.06242011057513497,0.3426341425669706,0.002504275299561598,0.1026380244663261,0.001177318696122892
neural,4,Neural Network (MLP),violation_strict_0.50,0.0,0.01,0.01,0.02,0.5,0.0,No penalized lambda satisfied all validation constraints; the unpenalized baseline was retained.,0.7441517023936797,0.8103687133168713,0.4376935167372694,0.0427542754275427,0.5858616930606715,0.7122653142528315,0.0,0.6541353383458647,0.0,0.7703952901597981,0.0,0.7822436663568088,0.0,0.4310664262198382,0.0,0.041411595246669,0.0,0.5806373760914225,0.0,0.340129867267409,0.0,0.1014607057702032,0.0
neural,4,Neural Network (MLP),violation_permissive_0.30,0.1,0.01,0.01,0.02,0.3,0.0,"Selected the smallest penalized lambda satisfying balanced-accuracy, ROC-AUC, average-precision, and violation-reduction constraints.",0.7364053128454164,0.8084644440307912,0.4320695334293229,0.0229522952295229,0.5261057971766939,0.7133582484385902,0.0010929341857587316,0.7042606516290727,0.05012531328320802,0.7224558452481077,-0.04793944491169044,0.7819085139256888,-0.00033515243111992277,0.4328210631464785,0.0017546369266402961,0.0172848397551314,-0.0241267554915376,0.5182172655162876,-0.06242011057513497,0.3426341425669706,0.002504275299561598,0.1026380244663261,0.001177318696122892
neural,5,Neural Network (MLP),primary,0.1,0.01,0.01,0.02,0.4,0.0,"Selected the smallest penalized lambda satisfying balanced-accuracy, ROC-AUC, average-precision, and violation-reduction constraints.",0.7285411419356007,0.7934683234029095,0.4562451946185172,0.0328532853285328,0.5154848898365346,0.7215420806009978,0.0033973706343233268,0.6466165413533834,0.05263157894736836,0.7964676198486123,-0.0458368376787216,0.7944140207541562,-0.003919597142561848,0.4146185936734625,-0.0046190898074753295,0.0259272596326971,-0.029888368743248097,0.5292856371239963,-0.05986105124432095,0.3377150582983289,0.002983478677054896,0.102136980751511,0.0009939672744606887
neural,5,Neural Network (MLP),ba_strict_0.005,0.1,0.005,0.01,0.02,0.4,0.0,"Selected the smallest penalized lambda satisfying balanced-accuracy, ROC-AUC, average-precision, and violation-reduction constraints.",0.7285411419356007,0.7934683234029095,0.4562451946185172,0.0328532853285328,0.5154848898365346,0.7215420806009978,0.0033973706343233268,0.6466165413533834,0.05263157894736836,0.7964676198486123,-0.0458368376787216,0.7944140207541562,-0.003919597142561848,0.4146185936734625,-0.0046190898074753295,0.0259272596326971,-0.029888368743248097,0.5292856371239963,-0.05986105124432095,0.3377150582983289,0.002983478677054896,0.102136980751511,0.0009939672744606887
neural,5,Neural Network (MLP),ba_permissive_0.020,0.1,0.02,0.01,0.02,0.4,0.0,"Selected the smallest penalized lambda satisfying balanced-accuracy, ROC-AUC, average-precision, and violation-reduction constraints.",0.7285411419356007,0.7934683234029095,0.4562451946185172,0.0328532853285328,0.5154848898365346,0.7215420806009978,0.0033973706343233268,0.6466165413533834,0.05263157894736836,0.7964676198486123,-0.0458368376787216,0.7944140207541562,-0.003919597142561848,0.4146185936734625,-0.0046190898074753295,0.0259272596326971,-0.029888368743248097,0.5292856371239963,-0.05986105124432095,0.3377150582983289,0.002983478677054896,0.102136980751511,0.0009939672744606887
neural,5,Neural Network (MLP),auc_strict_0.005,0.1,0.01,0.005,0.02,0.4,0.0,"Selected the smallest penalized lambda satisfying balanced-accuracy, ROC-AUC, average-precision, and violation-reduction constraints.",0.7285411419356007,0.7934683234029095,0.4562451946185172,0.0328532853285328,0.5154848898365346,0.7215420806009978,0.0033973706343233268,0.6466165413533834,0.05263157894736836,0.7964676198486123,-0.0458368376787216,0.7944140207541562,-0.003919597142561848,0.4146185936734625,-0.0046190898074753295,0.0259272596326971,-0.029888368743248097,0.5292856371239963,-0.05986105124432095,0.3377150582983289,0.002983478677054896,0.102136980751511,0.0009939672744606887
neural,5,Neural Network (MLP),auc_permissive_0.020,0.1,0.01,0.02,0.02,0.4,0.0,"Selected the smallest penalized lambda satisfying balanced-accuracy, ROC-AUC, average-precision, and violation-reduction constraints.",0.7285411419356007,0.7934683234029095,0.4562451946185172,0.0328532853285328,0.5154848898365346,0.7215420806009978,0.0033973706343233268,0.6466165413533834,0.05263157894736836,0.7964676198486123,-0.0458368376787216,0.7944140207541562,-0.003919597142561848,0.4146185936734625,-0.0046190898074753295,0.0259272596326971,-0.029888368743248097,0.5292856371239963,-0.05986105124432095,0.3377150582983289,0.002983478677054896,0.102136980751511,0.0009939672744606887
neural,5,Neural Network (MLP),ap_strict_0.010,0.1,0.01,0.01,0.01,0.4,0.0,"Selected the smallest penalized lambda satisfying balanced-accuracy, ROC-AUC, average-precision, and violation-reduction constraints.",0.7285411419356007,0.7934683234029095,0.4562451946185172,0.0328532853285328,0.5154848898365346,0.7215420806009978,0.0033973706343233268,0.6466165413533834,0.05263157894736836,0.7964676198486123,-0.0458368376787216,0.7944140207541562,-0.003919597142561848,0.4146185936734625,-0.0046190898074753295,0.0259272596326971,-0.029888368743248097,0.5292856371239963,-0.05986105124432095,0.3377150582983289,0.002983478677054896,0.102136980751511,0.0009939672744606887
neural,5,Neural Network (MLP),ap_permissive_0.030,0.1,0.01,0.01,0.03,0.4,0.0,"Selected the smallest penalized lambda satisfying balanced-accuracy, ROC-AUC, average-precision, and violation-reduction constraints.",0.7285411419356007,0.7934683234029095,0.4562451946185172,0.0328532853285328,0.5154848898365346,0.7215420806009978,0.0033973706343233268,0.6466165413533834,0.05263157894736836,0.7964676198486123,-0.0458368376787216,0.7944140207541562,-0.003919597142561848,0.4146185936734625,-0.0046190898074753295,0.0259272596326971,-0.029888368743248097,0.5292856371239963,-0.05986105124432095,0.3377150582983289,0.002983478677054896,0.102136980751511,0.0009939672744606887
neural,5,Neural Network (MLP),violation_strict_0.50,0.0,0.01,0.01,0.02,0.5,0.0,No penalized lambda satisfied all validation constraints; the unpenalized baseline was retained.,0.7331074347219454,0.7961468198208734,0.449151081500289,0.0603060306030603,0.5716152107097346,0.7181447099666745,0.0,0.5939849624060151,0.0,0.8423044575273338,0.0,0.7983336178967181,0.0,0.4192376834809378,0.0,0.0558156283759452,0.0,0.5891466883683173,0.0,0.334731579621274,0.0,0.1011430134770503,0.0
neural,5,Neural Network (MLP),violation_permissive_0.30,0.1,0.01,0.01,0.02,0.3,0.0,"Selected the smallest penalized lambda satisfying balanced-accuracy, ROC-AUC, average-precision, and violation-reduction constraints.",0.7285411419356007,0.7934683234029095,0.4562451946185172,0.0328532853285328,0.5154848898365346,0.7215420806009978,0.0033973706343233268,0.6466165413533834,0.05263157894736836,0.7964676198486123,-0.0458368376787216,0.7944140207541562,-0.003919597142561848,0.4146185936734625,-0.0046190898074753295,0.0259272596326971,-0.029888368743248097,0.5292856371239963,-0.05986105124432095,0.3377150582983289,0.002983478677054896,0.102136980751511,0.0009939672744606887
neural,6,Neural Network (MLP),primary,0.0,0.01,0.01,0.02,0.4,0.0,No penalized lambda satisfied all validation constraints; the unpenalized baseline was retained.,0.7319024407922156,0.7997873346324974,0.4570063308073335,0.0279027902790279,0.568122996140085,0.7220304860511935,0.0,0.7719298245614035,0.0,0.6721311475409836,0.0,0.8041193778898696,0.0,0.4506453452986814,0.0,0.0219582433405327,0.0,0.5696527971463355,0.0,0.3325799483555556,0.0,0.1003516186073203,0.0
neural,6,Neural Network (MLP),ba_strict_0.005,0.0,0.005,0.01,0.02,0.4,0.0,No penalized lambda satisfied all validation constraints; the unpenalized baseline was retained.,0.7319024407922156,0.7997873346324974,0.4570063308073335,0.0279027902790279,0.568122996140085,0.7220304860511935,0.0,0.7719298245614035,0.0,0.6721311475409836,0.0,0.8041193778898696,0.0,0.4506453452986814,0.0,0.0219582433405327,0.0,0.5696527971463355,0.0,0.3325799483555556,0.0,0.1003516186073203,0.0
neural,6,Neural Network (MLP),ba_permissive_0.020,0.0,0.02,0.01,0.02,0.4,0.0,No penalized lambda satisfied all validation constraints; the unpenalized baseline was retained.,0.7319024407922156,0.7997873346324974,0.4570063308073335,0.0279027902790279,0.568122996140085,0.7220304860511935,0.0,0.7719298245614035,0.0,0.6721311475409836,0.0,0.8041193778898696,0.0,0.4506453452986814,0.0,0.0219582433405327,0.0,0.5696527971463355,0.0,0.3325799483555556,0.0,0.1003516186073203,0.0
neural,6,Neural Network (MLP),auc_strict_0.005,0.0,0.01,0.005,0.02,0.4,0.0,No penalized lambda satisfied all validation constraints; the unpenalized baseline was retained.,0.7319024407922156,0.7997873346324974,0.4570063308073335,0.0279027902790279,0.568122996140085,0.7220304860511935,0.0,0.7719298245614035,0.0,0.6721311475409836,0.0,0.8041193778898696,0.0,0.4506453452986814,0.0,0.0219582433405327,0.0,0.5696527971463355,0.0,0.3325799483555556,0.0,0.1003516186073203,0.0
neural,6,Neural Network (MLP),auc_permissive_0.020,0.0,0.01,0.02,0.02,0.4,0.0,No penalized lambda satisfied all validation constraints; the unpenalized baseline was retained.,0.7319024407922156,0.7997873346324974,0.4570063308073335,0.0279027902790279,0.568122996140085,0.7220304860511935,0.0,0.7719298245614035,0.0,0.6721311475409836,0.0,0.8041193778898696,0.0,0.4506453452986814,0.0,0.0219582433405327,0.0,0.5696527971463355,0.0,0.3325799483555556,0.0,0.1003516186073203,0.0
neural,6,Neural Network (MLP),ap_strict_0.010,0.0,0.01,0.01,0.01,0.4,0.0,No penalized lambda satisfied all validation constraints; the unpenalized baseline was retained.,0.7319024407922156,0.7997873346324974,0.4570063308073335,0.0279027902790279,0.568122996140085,0.7220304860511935,0.0,0.7719298245614035,0.0,0.6721311475409836,0.0,0.8041193778898696,0.0,0.4506453452986814,0.0,0.0219582433405327,0.0,0.5696527971463355,0.0,0.3325799483555556,0.0,0.1003516186073203,0.0
neural,6,Neural Network (MLP),ap_permissive_0.030,0.0,0.01,0.01,0.03,0.4,0.0,No penalized lambda satisfied all validation constraints; the unpenalized baseline was retained.,0.7319024407922156,0.7997873346324974,0.4570063308073335,0.0279027902790279,0.568122996140085,0.7220304860511935,0.0,0.7719298245614035,0.0,0.6721311475409836,0.0,0.8041193778898696,0.0,0.4506453452986814,0.0,0.0219582433405327,0.0,0.5696527971463355,0.0,0.3325799483555556,0.0,0.1003516186073203,0.0
neural,6,Neural Network (MLP),violation_strict_0.50,0.0,0.01,0.01,0.02,0.5,0.0,No penalized lambda satisfied all validation constraints; the unpenalized baseline was retained.,0.7319024407922156,0.7997873346324974,0.4570063308073335,0.0279027902790279,0.568122996140085,0.7220304860511935,0.0,0.7719298245614035,0.0,0.6721311475409836,0.0,0.8041193778898696,0.0,0.4506453452986814,0.0,0.0219582433405327,0.0,0.5696527971463355,0.0,0.3325799483555556,0.0,0.1003516186073203,0.0
neural,6,Neural Network (MLP),violation_permissive_0.30,0.0,0.01,0.01,0.02,0.3,0.0,No penalized lambda satisfied all validation constraints; the unpenalized baseline was retained.,0.7319024407922156,0.7997873346324974,0.4570063308073335,0.0279027902790279,0.568122996140085,0.7220304860511935,0.0,0.7719298245614035,0.0,0.6721311475409836,0.0,0.8041193778898696,0.0,0.4506453452986814,0.0,0.0219582433405327,0.0,0.5696527971463355,0.0,0.3325799483555556,0.0,0.1003516186073203,0.0
neural,7,Neural Network (MLP),primary,0.1,0.01,0.01,0.02,0.4,0.0,"Selected the smallest penalized lambda satisfying balanced-accuracy, ROC-AUC, average-precision, and violation-reduction constraints.",0.743372533386486,0.8090657055268285,0.4644365242275831,0.022052205220522,0.5321581300647155,0.7233284272497897,-0.009531118587047915,0.675,0.015000000000000013,0.7716568544995794,-0.034062237174095955,0.7993676408746846,-0.0005761143818334702,0.4435157689199147,-0.0030685914695091077,0.0251979841612671,-0.0172786177105831,0.5220929593819928,-0.06338800345501716,0.3345921830777538,0.0033427960509178067,0.1003925320727563,0.0012506342663457931
neural,7,Neural Network (MLP),ba_strict_0.005,0.1,0.005,0.01,0.02,0.4,0.0,"Selected the smallest penalized lambda satisfying balanced-accuracy, ROC-AUC, average-precision, and violation-reduction constraints.",0.743372533386486,0.8090657055268285,0.4644365242275831,0.022052205220522,0.5321581300647155,0.7233284272497897,-0.009531118587047915,0.675,0.015000000000000013,0.7716568544995794,-0.034062237174095955,0.7993676408746846,-0.0005761143818334702,0.4435157689199147,-0.0030685914695091077,0.0251979841612671,-0.0172786177105831,0.5220929593819928,-0.06338800345501716,0.3345921830777538,0.0033427960509178067,0.1003925320727563,0.0012506342663457931
neural,7,Neural Network (MLP),ba_permissive_0.020,0.1,0.02,0.01,0.02,0.4,0.0,"Selected the smallest penalized lambda satisfying balanced-accuracy, ROC-AUC, average-precision, and violation-reduction constraints.",0.743372533386486,0.8090657055268285,0.4644365242275831,0.022052205220522,0.5321581300647155,0.7233284272497897,-0.009531118587047915,0.675,0.015000000000000013,0.7716568544995794,-0.034062237174095955,0.7993676408746846,-0.0005761143818334702,0.4435157689199147,-0.0030685914695091077,0.0251979841612671,-0.0172786177105831,0.5220929593819928,-0.06338800345501716,0.3345921830777538,0.0033427960509178067,0.1003925320727563,0.0012506342663457931
neural,7,Neural Network (MLP),auc_strict_0.005,0.1,0.01,0.005,0.02,0.4,0.0,"Selected the smallest penalized lambda satisfying balanced-accuracy, ROC-AUC, average-precision, and violation-reduction constraints.",0.743372533386486,0.8090657055268285,0.4644365242275831,0.022052205220522,0.5321581300647155,0.7233284272497897,-0.009531118587047915,0.675,0.015000000000000013,0.7716568544995794,-0.034062237174095955,0.7993676408746846,-0.0005761143818334702,0.4435157689199147,-0.0030685914695091077,0.0251979841612671,-0.0172786177105831,0.5220929593819928,-0.06338800345501716,0.3345921830777538,0.0033427960509178067,0.1003925320727563,0.0012506342663457931
neural,7,Neural Network (MLP),auc_permissive_0.020,0.1,0.01,0.02,0.02,0.4,0.0,"Selected the smallest penalized lambda satisfying balanced-accuracy, ROC-AUC, average-precision, and violation-reduction constraints.",0.743372533386486,0.8090657055268285,0.4644365242275831,0.022052205220522,0.5321581300647155,0.7233284272497897,-0.009531118587047915,0.675,0.015000000000000013,0.7716568544995794,-0.034062237174095955,0.7993676408746846,-0.0005761143818334702,0.4435157689199147,-0.0030685914695091077,0.0251979841612671,-0.0172786177105831,0.5220929593819928,-0.06338800345501716,0.3345921830777538,0.0033427960509178067,0.1003925320727563,0.0012506342663457931
neural,7,Neural Network (MLP),ap_strict_0.010,0.1,0.01,0.01,0.01,0.4,0.0,"Selected the smallest penalized lambda satisfying balanced-accuracy, ROC-AUC, average-precision, and violation-reduction constraints.",0.743372533386486,0.8090657055268285,0.4644365242275831,0.022052205220522,0.5321581300647155,0.7233284272497897,-0.009531118587047915,0.675,0.015000000000000013,0.7716568544995794,-0.034062237174095955,0.7993676408746846,-0.0005761143818334702,0.4435157689199147,-0.0030685914695091077,0.0251979841612671,-0.0172786177105831,0.5220929593819928,-0.06338800345501716,0.3345921830777538,0.0033427960509178067,0.1003925320727563,0.0012506342663457931
neural,7,Neural Network (MLP),ap_permissive_0.030,0.1,0.01,0.01,0.03,0.4,0.0,"Selected the smallest penalized lambda satisfying balanced-accuracy, ROC-AUC, average-precision, and violation-reduction constraints.",0.743372533386486,0.8090657055268285,0.4644365242275831,0.022052205220522,0.5321581300647155,0.7233284272497897,-0.009531118587047915,0.675,0.015000000000000013,0.7716568544995794,-0.034062237174095955,0.7993676408746846,-0.0005761143818334702,0.4435157689199147,-0.0030685914695091077,0.0251979841612671,-0.0172786177105831,0.5220929593819928,-0.06338800345501716,0.3345921830777538,0.0033427960509178067,0.1003925320727563,0.0012506342663457931
neural,7,Neural Network (MLP),violation_strict_0.50,0.1,0.01,0.01,0.02,0.5,0.0,"Selected the smallest penalized lambda satisfying balanced-accuracy, ROC-AUC, average-precision, and violation-reduction constraints.",0.743372533386486,0.8090657055268285,0.4644365242275831,0.022052205220522,0.5321581300647155,0.7233284272497897,-0.009531118587047915,0.675,0.015000000000000013,0.7716568544995794,-0.034062237174095955,0.7993676408746846,-0.0005761143818334702,0.4435157689199147,-0.0030685914695091077,0.0251979841612671,-0.0172786177105831,0.5220929593819928,-0.06338800345501716,0.3345921830777538,0.0033427960509178067,0.1003925320727563,0.0012506342663457931
neural,7,Neural Network (MLP),violation_permissive_0.30,0.1,0.01,0.01,0.02,0.3,0.0,"Selected the smallest penalized lambda satisfying balanced-accuracy, ROC-AUC, average-precision, and violation-reduction constraints.",0.743372533386486,0.8090657055268285,0.4644365242275831,0.022052205220522,0.5321581300647155,0.7233284272497897,-0.009531118587047915,0.675,0.015000000000000013,0.7716568544995794,-0.034062237174095955,0.7993676408746846,-0.0005761143818334702,0.4435157689199147,-0.0030685914695091077,0.0251979841612671,-0.0172786177105831,0.5220929593819928,-0.06338800345501716,0.3345921830777538,0.0033427960509178067,0.1003925320727563,0.0012506342663457931
neural,8,Neural Network (MLP),primary,0.1,0.01,0.01,0.02,0.4,0.0,"Selected the smallest penalized lambda satisfying balanced-accuracy, ROC-AUC, average-precision, and violation-reduction constraints.",0.7263304763803069,0.7902116275736875,0.4169172322901767,0.0162016201620162,0.5187067433199325,0.7274963059456885,-0.002203785325382457,0.6892230576441103,0.03007518796992481,0.7657695542472666,-0.034482758620689724,0.8006807388530199,0.0026200910181257697,0.4238989927502398,-0.0031320748295315948,0.0241267554915376,-0.018725243068059002,0.5185196288650168,-0.055068908777851755,0.3353401367502928,0.0006214958877520105,0.1015317683951294,0.0006916434305736935
neural,8,Neural Network (MLP),ba_strict_0.005,0.0,0.005,0.01,0.02,0.4,0.0,No penalized lambda satisfied all validation constraints; the unpenalized baseline was retained.,0.7332070958740282,0.7898129829653557,0.4164222112566328,0.0355535553555355,0.5759039651826093,0.7297000912710709,0.0,0.6591478696741855,0.0,0.8002523128679563,0.0,0.7980606478348942,0.0,0.4270310675797714,0.0,0.0428519985595966,0.0,0.5735885376428685,0.0,0.3347186408625408,0.0,0.1008401249645557,0.0
neural,8,Neural Network (MLP),ba_permissive_0.020,0.1,0.02,0.01,0.02,0.4,0.0,"Selected the smallest penalized lambda satisfying balanced-accuracy, ROC-AUC, average-precision, and violation-reduction constraints.",0.7263304763803069,0.7902116275736875,0.4169172322901767,0.0162016201620162,0.5187067433199325,0.7274963059456885,-0.002203785325382457,0.6892230576441103,0.03007518796992481,0.7657695542472666,-0.034482758620689724,0.8006807388530199,0.0026200910181257697,0.4238989927502398,-0.0031320748295315948,0.0241267554915376,-0.018725243068059002,0.5185196288650168,-0.055068908777851755,0.3353401367502928,0.0006214958877520105,0.1015317683951294,0.0006916434305736935
neural,8,Neural Network (MLP),auc_strict_0.005,0.1,0.01,0.005,0.02,0.4,0.0,"Selected the smallest penalized lambda satisfying balanced-accuracy, ROC-AUC, average-precision, and violation-reduction constraints.",0.7263304763803069,0.7902116275736875,0.4169172322901767,0.0162016201620162,0.5187067433199325,0.7274963059456885,-0.002203785325382457,0.6892230576441103,0.03007518796992481,0.7657695542472666,-0.034482758620689724,0.8006807388530199,0.0026200910181257697,0.4238989927502398,-0.0031320748295315948,0.0241267554915376,-0.018725243068059002,0.5185196288650168,-0.055068908777851755,0.3353401367502928,0.0006214958877520105,0.1015317683951294,0.0006916434305736935
neural,8,Neural Network (MLP),auc_permissive_0.020,0.1,0.01,0.02,0.02,0.4,0.0,"Selected the smallest penalized lambda satisfying balanced-accuracy, ROC-AUC, average-precision, and violation-reduction constraints.",0.7263304763803069,0.7902116275736875,0.4169172322901767,0.0162016201620162,0.5187067433199325,0.7274963059456885,-0.002203785325382457,0.6892230576441103,0.03007518796992481,0.7657695542472666,-0.034482758620689724,0.8006807388530199,0.0026200910181257697,0.4238989927502398,-0.0031320748295315948,0.0241267554915376,-0.018725243068059002,0.5185196288650168,-0.055068908777851755,0.3353401367502928,0.0006214958877520105,0.1015317683951294,0.0006916434305736935
neural,8,Neural Network (MLP),ap_strict_0.010,0.1,0.01,0.01,0.01,0.4,0.0,"Selected the smallest penalized lambda satisfying balanced-accuracy, ROC-AUC, average-precision, and violation-reduction constraints.",0.7263304763803069,0.7902116275736875,0.4169172322901767,0.0162016201620162,0.5187067433199325,0.7274963059456885,-0.002203785325382457,0.6892230576441103,0.03007518796992481,0.7657695542472666,-0.034482758620689724,0.8006807388530199,0.0026200910181257697,0.4238989927502398,-0.0031320748295315948,0.0241267554915376,-0.018725243068059002,0.5185196288650168,-0.055068908777851755,0.3353401367502928,0.0006214958877520105,0.1015317683951294,0.0006916434305736935
neural,8,Neural Network (MLP),ap_permissive_0.030,0.1,0.01,0.01,0.03,0.4,0.0,"Selected the smallest penalized lambda satisfying balanced-accuracy, ROC-AUC, average-precision, and violation-reduction constraints.",0.7263304763803069,0.7902116275736875,0.4169172322901767,0.0162016201620162,0.5187067433199325,0.7274963059456885,-0.002203785325382457,0.6892230576441103,0.03007518796992481,0.7657695542472666,-0.034482758620689724,0.8006807388530199,0.0026200910181257697,0.4238989927502398,-0.0031320748295315948,0.0241267554915376,-0.018725243068059002,0.5185196288650168,-0.055068908777851755,0.3353401367502928,0.0006214958877520105,0.1015317683951294,0.0006916434305736935
neural,8,Neural Network (MLP),violation_strict_0.50,0.1,0.01,0.01,0.02,0.5,0.0,"Selected the smallest penalized lambda satisfying balanced-accuracy, ROC-AUC, average-precision, and violation-reduction constraints.",0.7263304763803069,0.7902116275736875,0.4169172322901767,0.0162016201620162,0.5187067433199325,0.7274963059456885,-0.002203785325382457,0.6892230576441103,0.03007518796992481,0.7657695542472666,-0.034482758620689724,0.8006807388530199,0.0026200910181257697,0.4238989927502398,-0.0031320748295315948,0.0241267554915376,-0.018725243068059002,0.5185196288650168,-0.055068908777851755,0.3353401367502928,0.0006214958877520105,0.1015317683951294,0.0006916434305736935
neural,8,Neural Network (MLP),violation_permissive_0.30,0.1,0.01,0.01,0.02,0.3,0.0,"Selected the smallest penalized lambda satisfying balanced-accuracy, ROC-AUC, average-precision, and violation-reduction constraints.",0.7263304763803069,0.7902116275736875,0.4169172322901767,0.0162016201620162,0.5187067433199325,0.7274963059456885,-0.002203785325382457,0.6892230576441103,0.03007518796992481,0.7657695542472666,-0.034482758620689724,0.8006807388530199,0.0026200910181257697,0.4238989927502398,-0.0031320748295315948,0.0241267554915376,-0.018725243068059002,0.5185196288650168,-0.055068908777851755,0.3353401367502928,0.0006214958877520105,0.1015317683951294,0.0006916434305736935
neural,9,Neural Network (MLP),primary,0.0,0.01,0.01,0.02,0.4,0.0,No penalized lambda satisfied all validation constraints; the unpenalized baseline was retained.,0.7184753655752261,0.7917559636080301,0.4327795075651844,0.0396039603960396,0.5910813218866083,0.7420543579301492,0.0,0.7368421052631579,0.0,0.7472666105971405,0.0,0.7983362527428749,0.0,0.4271391320749086,0.0,0.0316888728844076,0.0,0.5833889796847781,0.0,0.3332946457634348,0.0,0.1003685014827443,0.0
neural,9,Neural Network (MLP),ba_strict_0.005,0.0,0.005,0.01,0.02,0.4,0.0,No penalized lambda satisfied all validation constraints; the unpenalized baseline was retained.,0.7184753655752261,0.7917559636080301,0.4327795075651844,0.0396039603960396,0.5910813218866083,0.7420543579301492,0.0,0.7368421052631579,0.0,0.7472666105971405,0.0,0.7983362527428749,0.0,0.4271391320749086,0.0,0.0316888728844076,0.0,0.5833889796847781,0.0,0.3332946457634348,0.0,0.1003685014827443,0.0
neural,9,Neural Network (MLP),ba_permissive_0.020,0.0,0.02,0.01,0.02,0.4,0.0,No penalized lambda satisfied all validation constraints; the unpenalized baseline was retained.,0.7184753655752261,0.7917559636080301,0.4327795075651844,0.0396039603960396,0.5910813218866083,0.7420543579301492,0.0,0.7368421052631579,0.0,0.7472666105971405,0.0,0.7983362527428749,0.0,0.4271391320749086,0.0,0.0316888728844076,0.0,0.5833889796847781,0.0,0.3332946457634348,0.0,0.1003685014827443,0.0
neural,9,Neural Network (MLP),auc_strict_0.005,0.0,0.01,0.005,0.02,0.4,0.0,No penalized lambda satisfied all validation constraints; the unpenalized baseline was retained.,0.7184753655752261,0.7917559636080301,0.4327795075651844,0.0396039603960396,0.5910813218866083,0.7420543579301492,0.0,0.7368421052631579,0.0,0.7472666105971405,0.0,0.7983362527428749,0.0,0.4271391320749086,0.0,0.0316888728844076,0.0,0.5833889796847781,0.0,0.3332946457634348,0.0,0.1003685014827443,0.0
neural,9,Neural Network (MLP),auc_permissive_0.020,0.0,0.01,0.02,0.02,0.4,0.0,No penalized lambda satisfied all validation constraints; the unpenalized baseline was retained.,0.7184753655752261,0.7917559636080301,0.4327795075651844,0.0396039603960396,0.5910813218866083,0.7420543579301492,0.0,0.7368421052631579,0.0,0.7472666105971405,0.0,0.7983362527428749,0.0,0.4271391320749086,0.0,0.0316888728844076,0.0,0.5833889796847781,0.0,0.3332946457634348,0.0,0.1003685014827443,0.0
neural,9,Neural Network (MLP),ap_strict_0.010,0.0,0.01,0.01,0.01,0.4,0.0,No penalized lambda satisfied all validation constraints; the unpenalized baseline was retained.,0.7184753655752261,0.7917559636080301,0.4327795075651844,0.0396039603960396,0.5910813218866083,0.7420543579301492,0.0,0.7368421052631579,0.0,0.7472666105971405,0.0,0.7983362527428749,0.0,0.4271391320749086,0.0,0.0316888728844076,0.0,0.5833889796847781,0.0,0.3332946457634348,0.0,0.1003685014827443,0.0
neural,9,Neural Network (MLP),ap_permissive_0.030,0.25,0.01,0.01,0.03,0.4,0.0,"Selected the smallest penalized lambda satisfying balanced-accuracy, ROC-AUC, average-precision, and violation-reduction constraints.",0.7117799481762009,0.7865455797396291,0.4122874138189886,0.0234023402340234,0.4604372361848819,0.7318522336117839,-0.010202124318365313,0.7694235588972431,0.03258145363408527,0.6942809083263246,-0.05298570227081589,0.7902346277805531,-0.008101624962321807,0.4211518321517513,-0.00598729992315733,0.018725243068059,-0.012963629816348604,0.4532819943200245,-0.13010698536475362,0.3450161419388837,0.011721496175448876,0.1049891659170332,0.004620664434288893
neural,9,Neural Network (MLP),violation_strict_0.50,0.0,0.01,0.01,0.02,0.5,0.0,No penalized lambda satisfied all validation constraints; the unpenalized baseline was retained.,0.7184753655752261,0.7917559636080301,0.4327795075651844,0.0396039603960396,0.5910813218866083,0.7420543579301492,0.0,0.7368421052631579,0.0,0.7472666105971405,0.0,0.7983362527428749,0.0,0.4271391320749086,0.0,0.0316888728844076,0.0,0.5833889796847781,0.0,0.3332946457634348,0.0,0.1003685014827443,0.0
neural,9,Neural Network (MLP),violation_permissive_0.30,0.1,0.01,0.01,0.02,0.3,0.0,"Selected the smallest penalized lambda satisfying balanced-accuracy, ROC-AUC, average-precision, and violation-reduction constraints.",0.7162465798104627,0.7908944300123382,0.4252222276858476,0.0243024302430243,0.530370511868225,0.733971703860155,-0.0080826540699942,0.7644110275689223,0.027568922305764465,0.7035323801513877,-0.04373423044575275,0.7952576984935004,-0.003078554249374532,0.4259806049806213,-0.0011585270942873205,0.0165646380986676,-0.015124234785740001,0.5232248669040662,-0.060164112780711876,0.3358041744490265,0.0025095286855916776,0.1011404611313345,0.0007719596485901981
neural,10,Neural Network (MLP),primary,0.25,0.01,0.01,0.02,0.4,0.0,"Selected the smallest penalized lambda satisfying balanced-accuracy, ROC-AUC, average-precision, and violation-reduction constraints.",0.7642560748002247,0.8199954864205503,0.4484006168511307,0.0171017101710171,0.4580395411486514,0.713913674008402,-0.003373130049682649,0.6641604010025063,0.06516290726817042,0.7636669470142977,-0.07190916736753572,0.7819854514334617,-0.0006355248929725832,0.4252967361609153,-0.000516506865081312,0.0172848397551314,-0.0471732084983795,0.4677387908025616,-0.13835005585111088,0.3485091183144747,0.008712458715146254,0.1050781518731184,0.003764607430735506
neural,10,Neural Network (MLP),ba_strict_0.005,0.25,0.005,0.01,0.02,0.4,0.0,"Selected the smallest penalized lambda satisfying balanced-accuracy, ROC-AUC, average-precision, and violation-reduction constraints.",0.7642560748002247,0.8199954864205503,0.4484006168511307,0.0171017101710171,0.4580395411486514,0.713913674008402,-0.003373130049682649,0.6641604010025063,0.06516290726817042,0.7636669470142977,-0.07190916736753572,0.7819854514334617,-0.0006355248929725832,0.4252967361609153,-0.000516506865081312,0.0172848397551314,-0.0471732084983795,0.4677387908025616,-0.13835005585111088,0.3485091183144747,0.008712458715146254,0.1050781518731184,0.003764607430735506
neural,10,Neural Network (MLP),ba_permissive_0.020,0.25,0.02,0.01,0.02,0.4,0.0,"Selected the smallest penalized lambda satisfying balanced-accuracy, ROC-AUC, average-precision, and violation-reduction constraints.",0.7642560748002247,0.8199954864205503,0.4484006168511307,0.0171017101710171,0.4580395411486514,0.713913674008402,-0.003373130049682649,0.6641604010025063,0.06516290726817042,0.7636669470142977,-0.07190916736753572,0.7819854514334617,-0.0006355248929725832,0.4252967361609153,-0.000516506865081312,0.0172848397551314,-0.0471732084983795,0.4677387908025616,-0.13835005585111088,0.3485091183144747,0.008712458715146254,0.1050781518731184,0.003764607430735506
neural,10,Neural Network (MLP),auc_strict_0.005,0.25,0.01,0.005,0.02,0.4,0.0,"Selected the smallest penalized lambda satisfying balanced-accuracy, ROC-AUC, average-precision, and violation-reduction constraints.",0.7642560748002247,0.8199954864205503,0.4484006168511307,0.0171017101710171,0.4580395411486514,0.713913674008402,-0.003373130049682649,0.6641604010025063,0.06516290726817042,0.7636669470142977,-0.07190916736753572,0.7819854514334617,-0.0006355248929725832,0.4252967361609153,-0.000516506865081312,0.0172848397551314,-0.0471732084983795,0.4677387908025616,-0.13835005585111088,0.3485091183144747,0.008712458715146254,0.1050781518731184,0.003764607430735506
neural,10,Neural Network (MLP),auc_permissive_0.020,0.25,0.01,0.02,0.02,0.4,0.0,"Selected the smallest penalized lambda satisfying balanced-accuracy, ROC-AUC, average-precision, and violation-reduction constraints.",0.7642560748002247,0.8199954864205503,0.4484006168511307,0.0171017101710171,0.4580395411486514,0.713913674008402,-0.003373130049682649,0.6641604010025063,0.06516290726817042,0.7636669470142977,-0.07190916736753572,0.7819854514334617,-0.0006355248929725832,0.4252967361609153,-0.000516506865081312,0.0172848397551314,-0.0471732084983795,0.4677387908025616,-0.13835005585111088,0.3485091183144747,0.008712458715146254,0.1050781518731184,0.003764607430735506
neural,10,Neural Network (MLP),ap_strict_0.010,0.25,0.01,0.01,0.01,0.4,0.0,"Selected the smallest penalized lambda satisfying balanced-accuracy, ROC-AUC, average-precision, and violation-reduction constraints.",0.7642560748002247,0.8199954864205503,0.4484006168511307,0.0171017101710171,0.4580395411486514,0.713913674008402,-0.003373130049682649,0.6641604010025063,0.06516290726817042,0.7636669470142977,-0.07190916736753572,0.7819854514334617,-0.0006355248929725832,0.4252967361609153,-0.000516506865081312,0.0172848397551314,-0.0471732084983795,0.4677387908025616,-0.13835005585111088,0.3485091183144747,0.008712458715146254,0.1050781518731184,0.003764607430735506
neural,10,Neural Network (MLP),ap_permissive_0.030,0.25,0.01,0.01,0.03,0.4,0.0,"Selected the smallest penalized lambda satisfying balanced-accuracy, ROC-AUC, average-precision, and violation-reduction constraints.",0.7642560748002247,0.8199954864205503,0.4484006168511307,0.0171017101710171,0.4580395411486514,0.713913674008402,-0.003373130049682649,0.6641604010025063,0.06516290726817042,0.7636669470142977,-0.07190916736753572,0.7819854514334617,-0.0006355248929725832,0.4252967361609153,-0.000516506865081312,0.0172848397551314,-0.0471732084983795,0.4677387908025616,-0.13835005585111088,0.3485091183144747,0.008712458715146254,0.1050781518731184,0.003764607430735506
neural,10,Neural Network (MLP),violation_strict_0.50,0.25,0.01,0.01,0.02,0.5,0.0,"Selected the smallest penalized lambda satisfying balanced-accuracy, ROC-AUC, average-precision, and violation-reduction constraints.",0.7642560748002247,0.8199954864205503,0.4484006168511307,0.0171017101710171,0.4580395411486514,0.713913674008402,-0.003373130049682649,0.6641604010025063,0.06516290726817042,0.7636669470142977,-0.07190916736753572,0.7819854514334617,-0.0006355248929725832,0.4252967361609153,-0.000516506865081312,0.0172848397551314,-0.0471732084983795,0.4677387908025616,-0.13835005585111088,0.3485091183144747,0.008712458715146254,0.1050781518731184,0.003764607430735506
neural,10,Neural Network (MLP),violation_permissive_0.30,0.25,0.01,0.01,0.02,0.3,0.0,"Selected the smallest penalized lambda satisfying balanced-accuracy, ROC-AUC, average-precision, and violation-reduction constraints.",0.7642560748002247,0.8199954864205503,0.4484006168511307,0.0171017101710171,0.4580395411486514,0.713913674008402,-0.003373130049682649,0.6641604010025063,0.06516290726817042,0.7636669470142977,-0.07190916736753572,0.7819854514334617,-0.0006355248929725832,0.4252967361609153,-0.000516506865081312,0.0172848397551314,-0.0471732084983795,0.4677387908025616,-0.13835005585111088,0.3485091183144747,0.008712458715146254,0.1050781518731184,0.003764607430735506
