feature,standardized_coefficient,odds_ratio_per_sd
MCV,0.21294180075124008,1.2373126384820359
MCH,0.20276027405387595,1.2247788217897217
HBA2,-0.00020332030475450416,0.9997967003634178
HBF,-0.03994880984228388,0.9608386233741086
