feature,standardized_coefficient,odds_ratio_per_sd
MCV,0.10564762441060753,1.1114301666360489
MCH,0.10353988158543938,1.109090024751635
HBA2,0.00037748389760031115,1.0003775551536125
HBF,-0.033061636676604604,0.9674789255655726
