algorithm,penalty_multiplier,split,evaluation_mode,threshold_selected_on,n_patients,accuracy,balanced_accuracy,precision,recall_sensitivity,specificity,f1,log_loss,brier_score,tn,fp,fn,tp,threshold,roc_auc,average_precision,calibration_intercept,calibration_slope,patient_violation_rate,total_rule_patient_violations,violations_per_patient,active_rule_count,active_rule_weight,soft_rule_violation,unweighted_soft_rule_violation,mean_patient_soft_rule_violation,patients_with_active_rules,rule_bce_per_patient,active_rule_violation_rate,violation_LR01_neg,violation_LR02_pos,violation_LR03_neg,violation_LR05_neg,soft_violation_LR01,soft_violation_LR02,soft_violation_LR03,soft_violation_LR05
logistic:leave_out_LR04,0.0,validation,per_lambda_validation_optimized_threshold,same_lambda_validation,2778,0.6133909287257019,0.7064824735230257,0.2486969471332837,0.8370927318295739,0.5758722152164775,0.38346727898966704,0.395825257538041,0.11894896582947341,1370,1009,65,334,0.14075511803503238,0.7593610971522965,0.3346097344662093,8.177543611673554,5.715480851711968,0.021238300935925127,59,0.021238300935925127,707,957.0,0.7304077403039159,0.6967954455221795,0.7034120622291696,616,0.5250459921965142,0.08345120226308345,7,51,0,1,0.8570532092542398,0.13614523400534911,0.7996402922478146,0.8254633099466664
logistic:leave_out_LR04,0.0,test,per_lambda_validation_optimized_threshold,same_lambda_validation,2778,0.6159107271418287,0.6964811145139014,0.24581430745814306,0.8095238095238095,0.5834384195039932,0.37711617046117923,0.39548763288073996,0.1188529424855129,1388,991,76,323,0.14075511803503238,0.7686992807786595,0.3669462263354828,9.342020050892833,6.359396371430544,0.01331893448524118,38,0.013678905687544997,620,845.5,0.7365334122211069,0.7038387722301357,0.7105983961150208,548,0.46898997654584845,0.06129032258064516,4,31,1,2,0.8279708143968035,0.13510331695002203,0.7998284295605904,0.8264255487816486
