feature,standardized_coefficient,odds_ratio_per_sd
MCV,0.2988705342696811,1.3483350489906158
MCH,0.2839422402235637,1.3283562029796145
HBA2,0.0095979471812617,1.0096441551920068
HBF,-0.007145612053163202,0.9928798571322315
