feature,standardized_coefficient,odds_ratio_per_sd
MCV,0.2684181683112004,1.30789394548102
MCH,0.2556012701611464,1.291237770253974
HBA2,0.008069688378751789,1.0081023360738377
HBF,-0.010151200556599493,0.9899001489797393
