feature,standardized_coefficient,odds_ratio_per_sd
MCV,0.10274390970605518,1.108207571530793
MCH,0.10093192915100885,1.1062013391361856
HBA2,0.0016550287792176657,1.0016563990952143
HBF,-0.03126792885269894,0.9692158573922283
