feature,standardized_coefficient,odds_ratio_per_sd
MCV,0.1324931508481863,1.1416711965830595
MCH,0.12883988426771462,1.1375079766611167
HBA2,0.0025096993494105367,1.0025128512810715
HBF,-0.026939558372040512,0.97342007484034
