feature,standardized_coefficient,odds_ratio_per_sd
MCV,0.20325679874642807,1.2253871057191537
MCH,0.19491689446514893,1.2152099916168628
HBA2,0.005094427769881306,1.0051074264312387
HBF,-0.01751235824294372,0.9826400918850536
