feature,standardized_coefficient,odds_ratio_per_sd
MCV,0.22865780922386578,1.256911861767184
MCH,0.21858384475329104,1.244313341398689
HBA2,0.006204475909260885,1.0062237635391604
HBF,-0.014484911871628807,0.9856194897735808
