algorithm,penalty_multiplier,split,evaluation_mode,threshold_selected_on,n_patients,accuracy,balanced_accuracy,precision,recall_sensitivity,specificity,f1,log_loss,brier_score,tn,fp,fn,tp,threshold,roc_auc,average_precision,calibration_intercept,calibration_slope,patient_violation_rate,total_rule_patient_violations,violations_per_patient,active_rule_count,active_rule_weight,soft_rule_violation,unweighted_soft_rule_violation,mean_patient_soft_rule_violation,patients_with_active_rules,rule_bce_per_patient,active_rule_violation_rate,violation_LR01_neg,violation_LR02_pos,violation_LR03_neg,violation_LR04_neg,violation_LR05_neg,soft_violation_LR01,soft_violation_LR02,soft_violation_LR03,soft_violation_LR04,soft_violation_LR05
xgboost:control_reversed,0.0,validation,fixed_threshold_0.5,prespecified,2778,0.8639308855291576,0.5941082213731048,0.5695364238410596,0.21553884711779447,0.9726775956284153,0.31272727272727274,0.34098166820689346,0.10336912675655044,2314,65,313,86,0.5,0.7895953629344483,0.4112856354938421,-0.16055807277262055,0.9450566056771348,0.15010799136069114,459,0.1652267818574514,722,972.0,0.5699154554402365,0.5441732622282471,0.5464752137527653,629,0.36939971809568556,0.6357340720221607,11,1,53,8,386,0.8668706868602228,0.084804724391213,0.6280662797347889,0.583404961449824,0.6442589094364617
xgboost:control_reversed,0.0,test,fixed_threshold_0.5,prespecified,2778,0.8693304535637149,0.5962178460021428,0.6343283582089553,0.21303258145363407,0.9794031105506515,0.31894934333958724,0.32783613300787867,0.09776640131015564,2330,49,314,85,0.5,0.8027730107108881,0.4682172562859919,0.09362643509448579,1.0510456494183482,0.13462922966162708,403,0.14506839452843773,639,864.5,0.5857163222858828,0.5609378015684053,0.5647211176343592,566,0.35102987037414857,0.6306729264475743,9,0,36,15,343,0.7922094266636119,0.07587329210991299,0.6427528416533685,0.7219705071322714,0.6559312878666724
