algorithm,penalty_multiplier,split,evaluation_mode,threshold_selected_on,n_patients,accuracy,balanced_accuracy,precision,recall_sensitivity,specificity,f1,log_loss,brier_score,tn,fp,fn,tp,threshold,roc_auc,average_precision,calibration_intercept,calibration_slope,patient_violation_rate,total_rule_patient_violations,violations_per_patient,active_rule_count,active_rule_weight,soft_rule_violation,unweighted_soft_rule_violation,mean_patient_soft_rule_violation,patients_with_active_rules,rule_bce_per_patient,active_rule_violation_rate,violation_LR02_pos,violation_LR03_neg,violation_LR04_neg,violation_LR05_neg,soft_violation_LR02,soft_violation_LR03,soft_violation_LR04,soft_violation_LR05
lightgbm:leave_out_LR01,0.1,validation,baseline_common_threshold,lambda_0_validation,2778,0.7257019438444925,0.7272089429121353,0.30793650793650795,0.7293233082706767,0.725094577553594,0.4330357142857143,0.34544879190369704,0.10531367379471362,1725,654,108,291,0.1620460991482594,0.7878365522886662,0.40648126614078167,-0.38801697137355606,0.8705187599842099,0.017638588912886968,49,0.017638588912886968,711,961.0,0.49960941171986006,0.4773969790555399,0.4782407407596638,621,0.27726248891629035,0.06891701828410689,31,2,6,10,0.10669230281017425,0.5314869277893824,0.6060220266982568,0.5627815702171863
lightgbm:leave_out_LR01,0.1,test,baseline_common_threshold,lambda_0_validation,2778,0.7469402447804175,0.7270935851608846,0.3236658932714617,0.6992481203007519,0.7549390500210172,0.4425059476605868,0.32901031579219586,0.09808065698441851,1796,583,120,279,0.1620460991482594,0.8028894219575843,0.4723779263940827,-0.15774847100272532,0.9727771480399036,0.01583873290136789,44,0.01583873290136789,629,854.5,0.5156227058112332,0.49436081148001343,0.49692369404960834,561,0.2618627481179273,0.06995230524642289,24,6,6,8,0.10387064374895524,0.5478559175165271,0.6579455638503987,0.5749297192672744
