algorithm,penalty_multiplier,split,evaluation_mode,threshold_selected_on,n_patients,accuracy,balanced_accuracy,precision,recall_sensitivity,specificity,f1,log_loss,brier_score,tn,fp,fn,tp,threshold,roc_auc,average_precision,calibration_intercept,calibration_slope,patient_violation_rate,total_rule_patient_violations,violations_per_patient,active_rule_count,active_rule_weight,soft_rule_violation,unweighted_soft_rule_violation,mean_patient_soft_rule_violation,patients_with_active_rules,rule_bce_per_patient,active_rule_violation_rate,violation_LR02_pos,violation_LR03_neg,violation_LR04_neg,violation_LR05_neg,soft_violation_LR02,soft_violation_LR03,soft_violation_LR04,soft_violation_LR05
lightgbm:leave_out_LR01,0.1,validation,fixed_threshold_0.5,prespecified,2778,0.8563714902807775,0.6282841403635191,0.5,0.3082706766917293,0.9482976040353089,0.3813953488372093,0.34544879190369704,0.10531367379471362,2256,123,276,123,0.5,0.7878365522886662,0.40648126614078167,-0.38801697137355606,0.8705187599842099,0.11303095752339813,336,0.12095032397408208,711,961.0,0.49960941171986006,0.4773969790555399,0.4782407407596638,621,0.27726248891629035,0.47257383966244726,0,32,8,296,0.10669230281017425,0.5314869277893824,0.6060220266982568,0.5627815702171863
lightgbm:leave_out_LR01,0.1,test,fixed_threshold_0.5,prespecified,2778,0.8707703383729302,0.6366910340163144,0.5970873786407767,0.3082706766917293,0.9651113913408995,0.4066115702479339,0.32901031579219586,0.09808065698441851,2296,83,276,123,0.5,0.8028894219575843,0.4723779263940827,-0.15774847100272532,0.9727771480399036,0.1079913606911447,320,0.11519078473722102,629,854.5,0.5156227058112332,0.49436081148001343,0.49692369404960834,561,0.2618627481179273,0.5087440381558028,0,29,16,275,0.10387064374895524,0.5478559175165271,0.6579455638503987,0.5749297192672744
