restart,seed,best_epoch,best_validation_combined_loss
0,42,158,0.6223786473274231
1,43,290,0.6243930459022522
2,44,175,0.6226787567138672
