restart,seed,best_epoch,best_validation_combined_loss
0,42,161,0.5008658170700073
1,43,103,0.5020228028297424
2,44,160,0.5010636448860168
