restart,seed,best_epoch,best_validation_combined_loss
0,42,161,0.582027792930603
1,43,294,0.5837938785552979
2,44,263,0.5814071297645569
