restart,seed,best_epoch,best_validation_combined_loss
0,42,52,0.3407747149467468
1,43,53,0.3406524062156677
2,44,98,0.3409653306007385
