restart,seed,best_epoch,best_validation_combined_loss
0,42,197,0.5313113331794739
1,43,93,0.5357636213302612
2,44,161,0.5293078422546387
