restart,seed,best_epoch,best_validation_combined_loss
0,42,83,0.37344011664390564
1,43,53,0.37360745668411255
2,44,52,0.3738892078399658
