restart,seed,best_epoch,best_validation_combined_loss
0,42,102,0.4126301109790802
1,43,53,0.41326478123664856
2,44,57,0.4144198000431061
