restart,seed,best_epoch,best_validation_combined_loss
0,42,155,0.4610215723514557
1,43,164,0.46352019906044006
2,44,61,0.465376079082489
