feature,standardized_coefficient,odds_ratio_per_sd
MCV,0.0989994220188857,1.1040656614295963
MCH,0.09685284043333472,1.1016982362562278
HBA2,-0.013900142520364905,0.9861960183949139
HBF,-0.05211686765545743,0.9492179274867011
