feature,standardized_coefficient,odds_ratio_per_sd
MCV,0.11413341454780895,1.120901659496925
MCH,0.11049832844101429,1.1168344821958436
HBA2,-0.02669281145885678,0.9736602928743483
HBF,-0.07129731358963963,0.931184997013211
