feature,standardized_coefficient,odds_ratio_per_sd
MCV,0.08990590020372909,1.0940713269722087
MCH,0.08858528555336961,1.0926274339722442
HBA2,-0.006728757530010684,0.9932938298688333
HBF,-0.04309289857203607,0.9578224056000854
