feature,standardized_coefficient,odds_ratio_per_sd
MCV,0.10702286003130329,1.112959696482023
MCH,0.10410570128936047,1.1097177473132116
HBA2,-0.020532158530957578,0.9796771909886607
HBF,-0.06158153221637291,0.940276279805004
