algorithm,penalty_multiplier,split,evaluation_mode,threshold_selected_on,n_patients,accuracy,balanced_accuracy,precision,recall_sensitivity,specificity,f1,log_loss,brier_score,tn,fp,fn,tp,threshold,roc_auc,average_precision,calibration_intercept,calibration_slope,patient_violation_rate,total_rule_patient_violations,violations_per_patient,active_rule_count,active_rule_weight,soft_rule_violation,unweighted_soft_rule_violation,mean_patient_soft_rule_violation,patients_with_active_rules,rule_bce_per_patient,active_rule_violation_rate,violation_LR01_neg,violation_LR02_pos,violation_LR03_neg,violation_LR04_neg,soft_violation_LR01,soft_violation_LR02,soft_violation_LR03,soft_violation_LR04
logistic:leave_out_LR05,0.0,validation,fixed_threshold_0.5,prespecified,2778,0.8563714902807775,0.5,0.0,0.0,1.0,0.0,0.395825257538041,0.11894896582947341,2379,0,399,0,0.5,0.7593610971522965,0.3346097344662093,8.177543611673554,5.715480851711968,0.03275737940964723,92,0.03311735061195104,222,222.0,0.4204454188629857,0.4204454188629857,0.4153428618487309,212,0.06510699680245871,0.4144144144144144,11,0,66,15,0.8570532092542398,0.13614523400534911,0.7996402922478146,0.8957438651156685
logistic:leave_out_LR05,0.0,test,fixed_threshold_0.5,prespecified,2778,0.8563714902807775,0.5,0.0,0.0,1.0,0.0,0.39548763288073996,0.1188529424855129,2379,0,399,0,0.5,0.7686992807786595,0.3669462263354828,9.342020050892833,6.359396371430544,0.02771778257739381,80,0.028797696184305256,188,188.0,0.42886353351476125,0.42886353351476125,0.4205023646833645,178,0.05704403080533458,0.425531914893617,10,0,51,19,0.8279708143968035,0.13510331695002203,0.7998284295605904,0.8928541062428719
