algorithm,penalty_multiplier,split,evaluation_mode,threshold_selected_on,n_patients,accuracy,balanced_accuracy,precision,recall_sensitivity,specificity,f1,log_loss,brier_score,tn,fp,fn,tp,threshold,roc_auc,average_precision,calibration_intercept,calibration_slope,patient_violation_rate,total_rule_patient_violations,violations_per_patient,active_rule_count,active_rule_weight,soft_rule_violation,unweighted_soft_rule_violation,mean_patient_soft_rule_violation,patients_with_active_rules,rule_bce_per_patient,active_rule_violation_rate,violation_LR01_neg,violation_LR02_pos,violation_LR03_neg,violation_LR04_neg,violation_LR05_neg,soft_violation_LR01,soft_violation_LR02,soft_violation_LR03,soft_violation_LR04,soft_violation_LR05
LightGBM,0.1,validation,per_lambda_validation_optimized_threshold,same_lambda_validation,2222,0.725922592259226,0.7369217388153007,0.3116883116883117,0.7523510971786834,0.721492380451918,0.44077134986225897,0.3347077881498065,0.10140280834169069,1373,530,79,240,0.13519972985704598,0.8013324943127251,0.4173940637467785,-0.21316405765132423,0.9138084334241938,0.01845184518451845,41,0.01845184518451845,540,720.0,0.5069215102985236,0.48420252508615047,0.4887444046774448,471,0.27327109691809554,0.07592592592592592,3,28,1,8,1,0.8660527675202727,0.09631826277852631,0.5093566397259613,0.7358094005104039,0.575078465935643
LightGBM,0.1,test,per_lambda_validation_optimized_threshold,same_lambda_validation,2778,0.7037437005039597,0.7312994112699748,0.2964388835418672,0.77,0.6925988225399495,0.42807505211952745,0.32856829826623957,0.09747081575081801,1647,731,92,308,0.13519972985704598,0.802467409587889,0.4981816663685316,-0.2302212185801905,0.9663820602684087,0.02087832973362131,58,0.02087832973362131,700,947.5,0.5156246867073978,0.4977521203224792,0.5011020998061025,613,0.29191338414921725,0.08285714285714285,12,36,3,5,2,0.8538521069676188,0.1052716382553462,0.5436011959127666,0.6733948586021872,0.5661733593112083
