algorithm,penalty_multiplier,split,evaluation_mode,threshold_selected_on,n_patients,accuracy,balanced_accuracy,precision,recall_sensitivity,specificity,f1,log_loss,brier_score,tn,fp,fn,tp,threshold,roc_auc,average_precision,calibration_intercept,calibration_slope,patient_violation_rate,total_rule_patient_violations,violations_per_patient,active_rule_count,active_rule_weight,soft_rule_violation,unweighted_soft_rule_violation,mean_patient_soft_rule_violation,patients_with_active_rules,rule_bce_per_patient,active_rule_violation_rate,violation_LR01_neg,violation_LR02_pos,violation_LR03_neg,violation_LR04_neg,violation_LR05_neg,soft_violation_LR01,soft_violation_LR02,soft_violation_LR03,soft_violation_LR04,soft_violation_LR05
Neural Network (MLP),0.1,validation,fixed_threshold_0.5,prespecified,2222,0.8573357335733574,0.6062025477014514,0.50625,0.25391849529780564,0.9584866001050972,0.33820459290187893,0.3400282621769817,0.10284123632533146,1824,79,238,81,0.5,0.7902116275736875,0.41691723229017674,-0.22692702833524603,0.931070155429663,0.11926192619261926,290,0.13051305130513052,535,722.0,0.5187067433199325,0.49591309641867976,0.4971208556460368,469,0.2770175060256036,0.5420560747663551,6,0,28,8,248,0.7708931162598588,0.11159009364123146,0.5342074106588508,0.686759515106678,0.5839185138662976
Neural Network (MLP),0.1,test,fixed_threshold_0.5,prespecified,2777,0.863521786100108,0.6230926348672354,0.5480769230769231,0.2857142857142857,0.960470984020185,0.3756177924217463,0.3353401367502928,0.10153176839512942,2284,94,285,114,0.5,0.8006807388530199,0.42389899275023984,-0.16876889139742937,0.9584342292289595,0.12027367662945625,357,0.12855599567879006,694,922.5,0.5185196288650168,0.49585711607113697,0.4993830878625252,602,0.29135030679348056,0.5144092219020173,9,0,35,21,292,0.7869108993973997,0.11194892582565052,0.555890739785247,0.734943116058906,0.587350192886691
