feature,standardized_coefficient,odds_ratio_per_sd
MCV,0.2931010498861113,1.3405782488669078
MCH,0.2748877280195642,1.3163828736585723
HBA2,-0.008197440978373194,0.9918360664201056
HBF,-0.07941123330795584,0.9236600065730697
