feature,standardized_coefficient,odds_ratio_per_sd
MCV,0.17707633084893032,1.1937222074791605
MCH,0.1689653306646357,1.1840790869773874
HBA2,-0.007087227426749846,0.9929378277440433
HBF,-0.03358639420873668,0.9669713668964675
