feature,standardized_coefficient,odds_ratio_per_sd
MCV,0.08134617619047989,1.0847463449346946
MCH,0.07947137658893444,1.0827145681017514
HBA2,-0.0022037736179657138,0.9977986529082817
HBF,-0.03075772650823922,0.9697104797629745
