feature,standardized_coefficient,odds_ratio_per_sd
MCV,0.23073630079207397,1.2595270593654277
MCH,0.21824199744142456,1.2438880489244986
HBA2,-0.008341112786728538,0.9916935777748966
HBF,-0.0467114047046906,0.9543627824601073
