feature,standardized_coefficient,odds_ratio_per_sd
MCV,0.26667079898517193,1.3056105672525125
MCH,0.25087770295054174,1.2851529043117649
HBA2,-0.008482775056493056,0.9915531021620402
HBF,-0.06273964828260328,0.9391879610600191
