feature,standardized_coefficient,odds_ratio_per_sd
MCV,0.2070163069359554,1.230002629191314
MCH,0.1965333992202664,1.2171759729277396
HBA2,-0.00793604438129051,0.9920953628808614
HBF,-0.03952958008475193,0.9612415199644322
