algorithm,penalty_multiplier,split,evaluation_mode,threshold_selected_on,n_patients,accuracy,balanced_accuracy,precision,recall_sensitivity,specificity,f1,log_loss,brier_score,tn,fp,fn,tp,threshold,roc_auc,average_precision,calibration_intercept,calibration_slope,patient_violation_rate,total_rule_patient_violations,violations_per_patient,active_rule_count,active_rule_weight,soft_rule_violation,unweighted_soft_rule_violation,mean_patient_soft_rule_violation,patients_with_active_rules,rule_bce_per_patient,active_rule_violation_rate,violation_LR01_neg,violation_LR02_pos,violation_LR03_neg,violation_LR04_neg,violation_LR05_neg,soft_violation_LR01,soft_violation_LR02,soft_violation_LR03,soft_violation_LR04,soft_violation_LR05
Logistic Regression,0.0,validation,baseline_common_threshold,lambda_0_validation,2222,0.7371737173717372,0.7108739377027198,0.30935251798561153,0.6739811912225705,0.7477666841828692,0.4240631163708087,0.397002778099298,0.11926947762576982,1423,480,104,215,0.14933944289525958,0.753708465597135,0.3142424830710453,7.822472946160727,5.480504666640776,0.025652565256525654,57,0.025652565256525654,552,739.0,0.7268530987808804,0.6933941474216491,0.7046268954321728,485,0.5075189205450912,0.10326086956521739,8,21,0,19,9,0.854623931094454,0.13835991874759138,0.7995093258773738,0.8940300643739956,0.8256196289963658
Logistic Regression,0.0,test,baseline_common_threshold,lambda_0_validation,2777,0.7410875045012604,0.7153349100252735,0.314385150812065,0.6791979949874687,0.7514718250630782,0.42981760507533706,0.3952443453193717,0.11880629470221851,1787,591,128,271,0.14933944289525958,0.7678247342494164,0.37642954358715003,9.982404289888564,6.732197732633206,0.017284839755131436,48,0.017284839755131436,639,877.0,0.7412037976160921,0.7092507915450192,0.7203799734857317,573,0.49181583806910273,0.07511737089201878,4,29,0,10,5,0.8488165298451935,0.13901088225395034,0.7986068823155202,0.8919949852904987,0.8269935912270823
