algorithm,penalty_multiplier,split,evaluation_mode,threshold_selected_on,n_patients,accuracy,balanced_accuracy,precision,recall_sensitivity,specificity,f1,log_loss,brier_score,tn,fp,fn,tp,threshold,roc_auc,average_precision,calibration_intercept,calibration_slope,patient_violation_rate,total_rule_patient_violations,violations_per_patient,active_rule_count,active_rule_weight,soft_rule_violation,unweighted_soft_rule_violation,mean_patient_soft_rule_violation,patients_with_active_rules,rule_bce_per_patient,active_rule_violation_rate,violation_LR01_neg,violation_LR02_pos,violation_LR03_neg,violation_LR04_neg,violation_LR05_neg,soft_violation_LR01,soft_violation_LR02,soft_violation_LR03,soft_violation_LR04,soft_violation_LR05
Logistic Regression,0.0,validation,fixed_threshold_0.5,prespecified,2222,0.8564356435643564,0.5,0.0,0.0,1.0,0.0,0.397002778099298,0.11926947762576982,1903,0,319,0,0.5,0.753708465597135,0.3142424830710453,7.822472946160727,5.480504666640776,0.1854185418541854,445,0.20027002700270027,552,739.0,0.7268530987808804,0.6933941474216491,0.7046268954321728,485,0.5075189205450912,0.8061594202898551,11,0,41,19,374,0.854623931094454,0.13835991874759138,0.7995093258773738,0.8940300643739956,0.8256196289963658
Logistic Regression,0.0,test,fixed_threshold_0.5,prespecified,2777,0.85631976953547,0.5,0.0,0.0,1.0,0.0,0.3952443453193717,0.11880629470221851,2378,0,399,0,0.5,0.7678247342494164,0.37642954358715003,9.982404289888564,6.732197732633206,0.17897011163125676,530,0.19085343896290963,639,877.0,0.7412037976160921,0.7092507915450192,0.7203799734857317,573,0.49181583806910273,0.8294209702660407,7,0,37,10,476,0.8488165298451935,0.13901088225395034,0.7986068823155202,0.8919949852904987,0.8269935912270823
