algorithm,penalty_multiplier,split,evaluation_mode,threshold_selected_on,n_patients,accuracy,balanced_accuracy,precision,recall_sensitivity,specificity,f1,log_loss,brier_score,tn,fp,fn,tp,threshold,roc_auc,average_precision,calibration_intercept,calibration_slope,patient_violation_rate,total_rule_patient_violations,violations_per_patient,active_rule_count,active_rule_weight,soft_rule_violation,unweighted_soft_rule_violation,mean_patient_soft_rule_violation,patients_with_active_rules,rule_bce_per_patient,active_rule_violation_rate,violation_LR01_neg,violation_LR02_pos,violation_LR03_neg,violation_LR04_neg,violation_LR05_neg,soft_violation_LR01,soft_violation_LR02,soft_violation_LR03,soft_violation_LR04,soft_violation_LR05
LightGBM,0.1,validation,fixed_threshold_0.5,prespecified,2222,0.8667866786678667,0.6195480819758277,0.5761589403973509,0.2727272727272727,0.9663688912243825,0.3702127659574468,0.32846864216532773,0.09861631516279577,1839,64,232,87,0.5,0.8072182678068123,0.4722560046758422,-0.17424447394337503,0.9766999560448251,0.11836183618361837,290,0.13051305130513052,509,685.0,0.5261146364829434,0.5089790302643148,0.5125686863790176,437,0.2647396387954715,0.5697445972495089,11,3,34,8,234,0.8055762824942806,0.14041589028608897,0.5290266778477946,0.6231126211328785,0.575671588558409
LightGBM,0.1,test,fixed_threshold_0.5,prespecified,2778,0.8689704823614111,0.63857653490328,0.5833333333333334,0.315,0.9621530698065601,0.4090909090909091,0.334411336619943,0.10030223204537692,2288,90,274,126,0.5,0.7981207947855341,0.46565050562986987,-0.23856368169156292,0.9424411407176251,0.119150467962563,359,0.12922966162706984,693,932.5,0.5143494679023116,0.49536322209659756,0.4966561615892538,604,0.2844013017052888,0.5180375180375181,14,2,36,8,299,0.865945799257108,0.12353517210760458,0.5611395371469967,0.6511875550527969,0.5692867052441063
