algorithm,penalty_multiplier,split,evaluation_mode,threshold_selected_on,n_patients,accuracy,balanced_accuracy,precision,recall_sensitivity,specificity,f1,log_loss,brier_score,tn,fp,fn,tp,threshold,roc_auc,average_precision,calibration_intercept,calibration_slope,patient_violation_rate,total_rule_patient_violations,violations_per_patient,active_rule_count,active_rule_weight,soft_rule_violation,unweighted_soft_rule_violation,mean_patient_soft_rule_violation,patients_with_active_rules,rule_bce_per_patient,active_rule_violation_rate,violation_LR01_neg,violation_LR02_pos,violation_LR03_neg,violation_LR04_neg,violation_LR05_neg,soft_violation_LR01,soft_violation_LR02,soft_violation_LR03,soft_violation_LR04,soft_violation_LR05
Neural Network (MLP),0.1,validation,fixed_threshold_0.5,prespecified,2222,0.8645364536453646,0.6208436769529055,0.55625,0.27899686520376177,0.9626904887020494,0.37160751565762007,0.3283090650674797,0.09893500818997548,1832,71,230,89,0.5,0.8090657055268285,0.4644365242275831,-0.15103274574012437,0.9945112774571326,0.11926192619261926,294,0.1323132313231323,509,685.0,0.5321581300647155,0.5144454139384205,0.5181465799625246,437,0.2718535863581494,0.5776031434184676,11,0,35,10,238,0.8358358442218918,0.11533552611773275,0.5389036696537265,0.7288365949961272,0.5833841102254209
Neural Network (MLP),0.1,test,fixed_threshold_0.5,prespecified,2778,0.8671706263498921,0.6292073170731707,0.5756097560975609,0.295,0.9634146341463414,0.39008264462809916,0.33459218307775385,0.10039253207275636,2291,87,282,118,0.5,0.7993676408746846,0.44351576891991473,-0.21651449774585677,0.961322150475,0.12706983441324693,387,0.13930885529157666,693,932.5,0.5220929593819928,0.5021798478429594,0.5023531779014244,604,0.2927747707852246,0.5584415584415584,14,0,42,9,322,0.8620201990422275,0.1075465135798647,0.5836742470254663,0.6869368044038614,0.5797121088456677
